code	name	brand	quantity	categories
90162602	Redbull	Red Bull	1	sodas energy-drinks sweetened-beverages carbonated-sodas
54491496	Diet coke	The Coca-Cola Company	500 ml	diet-beverages unsweetened-beverages colas diet-sodas
8901499010216	Corn Flakes	Kellogg's	1.2 KG	cereals-and-their-products breakfast-cereals flakes cereal-flakes
3168930007432	Chips barbecue	Lay's	130 g	cereals-and-potatoes salty-snacks sweet-snacks appetizers
8902080364565	Mountain Dew	MEWATI 🔔	1.25 l	beverages carbonated-drinks sodas sweetened-beverages
8901047816208	Dal makhani	Kohinoor	300g	microwave-meals curry-sauces dal-makhani pre-cooked-dal-microwave-pouch
0051111407592	Birthday Cake Protein Oats	Freaking Protein Oats		dietary-supplements bodybuilding-supplements protein-bars
8901491101837	Lays Classics Salted 20rs	Lay's	50g	salty-snacks appetizers chips-and-fries crisps
8715700033235	Ketchup P'tits Heinz	Heinz	280 ml - 310 g	sauces tomato-sauces ketchup groceries
8901764032271	Sprite 750ml	coca cola	5	carbonated-drinks sodas sweetened-beverages sprite
8901719125478	Parle-G gold 75g	Parle	50 g	biscuits dry-biscuits plain-biscuit gluco-biscuit
6009510806151	classic salted chips	Lay's	48 g	salty-snacks appetizers chips-and-fries crisps
8901491502030	Lay's American Style Cream & Onion Flavour	Lay's	11g(8.6 +2.4 extra)	salty-snacks appetizers chips-and-fries crisps
0073935942400	Manner - Chocolate Cream Filled Wafers, 2.5oz (72g)	Manner	2	biscuits-and-cakes biscuits-and-crackers biscuits wafers
8906002001156	Peanut butter creamy	Dr.Oetker FunFood	925 g	nuts-and-their-products plant-based-spreads oilseed-purees legume-butters
3948764032271	Sprite	Coca Cola	750 ml	carbonated-drinks artificially-sweetened-beverages sodas sweetened-beverages
8906066200564	Keya Mixed Herbs	Keya	20 g	aromatic-plants herbs mixtures-of-herbs-and-spices groceries
8906017290026	Bisleri Water 250ml	Bisleri	250 ml	beverages-and-beverages-preparations beverages waters
8901030922787	Mixed Fruit Jam	Kissan	90g	plant-based-spreads sweet-spreads fruit-and-vegetable-preserves jams
8904043901015	Tata salt	Tata	1kg	condiments salts table-salts groceries
8901491103800	Oats	Quaker	1kg	cereals-and-their-products breakfast-cereals flakes cereal-flakes
8901491380010	Solid Masti Masala	Kurkure	10rs	fried-snacks
8901233030548	Cadbury Dairy Milk	Mondelez	13.2 g	cocoa-and-its-products confectioneries chocolates milk-chocolates
8901058901511	2-minute noodles	Maggi		pastas dried-products-to-be-rehydrated noodles instant-noodles
8901764092206	Maaza Original 600ml	Maaza	24	beverages-and-beverages-preparations beverages sweetened-beverages
8901764042270	Thumbs Up 750ml	Coca Cola Company	24	beverages carbonated-drinks sodas sweetened-beverages
5410942104158	Passendale classic	Passendale	190g (5*38g)	cheeses cow-cheeses belgian-cheeses abbaye-cheeses
8902080000227	Sting	Sting	1	beverages energy-drinks energy-drink-with-sugar
8901063093522	Good Day - Cashew Cookies	Britannia	India	cooking-helpers dessert-mixes pastry-helpers variety-packs
9501101530003	Sugar cookie	CMB	300g	sustenance-bar
0012345678912	foo	bar		
8902080104055	Pepsi Drink 750ml	The Coca-Cola Company	11	beverages carbonated-drinks sodas colas
8901491101813	Lays 20rs	PepsiCo	55 g	salty-snacks appetizers chips-and-fries crisps
8901030824128	Horlicks	Hindustan Uniliver	20 g	beverages instant-beverages
8901030824227	Boost	Unilever	17g	cereals-and-potatoes cereals-and-their-products flours cereal-flours
8901764032905	Sprite	Sprite	2.25l	beverages carbonated-drinks sodas
8901491001076	American Style Cream and onion chips	Lay's	73g	salty-snacks appetizers chips-and-fries crisps
8901764012273	Coca Cola Coke Brand 750ml	Coca-Cola	5	carbonated-drinks sodas colas sweetened-beverages
8901719128462	Parle-G	Parle	100g	biscuits-and-cakes biscuits dry-biscuits plain-biscuit
8902080001286	Pepsi black	Pepsi	500ml	diet-beverages colas diet-sodas diet-cola-soft-drink
7622201149406	Cadbury Dairy Milk Chocolate	Cadbury	24g	cocoa-and-its-products confectioneries chocolates milk-chocolates
8901491367219	kurkure	kurkure	25g	kurkure
8901764032912	Sprite	sprite	250 ml	carbonated-drinks waters sodas carbonated-waters
3154230805458	Tarte en or	Herta		
8901246005373	TOMATO KETCHUP CLASSIC BLEND	Del Monte	950 g	condiments sauces tomato-sauces ketchup
8902080364053	Mountain Dew 750 ml	Pepsico	3	beverages-and-beverages-preparations beverages sweetened-beverages
8901764042911	Thums up	Thums up	250 ml	sodas carbonated-waters colas sweetened-beverages
3948764042270	Thumbs Up 750ml pet	Thumps up	750ml	beverages carbonated-drinks sodas
7622201428501	Oreo	Oreo		sweet-snacks biscuits-and-cakes biscuits filled-biscuits
8901262260121	Toned Milk	Amul taaza	500 ml	milks pasteurised-milks whole-milks whole-pasteurised-milks
8906002482481	Snickers	Mars	22g	confectioneries bars chocolate-candies bars-covered-with-chocolate
8901491100519	Kurkure Masala Munch 20rs	Kurkure	78gm	snacks salty-snacks
8902080364022	Mountain Dew	PepsiCo	250 ml	sodas carbonated-waters energy-drinks sweetened-beverages
8996001312506	Malkist Cheese Flavoured Crunchy Layered Cracker Biscuits	Mayora	144g	biscuits-and-cakes biscuits crackers cream-biscuit
8902579000370	Frooti mango drink	parle Agro	150ml	beverages plant-based-beverages fruit-based-beverages sweetened-beverages
8902579001360	Frooti mango drink	frooti mango drink	75	beverage-preparations instant-beverages fruit-juice-concentrates frooti-mango-drink
8901030831690	Mixed fruit jam	kissan		plant-based-spreads sweet-spreads fruit-and-vegetable-preserves jams
3599741005421	Frites croustillant bistro express	Findus	130g	frozen-foods frozen-fried-potatoes frozen-microwave-fries
4000417224002	Ritter Sport Noir Noisettes Entières	Ritter Sport	100 g	chocolates dark-chocolates chocolates-with-hazelnuts dark-chocolates-with-hazelnuts
8901491001052	Lays salted Chips 30	Lay's	73g	salty-snacks appetizers chips-and-fries crisps
8904246910012	Amla pickle	Priya	300g	plant-based-foods pickles amla-pickle indian-gooseberry
8901764042904	Thumsup	Coca-Cola	1 litter	desserts dairy-desserts carbonated-drinks fermented-dairy-desserts
8901063017702	50 50 Gol Maal	Britannia		confectioneries bars biscuits-and-cakes biscuits
3564706633872	Torti surimi	Menu Fraîcheur	500g	
8901764082405	Kinley Mineral Water 1ltr	Kinley	6	beverages waters
8901063139374	BOURBON	Britannia	60g	snacks sweet-snacks biscuits-and-cakes biscuits
8901063139336	Britannia bourbon 100g	Britannia	100g	snacks sweet-snacks biscuits-and-cakes biscuits
8904063220431	Taka tak	Haldiram's		biscuits-and-crackers crackers puffed-salty-snacks chips
5411788046442	Tamari soya sauce	Lima	1 l	sauces soy-sauces tamaris groceries
19010588	Chicken noodles	Maggi	71 G	pastas dried-products-to-be-rehydrated noodles instant-noodles
8901063092686	Good Day Butter Cookies (25)	Britannia	60g	snacks sweet-snacks biscuits-and-cakes biscuits
8901058901559	Maggi 2-Minute Noodles	Nestlé	280 g	pastas dried-products-to-be-rehydrated noodles instant-noodles
8906002482054	Snikers value pack of 3 45g each		45g	
8906065450069	Choco Fillo	Gone Mad	24 g	mini-wafer-filled-with-choco-cream
8901063019188	Little Hearts	Brotannica		
8901262010320	Amul	AMUL	200gm	animal-fats dairy-spreads milkfat butters
8901491981538	Lay’s Chile Limon	Lay’s	10rs	snacks
8901491001120	Lays american style cream and onion	Lays	190g	salty-snacks appetizers chips-and-fries crisps
8901764111259	Coca cola zero sugar 300ml	Coca-Cola	16	sodas diet-beverages colas diet-sodas
8901030807176	Classic Malt	Horlicks	500 g	beverages beverage-preparations instant-beverages malt-based-beverages
8904004403718	Moong Dal	Haldiram's	18	legumes salty-snacks seeds appetizers
8902080404117	slice		1.2kg	
8906010500900	wheels	Balaji	22 g	snacks salty-snacks appetizers namkeen
8901014004935	spiced chunky chicken	cup noodles	1 70g	meats dried-products pastas poultries
8901058851304	Maggi Masala Noodles	Nestle	70g	dried-products pastas dried-products-to-be-rehydrated noodles
8901491103794	Quaker oats	Quaker	400g	cereals-and-their-products breakfast-cereals flakes cereal-flakes
8901764092305	Maaza Original 1.2ltr	HINDUSTAN COCA-COLA BEVERAGES 	12	beverages-and-beverages-preparations beverages sweetened-beverages
8901063142015	Nutri Choice	Britannia Digestive	100 g	snacks sweet-snacks biscuits-and-cakes biscuits
3948764012273	Coca cola Soft Drink 750ml	Coca cola	750ml	sodas colas cola-with-sugar-and-artificial-sweetener sweetened-beverages
8901058902839	Veg Atta Masala Noodles	Maggi	290 g	pastas dried-products-to-be-rehydrated noodles instant-noodles
8908004415177	MARCO CRUNCHY PEANUT BUTTER	Marco	410 g	nuts-and-their-products plant-based-spreads oilseed-purees legume-butters
8902080304059	7up Super Duper 750ml	PepsiCo	16	beverages carbonated-drinks sodas drinking
8480024754288	Barritas de platano y chocolate	Alteza		snacks sweet-snacks bars cereal-bars
8901058903164	KitKat	Nestlé	38.5 g	bars chocolate-candies bars-covered-with-chocolate chocolate-biscuity-bars
89009802	Munch	nestle	8.9g	appetizers cocoa-and-its-products chocolates crackers
3948764042911	thumsup	thumsup	250ml	
8901764022272	Fanta Orange Flv 750ml	The Coca-cola company	24	carbonated-drinks sodas sweetened-beverages fanta
8901719121746	Parle G	PARLE	55g	
9556995120946	Butter Cookies	Sapphire	400 g	snacks sweet-snacks biscuits-and-cakes biscuits
8901764042300	Thums Up (Coca-Cola)	Coca-Cola		carbonated-drinks sodas colas sweetened-beverages
8901512881205	Sundrop Peanut Butter Regular	Sundrop		plant-based-spreads oilseed-purees legume-butters peanut-butters
8901233013091	Cadbury Oreo Small Pack	cadbury	50 g	i
8901542001765	Glucon-D	Zydus Wellness Products Limite	1kg	food-additives sugar-substitutes natural-sugar-substitutes glucose
8901071706834	HERSHEY’S CHOCOLATE SYRUP	Hershey's	623 g	syrups
8901262150064	Amul Taaza	Amul	1L	dairies milks whole-milks toned-milk
8902579103187	Frooti Mango Drink 1.2ltr		15	
8901058901832	Masala Veg Atta Noodles	Nestle	72.5g	pastas dried-products-to-be-rehydrated noodles instant-noodles
8901207036989	Chyawanprash	Dabur	550 g	sweeteners dietary-supplements
8902050000028	LaxmiNarayan Patal Poha Chiwda (Indian snack)	LaxmiNarayan	250 g	snacks
8901042968711	Hing - compounded asafoetida powder	MTR	50g	plant-based-foods condiments spices asafoetida
8906021129961	lemon pickle	aachi	1kg	plant-based-foods pickles plant-based-pickles lime-pickle
8901233025612	Dairy Milk Chocolate	Cadbury		snacks sweet-snacks cocoa-and-its-products chocolates
8901764011252	Coca cola Original Taste 300ml can	Coca-Cola	300 ml	carbonated-drinks waters carbonated-waters carbonated-soft
8901719124143	ParleG gold 75 g	Parle		snacks sweet-snacks biscuits-and-cakes biscuits
8902080002085	Tropicana Orange Delight	Tropicana	180ml	juices-and-nectars fruit-juices fruit-juices-from-concentrate orange-juices
89008294	Munch	nestle	10.4g	approximate-values
8906017290033	Bisleri	BISLERI	500ml	beverages-and-beverages-preparations beverages waters
7622201756789	Oreo Strawberry Biscuit	Oreo	43.75	biscuits-and-cakes biscuits filled-biscuits chocolate-sandwich-cookies
7622201756741	Sandwich Biscuit	Oreo		snacks sweet-snacks biscuits-and-cakes biscuits
8901786090501	Chhole Masala	Everest	50g	masala-powder
8901725116729	Sunfeast Yippee! noodles Magic Masala	ITC	405 g	pastas dried-products-to-be-rehydrated noodles dried-meals
8901725001308	Bingo Potato Chips Cream & Onion	ITC	52.0 g	salty-snacks appetizers chips-and-fries crisps
8886467122408	Potato chips	Pringles	25 g	salty-snacks appetizers chips-and-fries crisps
8901764042805	Thums Up	Coca-Cola	1.25 l	carbonated-drinks sodas colas sweetened-beverages
8901491366052	Puffcorn			biscuits-and-crackers crisps crackers corn-chips
8901063023901	Marie Gold	Britannia	1 Packet	biscuits-and-cakes biscuits-and-crackers biscuits snack-biscuit-with-fruits-filling
8901063035102	milk bikis	Britannia	100 g	sweet-snacks biscuits-and-cakes biscuits-and-crackers biscuits
8901499010513	Muesli	Kellogg's	750 g	cereals-and-their-products breakfast-cereals cereals-with-fruits mueslis
3948764092206	Maaza			beverages-and-beverages-preparations beverages sweetened-beverages
0786162002969	XXX	VitaminWater		beverages waters artificially-sweetened-beverages vitamin-waters
8906002001118	Pasta & pizza sauce	Dr. Oetker	325g	
89006733	Nescafe Classic Pure Coffee	Nestle	25 g	plant-based-foods coffees coffee-beans roasted-coffee-beans
8904132918351	Get real Coconut Oil	Get Real	250ml	vegetable-fats vegetable-oils fruit-and-fruit-seed-oils coconut-oils
8901088000345	Coconut oil	Parachute	200ml(182g)	vegetable-fats vegetable-oils fruit-and-fruit-seed-oils coconut-oils
8901499009289	Cornflakes Almond Honey	Kellogg's	1 kg	cereals-and-their-products breakfast-cereals flakes cereal-flakes
8901725118938	Tedhe Medhe - Bingo			chips-and-fries crisps crackers plain-salty-snacks
8901063162426	Marie gold	Britannia	73 g	snacks sweet-snacks biscuits-and-cakes biscuits
8901491502023	Lay's - India's Magic Masala	PepsiCo	11g	salty-snacks appetizers chips-and-fries crisps
8901725121129	Aashirvaad Shudh Chakki Atta	ITC	5 kg	cereals-and-their-products flours cereal-flours cereal-grains
5449000043382	Coke	Coca-Cola	355 ml	beverages carbonated-drinks
8901725192327	Potato chips			salty-snacks appetizers chips-and-fries crisps
8904327600351	Chocolate Peanut butter smooth			
8901571006854	Eno, fruit salt lemon flavour	ENO	5 g	non-food-products open-beauty-facts
8902080000425	Nimbooz	7up	250ml	beverages-and-beverages-preparations beverages
3948764032912	Sprite		250	beverages carbonated-drinks sodas
8901725101381	Dark Fantasy Choco Fills	Sunfeast	10	snacks sweet-snacks biscuits-and-cakes biscuits
8901030865237	Tomato Ketchup	kissan	weight: 1.2 kg	
8904063204325	Haldiram's Bhujia	Haldiram	460 g	salty-snacks appetizers chips-and-fries crisps
8901063092334	BRITANNIA	GOOD DAY	38g	
8901595863280	Schezwan Chutney	Ching's Secret	600 g	fruits-based-foods plant-based-spreads chutneys fruit-chutneys
8901764061257	Diet Coke Can 250ml	Coke	4	diet-beverages colas diet-sodas diet-cola-soft-drink
8901071211307	Hershey's syrup	Hershey's	200g	chocolate-syrup
8901262090315	Dairy Whitener	Amulya	1kg	
8904083300656	Cooking Butter Unsalted Pasteurised	Milky Mist	100g	animal-fats dairy-spreads milkfat butters
8901262010016	Amul Pasteurized Butter	Amul	100.0 g	animal-fats dairy-spreads milkfat butters
8902579002046	Appy fizz	Parle Agro	600ml	
8901491503020	masala	Lay's	30g10rs	salty-snacks appetizers chips-and-fries crisps
89002940	Coconut oil	Parachute	100ml	vegetable-oils fruit-and-fruit-seed-oils coconut-oils oil
8904004400731	Aloo bhujia	Haldiram's	200 gm	snacks namkeen
8901491503013	Yellow Salted Lays	Lays		salty-snacks appetizers chips-and-fries crisps
8901063017627	Brit 50-50 maska chaska 40g (20)	Britannia		snacks sweet-snacks biscuits-and-cakes biscuits
8901063019027	Little Hearts Classic	Britannia	75g	sweet-snacks biscuits-and-cakes biscuits sugar-coated-biscuit
8901063093287	Good Day Cashew Cookies	Britannia	200 g	snacks sweet-snacks biscuits-and-cakes biscuits
8906004561818	RINGS			snacks sweet-snacks confectioneries abcdef
8901719105913	Hide & Seek	PARLE	120g	sweet-snacks biscuits-and-cakes biscuits chocolate-biscuits
8809111630258	Peace Juice Drink With Real Fruit Pulp	T'Best	238ml	beverages plant-based-beverages fruit-based-beverages peach-juice-drink
8906001387114	Multi Grain High Fibre Bread	English Oven	400g	cereals-and-potatoes breads sliced-breads multigrain-sliced-breads
7610827760259	Cantucci Toscani - Fine food	Fine Food	250 g e	biscuits dry-biscuits almond-cookies cantucci
8901719123894	Parle -G (800g)	Parle		snacks sweet-snacks biscuits-and-cakes biscuits
8901725132873	dark fantasy	Sunfeast	20	sweet-snacks biscuits-and-cakes biscuits chocolate-biscuits
8901058001846	Kitkkat	Nestlé		
8902080002528	Sting Blue Current	PepsiCo	250 ml	beverages carbonated-drinks sodas
0077855496555	nutella	nutella	825 g	
8906010500269	Poprings Masala flavour	Balaji	22 g	snacks sweet-snacks
3088545004445	Lune De Miel Honey100	Lune de Miel		
3533631197001	PACK 4X50CL LAIT CROISSANCE CANDIA	Candia		
0671860013624	Pura keto			non-food-products open-products-facts
8904004400069	Halirams Bhujiya sev	haldirams	1 kg	snacks
8901030667756	Fresh Tomato Ketchup	Kissan	950 g	tomato-sauces ketchup tomato-ketchup groceries
8901648094746	Mother Dairy pure ghee 1 ltr	Mother Dairy	1 ltr	animal-fats dairy-spreads milkfat butters
8901207900631	Chyawanprash	Dabur	575g	dietary-supplements immunity-booster citric-acid
8902579203016	Ssaf Ssat	Bailey	1 l	beverages waters spring-waters mineral-waters
7622201150419	Cadbury 5 Star	Mondelez	40 g	chocolate-candies bars chocolates candy-chocolate-bars
8901499009623	Chocos Fills	kellogg's	250 g	cereals-and-their-products breakfast-cereals chocolate-cereals extruded-cereals
8906008811902	Pro Immunity Multi-source Edible Oil	Fortune	1l	cereals-and-their-products vegetable-fats vegetable-oils sunflower-seeds-and-their-products
8902579000196	Parachute Coconut Hair Oil			
8901058869002	Munch	Nestle	12.5 g	
8908002915525	matxin	mitvana	100gm	
8901491101905	Kurkure - Green Chutney Style	PepsiCo	17 g	snacks namkeen
6942836717933	COOKIES 'N' CREME	Hershey's	40g	
8901063014312	Vita Marie GOLD	Britannia		
7622201679996	hot chocolate	Cadbury	200g	beverages
8901058900194	2 minute noodle	Maggi		
0631661998704	Pre X5	Doctor's Choice	350g	artificially-sweetened-beverages diet-beverages dietary-drink-for-sport preworkout
8904109470196	chyawanprash	patanjali	1kg	proprietary-medicine
8901030831720	Kissan mix fruit jam 700g			
8901571006380	Horlicks	Horlicks		beverages-and-beverages-preparations
8908001700184	Namaste India	Namaste India	230 ml	dairies milks pasteurised-milks
8908005144649	Muesli+ (Fruits + Nuts & Seeds)	Yoga Bar	400g	cereals-and-potatoes sweet-snacks cereals-and-their-products bars
8901088055772	Saftoa 0ats	Saffola	1.3kg	seeds cereals-and-their-products breakfast-cereals cereal-grains
8901262140065	Lite Bread Spread	Amul	500 g	plant-based-spreads salted-spreads spreadable-fats vegetable-fats
8901262071048	Amul Sugar free chocolate	Amul	150g	sweet-snacks cocoa-and-its-products chocolates sugar-free-chocolate
8901058901542	Maggie	Maggi	140g	pastas dried-products-to-be-rehydrated noodles instant-noodles
3228470052177	Intense Arabica	L'Or		plant-based-foods-and-beverages plant-based-foods coffees ground-coffees
8901058897159	Milkybar	Nestlé	24.5 g	cocoa-and-its-products confectioneries chocolates white-chocolates
8904327600405	Myfitness Chocolate Peanut Butter	Myfitness	510 g	nuts-and-their-products plant-based-spreads oilseed-purees legume-butters
8901207025365	Honey	Dabur		bee-products farming-products sweeteners honeys
8906144490498	instant coffee	sleepy owl	100g	plant-based-foods coffees instant-beverages instant-coffees
8901063162143	marie Gold	Britannia	89g	snacks sweet-snacks biscuits-and-cakes biscuits
8902080104345	Pepsi Brand Drink 2.25 l	Pepsico	54	
8902080704057	Lehar Soda 750ml pet	Pepsico	750ml	carbonated-drinks waters sodas carbonated-waters
8901063338685	Brown bread	Britannia	450g	plant-based-foods cereals-and-potatoes breads wholemeal-breads
6281014110013	Goody Peanut Butter	Goody	340g	nuts-and-their-products plant-based-spreads oilseed-purees legume-butters
8901262152952	Protein Buttermilk	Amul	200 ml	desserts dairy-desserts dairy-drinks fermented-dairy-desserts
8906143890107	dark chocolate peanut butter	The Whole Truth	325 g	spreads plant-based-spreads sweet-spreads oilseed-purees
8901491361026	masala munch 10rs	PepsiCo India holdings Pvt.Ltd	44g	biscuits-and-crackers crisps crackers masala-munch-with-gingelly-oil
8908000097933	Crunchy Muesli	Gaia	1 kg	cereals-and-potatoes cereals-and-their-products breakfast-cereals mueslis
8901491981552	Lay’s Chile Limon 20rs	Lay's	55 g	salty-snacks appetizers chips-and-fries crisps
0038000198915	Froot loops marshmallows	Kellogg's	10.5 oz (297 g)	cereals-and-potatoes cereals-and-their-products breakfast-cereals extruded-cereals
8908005144618	Yoga Bar Super Muesli 0% Added Sugar	Yoga Bar	400g	cereals-and-potatoes cereals-and-their-products breakfast-cereals mueslis
5020411121182	Nutella and go	NUTELLA	48 g e	sweet-snacks sweet-spreads hazelnut-spreads chocolate-spreads
8904004400083	Bhujia sev	Haldiram's	400g	snacks salty-snacks
8904063214331	Haldiram aloo bhujia 220g	Haldiram's	220g	snacks potato
9327693000294	Moisturiser	Sukin	125ml	
8901491001809	Lay's sizzling hot 20rs	Lay's	50gm	
8906048500651	Protinex Chocolate Flavour	Nutrica	250 g	dietary-supplements
8901262200189	Lassi	Amul	200mL	desserts dairy-desserts dairy-drinks fermented-dairy-desserts
8901063029262	Jim jam92 g	Britannia		
8902080364084	Mountain Dew	Pepsico		beverages carbonated-drinks sodas
8904293721692	Lime Pickle	Delish	400g	vegetables-based-foods canned-plant-based-foods pickles canned-vegetables
8901058003079	Pazzta Cheesy Tomato Twist	Maggi	68.5	meals pasta-dishes pastas instant-pasta
8908012271055	Meetha Dahi	Gyan		curd dahi pasteurised-toned-milk
5026489484761	Quinoa chips	Cofresh		quinoa-chips
8906002004133	Fun Foods Chocolate Spread Fudge	Dr.Oetker	350 g	breakfasts spreads sweet-spreads chocolate-spreads
42116011	Fanta cocktail de fruits	Fanta		
8901491504324	Lay's American Cream	fritolay	1	fast-food
8901725133511	Bounce	Sunfeast	41g	
07811173	kinley		2 liters	
8901063029255	Jimjam 57g (57)	Britannia	57 g	sweet-snacks biscuits-and-cakes biscuits-and-crackers biscuits
8906006720107	Qyno Dates	Lion	250 g	fruits-and-vegetables-based-foods fruits-based-foods fruits dates
8901725119423	Moms magic Cashew & Almonds	Sunfeast	197 gm	sweet-snacks biscuits-and-cakes biscuits biscuit-cookie-snack-w-chocolate-filling
7622201822163	Dairy milk	Cadbury	55g	sweet-snacks cocoa-and-its-products chocolates milk-chocolates
8901262070539	FRUIT N' NUT Dark Chocolate	Amul	150g	chocolates dark-chocolates dark-chocolate-bar-with-dried-fruits composite-chocolate
7622210624918	Philadelphia original cheese spread	Philadelphia	280 g	fermented-foods fermented-milk-products cheeses fresh-cheeses
8906080602092	Swing Mixed Fruit Medley	Paper Boat	150ml	plant-based-beverages fruit-based-beverages juices-and-nectars fruit-juices
8901262010511	Peanut spread	Amul		plant-based-spreads oilseed-purees legume-butters peanut-butters
8901262151368	Moti	Amul		dairies milks cow-milks
8902080204342	Pepsi Brand Mirinda orange flv 2ltr	Pepsico	18	fruit-based-beverages sodas fruit-sodas sweetened-beverages
7622201442019	Dairy Milk	Cadbury	23 g	snacks sweet-snacks cocoa-and-its-products chocolates
8901207024559	Real Fruit Power Alphonso Mango Nectar	Dabur	1 l	fruit-based-beverages juices-and-nectars fruit-nectars fruit-juices
8901030897542	Kissan Fresh Tomato Ketchup	Kissan	90g	sauces tomato-sauces ketchup tomato-ketchup
8901491103442	Kurkure Naughty Tomato	PepsiCo		salty-snacks appetizers chips-and-fries crisps
8901058847482	Maggie Pazzta Chese Macaroni	Maggi		meals pasta-dishes instant-pasta instant-pasta-with-cheese
8901491002349	NACHO Dorites CHEESE	10rs		chips-and-fries crisps corn-chips nachos
8901491365703	Puffcorn	Kurkure	28 10rs	appetizers chips-and-fries crisps corn-chips
4897036691427	Monster Energy Drink 350ml	Monster	5	beverages energy-drinks
8901719120800	Parle-G	Parle		sweet-snacks biscuits-and-cakes biscuits vegetarian
8901088081344	Saffola Peanut Butter	Saffola	350 gm	plant-based-spreads oilseed-purees legume-butters peanut-butters
8906000610701	Smiles	Mc Cain	750 g	snacks frozen-foods frozen-fried-potatoes
8901781000147	Sunrise paneer butter masala	sunrise ®️ pure paneer butter 	7g	sunrise-pure-paneer-butter-masala
3948764061257	Diet coke	Coca-Cola	300 ml	sodas diet-beverages colas diet-sodas
8901200100045	parachute coco oil	parachute	500ml	vegetable-fats vegetable-oils fruit-and-fruit-seed-oils coconut-oils
8902080404094	Mango slice 600ml	Pepsico	1	beverages sweetened-beverages
7622201442828	Chocobakes	Cadbury	126 g	sweet-snacks biscuits-and-cakes cakes chocolate-cakes
8901491363020	Chilli Chatka	10	10rs	
8906028799198	Krazy snacks sauce	Fun Top	8g	
8901725002206	5-Grain Digestive High Fibre	Sunfeast Farmlite	800g	snacks sweet-snacks biscuits-and-cakes biscuits
8901088068741	Masala Oats - Peppy Tomato	Saffola	38g	seeds cereals-and-their-products cereal-grains oat
8901088068772	Masala oats	Saffola	38g	seeds cereals-and-their-products cereal-grains oat
8901058891416	2-minute noodles	Maggi	70 g	pastas dried-products-to-be-rehydrated noodles instant-noodles
8901030406256	tea	Red label tea	500 gram	
89009765	Nescafe classic			
8903754313056	Tata Gluco+ Orange	Tata	180 ml	beverages energy-drinks brianna-️-nutri-choice-thin glucose-drink
19020808	7up Nimbooz	7up	250ml	fruit-based-beverages juices-and-nectars sodas fruit-juices
8901233020273	Cadbury 5 star	Cadbury	5 gm	sweet-snacks confectioneries dary-milk everest-chicken-masala
8901058001167	Pichkoo	Maggi		
3948764082764	Packaged Drinking Water	Schweppes	1 L	beverages waters drinking-water
8901058000450	2-minute Noodles Veggie Masala	Maggi(Nestlé)	62g	pastas dried-products-to-be-rehydrated noodles instant-noodles
8901063142305	Nutri Choice	Britannia	1kg	snacks sweet-snacks biscuits-and-cakes biscuits
8904089915137	Daily Health Toned Milk	Heritage	500ml	dairies milks pasteurised-milks toned-milk
8906135451736	organic apple cider vinegar	boldfit	500ml	condiments vinegars cider-vinegars
8906024480311	toned milk	Dodla	1L	dairies milks pasteurised-milks toned-milk
7622201757212	Original Oreo	Oreo		biscuits-and-cakes biscuits filled-biscuits chocolate-sandwich-cookies
8902579103415	Frooti Mango Drink	Parle Agro	150ml	beverages plant-based-beverages fruit-based-beverages still-fruit-soft-drinks
8901030684777	Green Tea (honey lemon flavour)	Lipton	25 tea bags	hot-beverages plant-based-beverages teas green-teas
8901262260107	Amul Gold Milky Milk	Amul		dairies milks full-cream-milk
8908009059154	Bread	The Health Factory	250 g	
8901491503051	West Indies' Hot 'n' Sweet Chilli	Frito-lay	20g	chips-and-fries
8901012350010	Apple drink	johnson and Johnson	200 ml	carbonated-drinks fruit-based-beverages juices-and-nectars sodas
8904089916134	Goodness Standardised Milk	Heritage	500ml	dairies milks
8901063029279	Jimjam	Britannia	138 g	snacks sweet-snacks biscuits-and-cakes biscuits
8906009077291	Oatmeal cookies Sugar free	Unibic		snacks sweet-snacks biscuits-and-cakes biscuits
8901764175091	Fruit drink	Maaza	135ml	snacks sweet-snacks confectioneries
00024907	Teriyaki Dip Sauce Marinade	Marks & Spencer	305 g	condiments sauces barbecue-sauces
5400141138863	Mélange de bonbons	Boni	600 g	sweet-snacks confectioneries candies gummi-candies
3420301704808	India's Magic Masala	Lay's		salty-snacks appetizers chips-and-fries crisps
8901764032400	Sprite Lemon Lime flv Coke Brand 2ltr	कोका कोला क	9	carbonated-drinks waters sodas carbonated-waters
8908016029263	natkhat	Crax	63 g	wheat-puffs
8901030779282	Green tea honey lamon 25	Lipton		
8904004404630	salted peanuts	haldiram's	25g	legumes nuts-and-their-products nuts peanuts
8901014003181	Top Ramen Curry	Nissin	280 g	pastas dried-products-to-be-rehydrated noodles instant-noodles
8906035030239	Refined Sunflower oil	freedom	5000 ml	vegetable-fats vegetable-oils sunflower-seeds-and-their-products sunflower-oils
8901207014642	Tomato Puree	Dabur	200g	vegetables-based-foods sauces tomatoes-and-their-products tomato-sauces
8901491001854	PEPSICO.	Lay's		salty-snacks appetizers chips-and-fries crisps
8904083302100	Fruit yogurt blueberry		100 g	dairy-desserts fermented-dairy-desserts fermented-dairy-desserts-with-fruits yogurts
8908003032139	Kitchen treasures Turmeric Powder	Kitchen treasures		condiments spices turmeric turmeric-powder
8801073142978	3x spicy noddles	Samyang	700 g	pastas dried-products-to-be-rehydrated noodles instant-noodles
8904063220226	chips	Haldiram's	14.95g	salty-snacks appetizers chips-and-fries crisps
89006740	NESCAFE	nescafé	50g	plant-based-foods-and-beverages plant-based-foods coffees coffee-beans
8902710100150	White Oats	Bagrry’s	1 kg	seeds cereals-and-their-products breakfast-cereals cereal-grains
8908011491546	Raisins	ProV	500g	dried-products dried-plant-based-foods dried-fruits raisins
8901719106538	Hide & Seek Cashew Butter	Parle	150g	spreads sweet-snacks biscuits-and-cakes biscuits
8901014004737	Masala Cup Noodles	Nissin		
8886467100277	Pringles - Original	Pringles		
8906004620751	Refined Ricebran Oil	Dhara Life	1l	cereals-and-their-products vegetable-fats vegetable-oils cereal-oils
8904043553085	Wow Pav	Modern	200g	plant-based-foods-and-beverages plant-based-foods cereals-and-potatoes breads
8906081810083	manchurian rings	lite-n-fit	80g	flours cereal-flours wheat-flours manchurian-seasoning
8901030681530	Tea bags	Taj Mahal	25	hot-beverages plant-based-beverages teas tea-bags
8901063163331	Tiger glucose biscuit	Britannia		snacks sweet-snacks biscuits-and-cakes biscuits
8904256727822	sprouted ragi powder porridge	GoodDiet	250g	cereals-and-potatoes cereals-and-their-products breakfast-cereals porridge
8902268011830	Kream Time	Mukkund	30 g	snacks sweet-snacks biscuits-and-cakes biscuits
8906055440568	Organic Peanuts	Organic Tattva	500g	legumes nuts-and-their-products nuts peanuts
8904293723153	Instant Coffee Chicory Mixture	Rejuve	100g	coffees instant-beverages instant-coffees instant-coffee-without-sugar
8901233018362	Bournvita	cadbury	25g	dairies dairy-drinks flavoured-milks chocolate-milks
3948764175022	Maaza	Maaza	150 mL	beverages plant-based-beverages fruit-based-beverages sweetened-beverages
8901499008701	Kellogg's Special K Original	Kellogg's	900 g	breakfasts cereals-and-potatoes cereals-and-their-products breakfast-cereals
8908005144632	Muesli dark chocolate cranberry	Yoga bar		cereals-and-potatoes cereals-and-their-products breakfast-cereals mueslis
8901262300612	Tender Coconut	amul	67g	frozen-foods frozen-desserts ice-creams-and-sorbets ice-creams
0016000122536	Cinnamon Toast Crunch Cereal	General Mills		cereals-and-potatoes cereals-and-their-products breakfast-cereals extruded-cereals
7622201432263	Oreo Cricket Edition	Cadbury		snacks sweet-snacks biscuits-and-cakes biscuits
8901725134327	Nice Sugar Sprinkled Biscuits	Sunfeast		snacks sweet-snacks biscuits-and-cakes biscuits
8902080285020	Pepsi Cola Zero Sugar 250ml Can	pepsico	7	diet-beverages colas diet-sodas diet-cola-soft-drink
8908008674013	nabati cheese wafer	Richeese	37	
8901719255168	parle G	parle	250g	
8904037212356	Coconut Oil	Fruit of the Earth	500gm	vegetable-fats vegetable-oils fruit-and-fruit-seed-oils coconut-oils
8901595972159	Hakka noodles masala	ching's	20 g	condiments
8904063253804	Punjabi tadka	Haldiram's		
89007587	orbit	wringle		
8901725101435	JALIMALS			
8901088028080	fhgh			
8908000385061	Kadalamavu Mixture	Dev	200g	snacks
8904083306085	Milky Mist Curd	Milky Mist	400g	curd
8901725100346	Aashirvaad ghee		500g	
7622201715670	Cadbury Celebrations	Cadbury	113.80 g	snacks sweet-snacks confectioneries
8906133310592	Almond Bon Bon	Karachi's	60g	cocoa-and-its-products confectioneries chocolate-candies bonbons
8908001017046	Cornitos nacho crips		10	
8906097590054	Fast&Up Vitalize	Fast&Up	20x3 tablets	dietary-supplements vitamins
8904004404449	Boondi	Haldiram's	200g	bengal-gram-flour-balls
8906002006410	fun food peanut butter	Dr oetker		nuts-and-their-products plant-based-spreads oilseed-purees nut-butters
8906090571180	Multigrain Chips Tangy Tomato			
8906033950874	Sev	G pulla reddy's	150g	snacks salty-snacks
8901138847920	Saunf Mouthwash	Himalaya	215ml	non-food-products open-beauty-facts mouthwash
8901030829833	ashish			
89009550	hii b di KH do	fhxyiyc	thxj chjg	jdhh
8901764022913	Fanta			fruit-based-beverages sodas fruit-sodas sweetened-beverages
8906002003242	Veg Mayonnaise	Dr. Oetker	250g	sauces vegetarian-sauces vegan-sauces egg-free-mayonnaises
8901764048319	Charged berry bolt	Thums Up	250 ml	carbonated-fruit-soft-drink energy-drinks carbonated-fruit-soft-drink-with-less-than-10-of-fruit-juice carbonated-fruit-soft-drink-with-sugar-and-artificial-sweeteners-and-with-less-than-10-of-fruit-juice
8901595851218	Veg Hakka Noodles			
8906010501570	balaji wafers crunchex			
8901063029163	Brianna treat jimjam	Britannia	100 g	
8901058851311	Maggi Masala 2 Minute 2 Noodles - 280 GM	Nestle	70g	
8904004403725	Moong Dal	Haldiram's	35 g	snacks salty-snacks namkeen
8904246910173	Priya ginger pickle	priya	300g	
8901725193119	bingo	bingo	1	hh
8906005500083	Bikaneri Bhujia			snacks
8906116950814	MuscleBlaze Protein Peanut Butter Creamy Dark Chocolate	MuscleBlaze	750g	plant-based-spreads oilseed-purees legume-butters peanut-butters
7622201431594	Oreo Cream Biscuit	Cadbury	120 g	sweet-snacks biscuits-and-cakes biscuits sandwich-biscuit
8901499010773	Chocos Moons and Stars	Kellogg's	350 g	cereals-and-their-products breakfast-cereals flakes cereal-flakes
8902979050883	Cavin's Vanilla Milkshake	CavinKare	200ml	dairy-drinks flavoured-milks milkshakes vanilla-milkshake
8901123005403	Lotto Choco Pie 12p	Lotte	336g	snacks sweet-snacks cocoa-and-its-products chocolates
8901063093355	Good Day Cashew Cookies Medium Pack 600g	Britannia	600 g	sweet-snacks biscuits-and-cakes biscuits-and-crackers biscuits
8906080600180	Paper Boat Apple Drink 150ml	Paper Boat	150 ml	juices-and-nectars fruit-juices unsweetened-beverages apple-juices
8901030921797	kissan fresh tomato	Kissan		sauces tomato-sauces ketchup tomato-ketchup
8901207004421	Real fruits juss anar	Dabur	1 l	plant-based-beverages fruit-based-beverages juices-and-nectars fruit-juices
8901030699085	Fresh tomato ketchup	Kissan		sauces tomato-sauces ketchup tomato-ketchup
8901725118914	Tedhe Medhe	Bingo		appetizers chips-and-fries crisps corn-chips
8901063014299	Vita maríe	Britannia		food
8901042954677	Badam drink mix	MTR	500g	dairy-substitutes milk-substitutes nuts-and-their-products plant-based-beverages
8906021924894	apis Royal Zahidi dates	apis	250g	fruits-and-vegetables-based-foods fruits-based-foods fruits dates
8901725113544	Sunfeast glucose biscuits	Sunfeast		snacks sweet-snacks biscuits-and-cakes biscuits
8901262020015	Cheese slices	Amul	200 g	fermented-milk-products cheeses processed-cheese processed-cheese-in-slices
8901063162327	Br Marie gold 10	Britannia	78g	snacks sweet-snacks sweet-pastries-and-pies viennoiseries
8908001032124	Multi Grain Bread	EveryDay	350 g	plant-based-foods-and-beverages plant-based-foods cereals-and-potatoes breads
3948764012914	Cocacola zero	Cocacola		diet-beverages colas diet-sodas diet-cola-soft-drink
8906001385301	Butter cookies			
8901012350041	ORSL Plus Electrolyte Drink Orange	Johnson & Johnson	200 ml	fruit-based-beverages sodas fruit-sodas energy-drinks
8901764092329	Maaza	Cocacola		beverages-and-beverages-preparations beverages sweetened-beverages
6221007004066	Chocapic	Chocapic		
8901491103282	Cheetos	PepisCo India	32 grams	
8904063257581	Lite Mixture	Haldiram's	42g	snacks
8906010501419	poprings	balaji	30g	snacks sweet-snacks
8901012111024	gohnsons baby powder		109g	non-food-products open-beauty-facts skin-powder
8901491103084	Kurkure	PepsiCo	75g	snacks salty-snacks
8938505705972	Filet de panga surgelé		1 kg	
8901786030507	Everest Pani Puri Masala	Everest		taste
8901138815264	green tea	tea	50 g	
8901725000523	yippee noodles	Sunfeast	60	plant-based-foods-and-beverages plant-based-foods pastas noodles
8901242176107	Bambino Vermicelli	Bambino	90g	bread-coverings cooking-helpers food-decorations pastry-helpers
8901725116736	Yippee magic masala	Sunfeast		
8906069400619	veeba white pasta dressing	Veeba	285g	pasta-dressing sause
8901248253109	Fairness cream		30g	
5000256014962	malt vinegar	heinz		
8904063230010	Haldiram Bhujia400g	Haldiram	400g	
8908005144014	Multigain energy bar		38 g	snacks sweet-snacks bars cereal-bars
8901207032424	Glucose D	Dabur	125g(75g+50g	
8904272600291	Storia 100% Tender Coconut Water 1L	Storia Foods & Beverages	10	beverages plant-based-beverages waters coconut-waters
8904341100639	Kitchen dip	Kitchen Dip	950	condiments sauces groceries
8901192226150	Hing Asafoetida	Catch	100g	groceries
89006610	Orbit Chewing Gum	Wrigley's	22g	sweet-snacks confectioneries chewing-gum sugar-free-chewing-gum
8904209303790	aachi mango thokku pickle	Aachi	200g	
8906066993879	Masala Roasted Chana	Bam Bam	200g	roasted-bengal-gram
8908010900995	Pintola High Protien Peanut Butter	Pintola	1kg	plant-based-spreads oilseed-purees legume-butters peanut-butters
8901246006189	Pizza and pasta sauce	Del Monte Quality	100g	condiments sauces pasta-sauces pizza-sauces
8901725134310	Sunfeast Nice, 75 g	Sunfeast	75 g	snacks sweet-snacks biscuits-and-cakes biscuits
8906029790033	Snakker	Priyagold	24 g	sweet-snacks biscuits-and-cakes biscuits wafers
8906009070834	Unibic cashew badam cookies 500g		15	
6001065601083	DAIRY MILK BISCUIT	Cadbury	80g	
8908019757682	Tender coconut fruit pops			
8901499008275	CHOCOS	Kellogg's	10	
1234567899992	Jasmine Rice	Eagle Brand		
8906011145049	B protein	british biologicals	500g	dietary-supplements bodybuilding-supplements
8906036670205	Nandini Curd	Nandini		dairy-desserts fermented-dairy-desserts yogurts curd
8901030818660	Boost	Hindustan Unilever Limited	500g	beverages
8901233034560	Tang orange	Tang	400 g	
8901063012608	Milk Bikis	Britannia	33.5g	snacks sweet-snacks biscuits-and-cakes biscuits
8901207005374	Honey	Dabur		bee-products farming-products sweeteners honeys
8901063142022	Britannia Nutrichoice Digestive	britannnia	250g	sweet-snacks biscuits-and-cakes biscuits digestive-biscuite
8901063325784	Toastea Rusk	Britannia	275 g	plant-based-foods cereals-and-potatoes breads rusks
8901030779640	Lipton GREEN TEA LEMON ZEST	Lipton	25 N	beverages hot-beverages plant-based-beverages teas
8908010900070	Pintola all natural peanut butter (crunchy)		1 kg	nuts-and-their-products plant-based-spreads oilseed-purees legume-butters
8901262152303	Camel Milk	Amul	200ml	dairies milks
8146066850127	Organic Whole Wheat Chakki Atta	Natureland Organics	5kg	
8901414000285	Bikano khatta meetha 500g(20)		500g	
8901192205261	Ginger Garlic - Culinary Paste	Catch	200 g	condiments sauces culinary-paste
8904089993159	Total Curd	Heritage	425g	curd
3948764022913	fanta coca cola	Everest Turmeric powder tikha 	Pepsi cold drink pro	beverages carbonated-drinks sodas pran-lichi
3948888005717	lemoneez	dabur	250ml	beverages instant-beverages fruit-juice-concentrates lemon-juice-concentrates
8901248226189	Mentho Plus Balm	emami		non-food-products open-products-facts open-beauty-facts
8901262178068	Choco Almond N' Kesar Badam Double Sundae	Amul		frozen-desserts ice-creams-and-sorbets ice-creams ice-cream-tubs
8906008350470	Oats	Manna	500 g	cereals-and-their-products breakfast-cereals flakes cereal-flakes
8901491504782	West Indies' Hot 'n' Sweet Chilli	Lays 20rs	50gm	
8906002000494	Mayi		200	
8901499008299	Corn Flakes Original	kellogg	30g	cereals-and-their-products breakfast-cereals flakes cereal-flakes
8906009803777	Waffy - choco flavoured wafer roll	Dukes	250 g	chocolate-biscuits wafers stuffed-wafers chocolate-stuffed-wafers
8901491001038	Lays Spanish 50	Lays	90g	salty-snacks appetizers chips-and-fries crisps
8906002004454	Peanut Butter	funfoods	925g	plant-based-spreads oilseed-purees legume-butters peanut-butters
8906069401111	Veeba peanut butter	Veeba	340g	plant-based-spreads oilseed-purees legume-butters peanut-butters
8901393019483	Chupa Chups	PERFEITI vanMelle	10g	snacks sweet-snacks confectioneries candies
8901063012349	Milk Bikis	Britannia		snacks sweet-snacks biscuits-and-cakes biscuits
8886467122446	Pringles - South African Style Periperi Flavour	Pringles		salty-snacks appetizers chips-and-fries crisps
8904335600343	chocolate cranberry museli	yoga bar	700g	cereals-and-potatoes cereals-and-their-products breakfast-cereals chocolate-cereals
8906002006243	Peanut Butter Crunchy	Dr. Oetker FUNFOODS	400g	plant-based-spreads oilseed-purees legume-butters peanut-butters
8906000212202	Custard Powder	Pillsbury	100g	sauces dessert-sauces custards-and-pastry-creams custard-powder
8906008591354	Ganesh kesaria Thandai	Ganesh	200 ml	plant-based-beverages fruit-based-beverages juices-and-nectars plant-based-milk-alternatives
8901725121723	Aashirvaad Superior MP Atta	ITC	5kg	cereals-and-their-products flours cereal-flours cereal-grains
8901063091023	Good Day Harmony	Britannia	120 g	biscuits-and-cakes biscuits filled-biscuits biscuits-with-nuts
8901030945786	Boost Sandwich	Kwality Wall's	52g	frozen-desserts ice-creams-and-sorbets ice-creams ice-cream-sandwiches
8908010770024	Gingelly Oil	Swarnam	500ml	cereals-and-their-products vegetable-fats vegetable-oils cereal-oils
8901499008190	Corn flakes	Kelloggs	475 g	cereals-and-their-products breakfast-cereals flakes cereal-flakes
8906125980239	Butter Popcorn	4700BC	90g	snacks popcorn
5400119019149	Creme fraiche	Delhaize	250 ml	dairies creams
8901063342934	100% Whole Wheat Sandwich Bread	Britannia	450 g	breads sliced-breads wholemeal-breads wholemeal-sliced-breads
8901595971237	Sweet Corn Veg Instant Soup	Ching's	15g	
6294003596620	MAGGI SAFRON STOCK 1+1	Maggi		
8904272600093	Storia Coffee Shake 180ml	Storia	3	beverages
5410056186699	Royco Minutesoep X3 Groenten Supreme	Royco		
8904043553054	Milk Plus Bread	Modern	450g	plant-based-foods-and-beverages plant-based-foods cereals-and-potatoes breads
8901014004843	cup noodles veggi manchow	Nissin	50g	pastas spices dried-products-to-be-rehydrated noodles
8901764052279	Limca lime lemon drink 750ml	Coca-Cola	132	carbonated-drinks sodas carbonated-soft-drinks-without-fruit-juice carbonated-soft-drinks-without-fruit-juice-with-sugar-and-artificial-sweeteners
8902080364343	Mountain dew 2ltr	mountaindew	2.25	beverages-and-beverages-preparations beverages
8901491435000	Potato Chips (Plain Salted flavour) 20rs	Uncle Chipps	50g	salty-snacks appetizers chips-and-fries crisps
8901063004139	Britannia Good day Chocolate Cookies 400g	Britannia		bars chocolate-candies candy-chocolate-bars chocolate-biscuity-bars
8906009077277	Butter Cookies Sugar Free75g	Unibic		snacks sweet-snacks biscuits-and-cakes biscuits
8901030807138	Horlicks Classic Malt	Horlicks	200g	beverages-and-beverages-preparations beverages energy-drink-mix
8902080002030	Tropicana Apple Delight juice	Trooicana	180 mL	beverages
8901512144706	Peanut Butter Regular Creamy	Sundrop	924g	nuts-and-their-products plant-based-spreads oilseed-purees legume-butters
8901063365018	Biscafe Biscuit 🍪	Britannia	100 gm	snacks salty-snacks appetizers crackers
8886467122392	PRINGLES ( ORIGINAL )	Kellogg India Pvt. Ltd	107g	appetizers chips-and-fries crisps salty-snacks-made-from-potato
8901063032453	Treat Croissant Vanilla Créme	Britannia	1 croissant, 45g	sweet-pastries-and-pies viennoiseries filled-croissants croissant-filled-with-cream
8906005500335	Aloo Bhujia Tana-Tan	Bikaji	40g	spicy-potato-noodle-snack
8904063240194	Bhujia			
8901491103046	Kurkure Green chutney		33g	snacks
8902901001747	Semolina Suji Rawa	(Reliance)	1kg	semolina
8904004403732	Haldiram moong dal	Haldiram	200 g	seeds legume-seeds pulses fried-foods
8901499008169	Chocos	Kellogg's	,	
8939997630766	CORIANDER POWDER KitchenFeast	KitchenFeast The Superb Taste	100g	plant-based-foods condiments spices groceries
0841165116751	potata	pran	100g	
8902080304028	7up lemon 250ml	Pepsico		carbonated-drinks fruit-based-beverages sodas fruit-sodas
8901030846304	Cadbury Crackle	Hindustan Unilever limited	420g	ice-creams-and-sorbets ice-creams ice-cream-tubs chocolate-ice-cream-tubs
8901262151863	Amul Fresh Cream	Amul	250 ml	creams dairy-desserts fermented-dairy-desserts milks
8901063012530	Milk Bikis	Britannia	66.8	snacks sweet-snacks biscuits-and-cakes biscuits
8901499007704	Oats	Kellogg's	35g	seeds cereals-and-their-products breakfast-cereals cereal-grains
8908011491621	Almonds Roasted and Salted	proVmini	18g	nuts almonds salted-almonds grilled-almonds
8901262150088	Amul Taaza	Amul	200 ml	dairies milks whole-milks
8906116954973	Chocolate Peanut Butter	Muscle Blaze	1kg	plant-based-spreads oilseed-purees legume-butters peanut-butters
89009703	Tomato ketchup	Nestlé	200g	condiments sauces
8902080364589	Mountain Dew	PepsiCo	400 ml	beverages carbonated-drinks sodas sweetened-beverages
8902901013177	Multi Grain Bread	Mr Bakewell	400g	
7622201139681	Loading…			
8904304778141	multi millet chikki			
8904132928657	Oats	Aarambh	1kg	seeds cereals-and-their-products breakfast-cereals cereal-grains
8901262200196	Amul Masti Spiced Buttermilk	Amul	200mL	fermented-foods fermented-milk-products milks buttermilks
8901207043802	Vedic Tea	Dabur	500g	dried-products teas dried-products-to-be-rehydrated dehydrated-beverages
8906026900046	Pure & Hygienic Sugar	Madhur	1kg	sweeteners sugars
8901491990097	Doritos Sweet Chilli	Doritos	110g	
8901016000058	surjeet	singh	message	pun punjab
8906036670014	Pasteurised Toned Milk	Nandini	500 ml	toned-milk
8902080002290	7up	PepsiCo	500 ml	waters artificially-sweetened-beverages sodas carbonated-waters
8901058003017	Pazzta Masala Penne	Maggi	69.5 g	meals pasta-dishes pastas instant-pasta
8901565001711	Peppy cheese balls			
0820294212589	kaju cornflakes	Bhikharam Chandmal	200 g	
8904221699383	asitis	asitis	500g	dairies whey-powder
3607264512156	Cadbury celebrations	chocolates	135.7g	
8906093520451	bactorub		500ml	
8901719100277	Eclairs	Parle	Gama	
8901233028392	Dairy milk			
8906007280952	Fortune premium kachi ghani pure mustard oil	adani Wilmar	1L	fats vegetable-fats vegetable-oils mustard-oils
8906001720171	VRS FOODS LTD		80g	
8901095900089	tea masala	society Indian leaf tea masala	250 grams	
8906017290941	Vedica Zen	Bisleri	500 ml	beverages waters
8901063094154	good day pista badam	Britannia	200g	
8906010502973	Papdi gathiya			legumes seeds legume-seeds pulses
8901764042508	Coke Brand Thumbs up 2ltr	coca cola	9	beverages-and-beverages-preparations beverages carbonated-drinks sodas
0006641025020	Wet Idly Batter	Tiffin	800g	plant-based-foods cereals-and-potatoes cereals-and-their-products idly-batter-mixes
8901764052910	Limca	Pepsi	100 ml	beverages carbonated-drinks sodas carbonated-fruit-soft-drink
8901262150118	Fresh Cream	Amul	1L	dairies creams
8901030834820	Kwality x Wall's Desi Twist Creamy Kulfi	Kwality x Wall's	700ml	frozen-desserts ice-creams-and-sorbets ice-creams ice-cream-tubs
8901063001022	Britannia nutri choice	Britannia		snacks sweet-snacks biscuits-and-cakes biscuits
8901035056876	Thé	Golden Victoria	37g	plant-based-beverages teas green-teas herbal-teas
8901058903812	Maggi Rich Tomato Ketchup Pichkoo	maggi	120g	tomato-sauces basque-style-sauces ketchup tomato-ketchup
8901030922565	No Onion No Garlic Tomato Sauce	Kissan	425 g	condiments sauces tomato-sauces
8906064511297	White Eggs	Sneha Select	30 eggs	farming-products eggs chicken-eggs
8901719116520	Parle Bode&seek 120g(26)	Parle	250g	sweet-snacks biscuits-and-cakes biscuits chocolate-biscuits
8886467122415	Pringles	Pringles	107gm	salty-snacks appetizers chips-and-fries crisps
8901719123139	Hide&seek bisc	Parle	1	snacks sweet-snacks biscuits-and-cakes biscuits
8906113490801	Masala Oats and Millets	Tata Soulfull	35g	seeds cereals-and-their-products breakfast-cereals cereal-grains
8902080013258	mango delight	Tropicana	1L	beverages plant-based-beverages fruit-based-beverages reconstituted-beverage
8902901224252	yellow raisins	good life	200g	dried-products dried-plant-based-foods dried-fruits raisins
8901512881106	Peanut Butter Regular	Sundrop	1	nuts-and-their-products plant-based-spreads oilseed-purees legume-butters
8901058903805	Hot & Sweet Tomato Chilli Sauce	Maggi	1 kg	condiments sauces tomato-sauces
8901512141705	Peanut Butter	Sundrop	924 g	spreads plant-based-spreads oilseed-purees legume-butters
8906009077017	fruit & nut cookies	unibic	75g	snacks sweet-snacks biscuits-and-cakes biscuits
8901058891409	2 Minute Noodles	Maggi		pastas dried-products-to-be-rehydrated noodles instant-noodles
8410783122813	Chorizo Barbecue	Noel	300 g	meats prepared-meats cured-sausages chorizo
8886467122439	Pringles Desi Masala Tadka Flavour	Pringles	107 g	salty-snacks appetizers chips-and-fries crisps
8904063214454	classic nut cracker	haldiran	500gm	nuts-and-their-products nuts peanuts unshelled-peanuts
8901030739019	Magnum Chocolate Truffle	Unilever	62 g, 80 ml	ice-creams-and-sorbets ice-creams ice-cream-bars chocolate-ice-cream-bars
8901725119256	Sunfeast Yippee noodles	Sunfeast	67.5 g	pastas dried-products-to-be-rehydrated noodles instant-noodles
8901491102902	Flirty Tomato Tango	Lay's	29.5g	salty-snacks appetizers chips-and-fries crisps
3258831003982	Dijon Mustard	Delouis Fils	200g	sauces mustards dijon-mustards groceries
8901058851298	Maggi 2-minutes Noodles	Maggi	70 g	pastas dried-products-to-be-rehydrated noodles instant-noodles
8901030653407	Kissan Fresh Tomato Ketchup	Kissan	950gm	sauces tomato-sauces ketchup groceries
8901207035364	Honey	Dabur	250g	farming-products sweeteners honeys liquid-honeys
8908010900056	Peanut butter	Pistols		fats spreads plant-based-spreads spreadable-fats
8908001658065	Ocean Fruit drink Mango & Passion fruit Flv 500ml		2	
0748927066623	Micronized Creatine Powder	Optimum Nutrition	250g	dietary-supplements bodybuilding-supplements
8902080204052	Mirinda orange Flavour 750ml	Mirinda	24	plant-based-foods-and-beverages beverages plant-based-beverages fruit-based-beverages
8901262152211	Amul Kool Kesar Flv - 180Ml	Amul	2	juice
7622201138394	Cadbury Temptations Rum & Raisin Chocolate Bar	Cadbury	72 g	sweet-snacks cocoa-and-its-products chocolates milk-chocolates
8904043551494	Modern Fruity Bread	Modern	200g	plant-based-foods-and-beverages plant-based-foods cereals-and-potatoes breads
8901725121747	Superior MP Atta	Aashirvaad	1 kg	flours cereal-flours wheat-flours whole-wheat-flours
8901491365666	Puffcorn	Kurkure	57 g	salty-snacks appetizers chips-and-fries crisps
0099071001498	Prostar 100% whey protein	Prostar		dietary-supplements bodybuilding-supplements protein-powders
8901764032707	Sprite	Coca Cola	600 ml	carbonated-drinks fruit-based-beverages artificially-sweetened-beverages sodas
8901725001230	Sunfeast Mango Smoothie with Mango Chunks 300ml	Sunfeast	2	beverages plant-based-beverages smoothies fruit-smoothies
8904327600924	Myfitness Peanut Butter	Myfitness	510 g	nuts-and-their-products plant-based-spreads oilseed-purees legume-butters
8901725004675	Oats and Raisins Cookies	Sunfeast	150g	sweet-snacks biscuits-and-cakes biscuits-and-crackers biscuits
8902579002329	Smoodh	parley Agro	80ml	dairies dairy-drinks milks flavoured-milks
8901042967325	MTR POHA	MTR	60g	breakfasts cereals-and-potatoes cereals-and-their-products breakfast-cereals
8906013420786	Clear drinking water	clear	1l	beverages waters spring-waters drinking-water
8901764052408	Limca 2ltr pet	Coca Cola	2L	beverages carbonated-drinks sodas limca
19017648	kinley mineral water	kinley	1 l	carbonated-drinks waters spring-waters mineral-waters
8901063162303	Marie gold	Britannia		
8901764038877	sprite	sprite	750ml	beverages
8901233036625	5star	Cadbury	25g	
8901063019089	Little hearts	Britannia		
8901751801804	Om Shanti			plant-based-foods-and-beverages plant-based-foods
19060477	Butter Chakli	Charliee	105g	snacks
8908002192032	enduta mass	fssai	500g	a-food-supplement
8901058896152	Maggi		tomato ketchup	
8901063365087	Brit 100% veg cake	Britannia		snacks sweet-snacks biscuits-and-cakes cakes
8901030877131	Real Mayonnaise	Hellmann's		sweet-snacks confectioneries sauces mayonnaises
8906010261078	Refined Sunflower Oil	Gold winner kaleesuwari	1l (910g)	vegetable-oils sunflower-seeds-and-their-products sunflower-oils refined-sunflower-oils
5060250610058	Kabuto Noodles Chicken Ramen	Kabuto		dried-products dried-products-to-be-rehydrated noodles instant-noodles
8901088068734	Saffola Masala Oats - Classic Masala	Saffola	38 g	seeds cereals-and-their-products breakfast-cereals cereal-grains
8901595963331	Hot Garlic	Ching's Secret	60gm	pastas dried-products-to-be-rehydrated noodles instant-noodles
8901058000306	Maggi noodles masala	Nestle	560 gm	pastas dried-products-to-be-rehydrated noodles instant-noodles
8906013030367	Xpress Instant Noodles Masala Delight	Wai Wai		pastas dried-products-to-be-rehydrated noodles instant-noodles
8901012132050	Mouthwash	Listerene	250ml	non-food-products open-beauty-facts
8906081128812	Dryfruit Bar	Happilo	15g	dry-fruits
8901207002533	SITOPALADI CHURNA	Dabur	60g	ayurveda ayurvedic-medicine medicine
8906108890173	Desi popz	Go Desi	80	imli
8901725111458	Bingo chilli sprinkled 50		90g	salty-snacks appetizers chips-and-fries crisps
8991389136393	Paperline A4			non-food-products open-products-facts
8901207062865	Hajmola	Dabur		laxative
8906009072654	Unibic Snapper potato spice 300g( 2ta)		20	
8901030551956	Custard powder vanilla	Brown&Polson	100 g	condiments sauces dessert-sauces custards-and-pastry-creams
8901764175022	maaza	Coca cola	150ml	beverages-and-beverages-preparations beverages sweetened-beverages
8906009079813	Unibic		6	
8901764012501	Coke Brand Coca Cola 2ltr	Coca cola	18	carbonated-drinks sodas colas 200
8902080104024	Pepsi	Pepsico	1 8902080104024	beverages carbonated-drinks sodas colas
8904004400601	Haldiram Lite Chiwda	Haldiram's	200 g	chips-and-fries crisps crackers puffed-salty-snacks
8901063163287	Tiger glucose biscuits	Britannia	49.7 grams	sweet-snacks biscuits-and-cakes biscuits biscuit-with-milk
7622201098971	Chocobakes	Cadbury	75 g	sweet-snacks biscuits-and-cakes biscuits chocolate-filled-biscuit
8901808000785	WeikField Coco powder	WeikField	50g	cocoa-and-its-products cocoa-and-chocolate-powders cocoa-powders
8901741003027	Quick Chicken Pizza Instant Noodles	Wai Wai	75 g	dried-products pastas dried-products-to-be-rehydrated noodles
8939108804864	Whole Wheat Chapati	RC	400g	cereals-and-potatoes breads chapati whole-wheat-bread
8901063342026	Vitarich Sandwich Premium White Bread	Britannia	400g	plant-based-foods cereals-and-potatoes breads sliced-breads
8901063136434	Milk Bikis	Britannia	100g	snacks sweet-snacks biscuits-and-cakes biscuits
8906032018919	Nutrela Soya mini chunks	Nutrela	50g	seeds flours legume-seeds soy-beans
8901063325357	Toastea Rusk	Britannia		plant-based-foods cereals-and-potatoes breads rusks
8901499008176	Kelloggs Corn Flakes	Kelloggs	100g	cereals-and-their-products breakfast-cereals flakes cereal-flakes
8901063363960	Brittania Gobbles Chocolate Cake	Brittania	110g	sweet-snacks biscuits-and-cakes cakes chocolate-soft-cake
8901088155496	Saffola oats	Saffola	500g	cereals-and-their-products breakfast-cereals flakes cereal-flakes
8901063017634	Britannia 50-50		105g	fats salty-snacks appetizers chips-and-fries
8906081123626	100% natural premium whole cashew nuts	Happilo	500g	nuts-and-their-products nuts salted-nuts cashew-nuts
7622201428525	Oreo Original	Oreo		biscuits-and-cakes biscuits filled-biscuits chocolate-sandwich-cookies
8901262020039	Cheese Chiplet	Amul	200 g	dairies fermented-foods fermented-milk-products cheeses
8902080364091	Mountain Dew	PepsiCo		beverages carbonated-drinks carbonated-fruit-soft-drink carbonated-fruit-soft-drink-with-sugar
8906005500014	bikaji bhujia	334006	16 g	snacks
8902579103057	Frooti	Parle	300ml	plant-based-foods-and-beverages beverages plant-based-beverages
8901058891430	2-minutes masala noodles	Nestle nutrition	280g	plant-based-foods pastas noodles whole-wheat-noodles
8901030555442	Hot & Sour Veg Cup a Soup	Knorr	11 g	meals soups soup-mixes
8901725120375	Mad Angles MMMMM Masala	Bingo		
8904083303015	Curd	Milky Mist	400g	curd
8906007280945	Premium kachi gani pre mustard oil	Fortune	500ml	fats vegetable-fats vegetable-oils mustard-oils
8901063142244	Nutri choice zero	Britannia	100g	
8901499010742	Chocos crunch bites	Kellogg's		
7622210063465	Cadbury dairy milk			
6942836715182	Caramel	Hershey's	623 g	
4004042630085	Mineral Water			mineral-waters carbonated-waters natural-mineral-waters carbonated-natural-mineral-waters
8904226500523	Dried Cranberries	Healthfull	200g	dried-products dried-plant-based-foods dried-fruits dried-cranberries
8904037219904	kachi ghani Cold pressed mustard oil	Soul flavours	1 Litre	vegetable-fats vegetable-oils fruit-and-fruit-seed-oils mustard-oils
8901063092433	Good day cookies	britannia		
8902188801092	chilli powder	Ramdev	500 g	condiments spices chilli-powder groceries
8901058844757	Masala Cuppa Noodles	nestle	70g	cereals-and-potatoes cereals-and-their-products pastas noodles
8901071701372	Hershey's spreads	hershey's	350 g	breakfasts spreads sweet-spreads
89000670	Tamato katch up			
8901719119187	parle-G	parle	60g	
0891597003662	Protein Powder			
8901063139329	bourbon	britannia	50g	snacks sweet-snacks biscuits-and-cakes
8901030831713	fruit jam	kissan		
8904063253842	Salted peanuts	Haldiram's	200g	snacks
8904063240019	Haldiram Nut Cracker	Haldiram's	42g	nut-crackers
8906004620263	Thara kachi Ghandi oil		1l	
8902979001724	Masala Chaasa	Cavin's	180ml	
8902346012353	Electral			
8906010503550	Wafers			
8901058000221	2 minute noodles	Nestle	56g	
8904004401073	Haldiram khatta mitha	haldiram	50g	
7622201758639	Perk	Cadbury		confectioneries chocolates 7622201758639 perk
4987176131331	Vicks inhaler	Vicks	0.5ml	non-food-products open-products-facts
9555028700568	nata de coco	dolphin	270 g	
8908010900179	Peanut Butter	Pintola	1 kg	nuts-and-their-products plant-based-spreads oilseed-purees legume-butters
8901808000020	Baking Powder	WeiKFiELD	100g	cooking-helpers food-additives bakery-products baking-powder-or-raising-agent
8901030833892	Mayonnaise	Hellmann's	275g	vegetarian-sauces mayonnaises vegan-sauces egg-free-mayonnaises
8906088860258	Current hot ´n’ spicy chilli+ pepper noodles	Current	100 g	pastas dried-products-to-be-rehydrated noodles instant-noodles
8901764362804	Pulpy Orange	Minute Maid	250ml	fruit-based-beverages juices-and-nectars fruit-juices orange-juices
8901192114006	Sprinkler Black Pepper	Catch	50 g	peppers black-peppers ground-peppers ground-black-peppers
8906006855014	Ice Cream Rocks Cotton Candy	Baskin Robbins	228 ml	frozen-foods frozen-desserts ice-creams-and-sorbets ice-creams
8901030532832	Fresh Tomato Ketchup	Kissan		sauces tomato-sauces ketchup tomato-ketchup
8908002396010	Refined Sunflower Oil	Mr. GOLD	1l (910g)	vegetable-fats vegetable-oils sunflower-seeds-and-their-products sunflower-oils
8901764362309	Pulpy Orange	Minute Maid	1l	juices-and-nectars fruit-juices fruit-juices-from-concentrate orange-juices
8906009993041	Elite pineapple cake	Elite		sweet-snacks biscuits-and-cakes cakes fruit-cakes
8901063026018	Cracker	Britannia	100g	snacks salty-snacks appetizers crackers
8902351999014	sobisco desire butter	sobisco	1	flours cereal-flours wheat-flours common-wheat-flours
8901764092152	Maaza Original 1.75ltr	HINDUSTAN COCO-COLA BEVERAGES 	3	beverages sweetened-beverages
8906059635007	Natural Greek Yogurt	Epigamua		
8901071211161	Hershey's cocoa powder	Hershey's Hershey's kitchens	225 g	cocoa-and-its-products cocoa-and-chocolate-powders cocoa-powders powder
8901725100063	B Natural apple juice 1ltr tpk			
8906010070861	Ganesh Chana Sattu-500g	Ganesh	500g	
8906080602689	Paper boat mixed fruit medley 750ml pet		3	
8904258702100	Raw Pressery Mixed Fruit Juice	Raw Pressery	200mL	juices-and-nectars fruit-juices multifruit-juices squeezed-juices
8901888040350	Real mixed fruite 1ltr			fruit-based-beverages juices-and-nectars fruit-juices multifruit-juices
8902080404575	Mango Slice 1.75ltr	PepsiCo Inc.	29	plant-based-foods-and-beverages beverages plant-based-beverages fruit-based-beverages
8901262130325	Amul Pro Chocolate 500g pp	Amul	5	beverages sweetened-beverages
8410179101118	Extra virgin olive oil	BORGES	1 l	olive-tree-products vegetable-oils olive-oils extra-virgin-olive-oils
8906020461239	Crem Treat	Bimbo	50g	snacks sweet-snacks
8906007280037	Fortune Soya Health Refined Oil	Fortune	1 l	vegetable-fats vegetable-oils legume-oils soybean-oils
3336590080045	Huile D'olive Vierge extra	Cauvin		olive-tree-products vegetable-oils olive-oils extra-virgin-olive-oils
8906006720046	Qyno Deseeded Dates	Lion	500 g	fruits-based-foods fruits dates pitted-dates
8901719107870	Choco rolls	Parle	12.5 g	confectioneries biscuits-and-cakes biscuits-and-crackers biscuits
7622201761561	Dairy Milk Silk Fruit & Nut	Cadbury	137g	cocoa-and-its-products confectioneries chocolates milk-chocolates
8901595862740	Red Chilli Sauce	Ching's	200 g	condiments sauces
8901595853403	Veg Hakka Noodles	Chings Secret	600 g	meals pasta-dishes pot-noodles
8901262070676	Dark Chocolate	Amul	150 g	cocoa-and-its-products bars chocolates dark-chocolates
8906005501288	All-in-one kuch-kuch	Bikaji		fried-mixture
8901491503037	American Style Cream & Onion 10rs	Lay's	24g	salty-snacks appetizers chips-and-fries crisps
8906017290125	Vedica	Bisleri	1L	waters spring-waters mineral-waters natural-mineral-waters
8901393019964	Centerfresh Soft Chews			snacks sweet-snacks confectioneries candies
8904209302137	aachi	aachi	aachi	festive-foods christmas-foods-and-drinks yule-log
8904124108098	Paneer	Ananda	200g	cheeses sweet-snacks confectioneries festive-foods
8696740100029	Dried Apricots	Türkel	400g	dried-products dried-plant-based-foods dried-fruits dried-apricots
8901928014006	Marie biscuits	Bisk Farm	300gram	snacks sweet-snacks biscuits-and-cakes biscuits
7622201423155	Bourn vita	bourn vita	500g	
8906033530014	snap in basil	snap in	3g	
8906007280969	Premium kachi ghani pure mustard oil	Fortune	1 L	fats vegetable-fats vegetable-oils mustard-oils
8904004400212	Soya Chips	Haldiram's	25 g	salty-snacks appetizers chips-and-fries crisps
8901512508706	nachoz	act2	60g	
8901552023450	Chana Pulao	Ashoka	280g (10oz)	meals vegetables rice-dishes spanish-vegetables
8906067022738	Raw Whey Protein 80%	MuscleBlaze	1 kg	
8901088043953	parachute oil		1l	vegetable-fats vegetable-oils fruit-and-fruit-seed-oils coconut-oils
8904071702349	Mix Farsan		500 g	snacks salty-snacks appetizers
8801133003102	Honey Buttee Almond	Murgerbon	200g	almon
8906000421970	calciquick-k2	Dr morepen	250g	0-88
9245646431318	ranishaco 21			
8906009803784	Dukes Waffy straberry			
19080178	anup			
8901414000827	Navratan mixture	Bikano	500g	snacks
8906116953310	Whey protein	Muscle blaze		dietary-supplements bodybuilding-supplements protein-powders
8906013032897	Masala delight			
8901719113451	20 20 cashew	Parle	200	
8904089601603	Groundnut Balls	Nathan's		
8902433003998	Kesar Pista	Snickers	42 g	sweet-snacks cocoa-and-its-products bars chocolates
8901719121432	Monaco Classic Biscuits	Parle		sweet-snacks biscuits-and-cakes biscuits-and-crackers biscuits
8906036673596	Nandini GoodLife Toned Milk	Nandini	500ml	milks-liquid-and-powder milks pasteurised-products pasteurised-milks
8904355400305	imported olive oil	apollo	500	vegetable-fats olive-tree-products vegetable-oils olive-oils
8906012906021	protein diskettes	kabi bite	250	sweet-snacks biscuits-and-cakes biscuits-and-crackers biscuits
8906067026996	Protein Peanut Butter	MB	750g	plant-based-spreads oilseed-purees legume-butters peanut-butters
8901565001728	Piknik Classic Tomato Chilli (fried Indian snack)	Piknik	70g	salty-snacks appetizers chips-and-fries crisps
8901088205221	Oodles Yummy masala ring noodles	Saffola	53g	pastas dried-products-to-be-rehydrated noodles instant-noodles
8901036173435	Xtra instant coffee	continental	25g	plant-based-beverages coffees instant-beverages instant-mix-of-chicory-and-coffee-powder
8901030532719	Fresh 🍅 500g	Kissan	500 g	sauces tomato-sauces ketchup tomato-ketchup
8906010500016	POTATO WAFERS	balaji	40	chips-and-fries biscuits-and-cakes crisps biscuits
8886451008619	Similac Plus	Abbott	400 g	baby-foods baby-milks infant-formulas
8906125670420	Jaggery Powder	Gula's	500 g	sweeteners sugars
8908012605003	tomato ketchup		1kg	sauces tomato-sauces ketchup groceries
8901207045370	Honey	Dabur	50 g	bee-products farming-products sweeteners honeys
8906078721040	Lemon chilli	Gopal wafers	35g	salty-snacks appetizers chips-and-fries crisps
8906010369705	Sambar Powder	GRB		plant-based-foods condiments spices spice-mix
8901063033399	Treat Vanilla Creme	Britannia	60 g	sweet-snacks biscuits-and-cakes biscuits cream-sandwich-biscuits
8906059638329	Mishti Doi	Epigamia	80g	desserts dairy-desserts fermented-dairy-desserts yogurts
8906009079288	Kesar Cashew Badam Cookies	Unibic	200g	snacks sweet-snacks biscuits-and-cakes biscuits
8901058904987	Maggi Pichku	Maggi	80g	sauces tomato-sauces ketchup tomato-ketchup
8906024480380	Toned Milk	Dodla	500ml	dairies milks pasteurised-milks
8901491983259	Wafer Style Sundried Chilli Flavour	Lay's	26.5 g	salty-snacks appetizers chips-and-fries crisps
8901725000899	Multi -Millet Mix	Aashirvaad	80g	seeds cereals-and-their-products flours breakfast-cereals
8906007702263	Wrap tortilla	Salsalito	348 g	flatbreads white-breads wheat-breads wheat-flatbreads
8906012230102	Rice Flour	Vijay Gold	1kg	cereals-and-their-products flours cereal-flours rice-flours
4906426980222	instant popcorn	4700BC	90g	snacks popcorn instant-popcorn
8901030837616	Chokissimo Choco Brownie	Cornetto	72 g, 110 ml	frozen-desserts ice-creams-and-sorbets ice-creams ice-cream-cones
8901719119040	Parle Mazelo Candy	Parle	198 g	sweeteners sugars rock-candies sugar-boiled-confectionery
8902080205028	Mirinda 300ml can	mirinda	2	
8904109465826	Chyawanprash with Saffron	Patanjali	500 g	plant-based-foods-and-beverages plant-based-foods condiments spices
8901030721915	yjgchu	xydhdej	jxdjebrh	ehebe
8904100018816	Kesh kanti Hair Cleanser	Patanjali	5.5ml	non-food-products open-beauty-facts
8901012185292	Neutrogena Ultra Sheer Dry-Touch Sunblock	Neutrogena	30ml	non-food-products open-beauty-facts
8902080105021	Pepsi Cola 250ml Can	Pepsico	12	sodas carbonated-waters colas sweetened-beverages
4711734440418	SDI Snap Off Cutter Blades	SDI		non-food-products open-products-facts
8906017861271	Tiffun			snacks sweet-snacks biscuits-and-cakes cakes
8908016793089	Master chow	Master Chow		
8908006634095	Green Snack Super Stix	Green Snack		snacks
8902579103880	Parlè Agro	Parle Agro	1	parent vegitables
8908014665050	Yogurt Drink Mango	YoPop		
8906001388609	Brown Sliced Brown Bread	English Oven	400g	plant-based-foods cereals-and-potatoes breads wholemeal-breads
00131001	Vikram jaluthriya		100	1-60
8904083534099	organic peanut chikki	24 Mantra Organic		sweet-snacks nuts-and-their-products bars nut-bars
8904272600130	Storia Badam Shake 180ml pet	Storia	200ml	beverages
8901207032127	Real fruit pomegranate 180ml tpk	dabur	1	
4908409918048	Protein & Herbs For Men	O'Ziva	1 kg	dietary-supplements bodybuilding-supplements protein-powders
7622201150181	Dairy Milk	Cadbury	36g	snacks sweet-snacks confectioneries
8906020460027	White Bread	Harvest Gold		plant-based-foods cereals-and-potatoes breads white-breads
8908002105087	Milk White Bread	Bakes Fresh	400g	plant-based-foods-and-beverages plant-based-foods cereals-and-potatoes breads
8908014814021	premium brown bread	Mr Bakewell	400g	plant-based-foods cereals-and-potatoes breads wholemeal-breads
8901063338623	Multi Grain Bread	Britannia	400 g	plant-based-foods cereals-and-potatoes breads wholemeal-breads
8904004401554	Masala Sev Murmura	Haldiram's		fried-snacks fried-puffed-rice
8901764032301	Sprite			
8908006135516	Moraz Strawberry Crush	Moraz		beverages-and-beverages-preparations beverages
8908015172014	Indiraa Foods Ulava Charu	Indiraa Foods		condiments
8904335600657	super muesli no added sugar	yogabar	700g	cereals-and-potatoes cereals-and-their-products breakfast-cereals diet-breakfast-cereals
8906005610591	Fruit Cake with Raisin & Tutti Frutti	winkies	130 g	sweet-snacks biscuits-and-cakes cakes fruit-cakes
8906008811766	Punjabi Khichdi	Fortune	60g	seeds cereals-and-their-products meals cereal-grains
8908001105415	Only Pizza seasoning	Jayanti	28g	spices mixtures-of-herbs-and-spices spice-mix pizza-seasoning
8901058867855	Nestea Iced Tea Lemon flavour	Nestlé	200 ml	beverages tea-based-beverages iced-teas
5727282581328	Papacream X Rhea Kapoor Hazelnut Cold Coffee	Papacream X Rhea Kapoor	450ml	frozen-foods frozen-desserts ice-creams-and-sorbets ice-creams
8901233028651	Nutties	Cadbury	30g	chocolate-candies bonbons chocolates milk-chocolates
8901984912940	brown bread	kwality	400g	cereals-and-potatoes breads baguettes brown-bread-baguette-with-flour-type-80
8901262152945	Protein Lassi - Mango flavour	Amul	250 ml	desserts dairy-desserts dairy-drinks fermented-dairy-desserts
8901725119959	bingo	Ziggy Marley's Coco'Mon	1kg	vegetables-based-foods vegetables sweet-peppers yellow-sweet-peppers
8901052087808	Green Tea	Tetley	100g	plant-based-beverages teas green-teas brewed-green-tea-without-sugar
8901725113520	Glucose Biscuits	Sunfeast	100 g	biscuits-and-cakes biscuits dry-biscuits plain-biscuit
17139168	Roasted Peanut	Diamond	200g	legumes salty-snacks nuts-and-their-products nuts
8906112660519	Rolled Oats	True Elements	40g	cereals-and-their-products breakfast-cereals flakes cereal-flakes
8901719117312	Parle-G Original Gluco Biscuits	Parle	800 g	biscuits-and-cakes biscuits dry-biscuits plain-biscuit
4170090594706	coca powder	Fruitoman's	50 g	cocoa-and-its-products cocoa-and-chocolate-powders instant-beverages chocolate-powders
8901262201124	Amul Masti Dahi	Amul	85 g	desserts dairy-desserts fermented-dairy-desserts yogurts
8906033740758	McVitie's Digestive	McVitie's		snacks sweet-snacks biscuits-and-cakes biscuits
8906021924344	Fruitilicious Fruit Blast Mixed Fruit Jam	Apis	450 g	plant-based-spreads sweet-spreads fruit-and-vegetable-preserves jams
8901725134723	Bounce Choco Twist	Sunfeast	82 g	sweet-snacks biscuits-and-cakes biscuits chocolate-biscuits
8901063004122	GoodDay Choco Chip	Britannia	100 g	sweet-snacks biscuits-and-cakes biscuits chocolate-biscuits
8901030691508	Sandwich Chocolate and Vanilla	Kwality Wall's	57 g	frozen-desserts ice-creams-and-sorbets ice-creams ice-cream-sandwiches
8906064918508	Zahidi Dates	carnival	500g	fruits-based-foods fruits dates zahidi-dates
8801073115118	Samyang Ramen	Samyang	120 g	pastas dried-products-to-be-rehydrated noodles instant-noodles
8906001020196	Go Cheese Slices	Go	200g	fermented-foods fermented-milk-products cheeses sliced-cheeses
8906035030017	Refined Palmolein Oil	First Klass	1l	vegetable-fats vegetable-oils palm-oils palm-oil-refined
8901499008183	Corn Flakes Original	Kellogg's	250 g	cereals-and-their-products breakfast-cereals flakes cereal-flakes
8000500366769	Tic Tac	Tic Tac		snacks sweet-snacks confectioneries candies
8901491001755	Wafer Style Tangy Treat Flavour	Lay's	26.5 g	salty-snacks appetizers chips-and-fries crisps
8904355402828	Apollo Apple Cider Vinegar 500ml	Apollo	500ml	condiments vinegars cider-vinegars
8939997880796	Sona Raw Rice	A.P.D.	5kg	seeds cereals-and-their-products cereal-grains rices
8904308401977	Green Tea	G Happy Day	35g	hot-beverages plant-based-beverages teas green-teas
8908003833002	Mamra / Murmura / Roasted Rice	Kanaiya	500g	cereals-and-their-products breakfast-cereals puffed-grains puffed-cereals
8901499011466	Corn Flakes Real Almond Honey	Kellogg's	180g	cereals-and-their-products breakfast-cereals flakes cereal-flakes
8901725114961	Marie Light	Sunfeast	1kg	snacks sweet-snacks biscuits-and-cakes biscuits
8906076132381	Dark Chocolate Cookies	The Baker's Dozen	25g	snacks sweet-snacks biscuits-and-cakes biscuits
8901090328109	Tata Coffee Grand Classic	TATA	2g	plant-based-foods coffees instant-beverages instant-coffees
8902268010857	Yummy	Anmol	35g	snacks sweet-snacks biscuits-and-cakes biscuits
8901725007652	Mom's Magic	Sunfeast	73	snacks sweet-snacks biscuits-and-cakes biscuits
4796008920056	Real Fruit Power Orange	Dabur Real	1L	fruit-based-beverages juices-and-nectars fruit-juices orange-juices
8906010502782	Stack Up - Simply Salted	Balaji Wafer	60g	appetizers chips-and-fries crisps salty-snacks-made-from-potato
8901764385155	Minute Maid Apple	Minute Maid	150 ml	plant-based-foods-and-beverages beverages plant-based-beverages fruit-based-beverages
8902579000653	Bfizz	Fizz	160ml	beverages carbonated-drinks carbonated-fruit-soft-drink
8901030456381	Taaza tea	brooke bond	250g	hot-beverages plant-based-beverages teas 68132944
3948246005373	Tomato Ketchup	Del Monte	950 g	sauces tomato-sauces ketchup tomato-ketchup
8901512540805	Popcorn		15	plant-based-foods-and-beverages plant-based-foods seeds papaver-seeds
7622201766269	Bournvita	cadbury	2 kg	cereals-and-potatoes dairy-substitutes cereals-and-their-products milk-substitutes
8904258700540	alphonso mango juice	Raw Pressery	1 liter	fruit-based-beverages juices-and-nectars fruit-juices mango-juice
8906074826640	Vegan Pistachio Millet Biscuit	Karachi Bakery	300 g	sweet-snacks biscuits-and-cakes biscuits millet-cookies
8901499009470	Kellogg's Oats	Kellogg's	1 kg	cereals-and-their-products breakfast-cereals flakes cereal-flakes
8906002348169	Poha Mota	Rajdhani	500g	seeds cereals-and-their-products breakfast-cereals cereal-grains
8906049492634	Thoughtful Organic Whole Wheat	Namdharis	1KG	flours cereal-flours wheat-flours whole-wheat-flours
8908002984262	Soulfull Ragi Bites	Soulfull		breakfasts cereals-and-potatoes cereals-and-their-products breakfast-cereals
8901499007728	Oats	Kellogg's		seeds cereals-and-their-products cereal-grains oat
8901491502047	lays	Pepsico Lays		salty-snacks appetizers chips-and-fries crisps
8901058869262	Toned Milk a+	Nestlé	1000 ml	dairies milks
8906137050036	Milma Pride	Milma	500 ml	dairies milks pasteurised-milks cow-milks
8906033745050	Mcvities Butter Cookie 68 GR.	McVities	68 g	sweet-snacks biscuits-and-cakes biscuits shortbread-cookies
8901512540201	Act-2 Golden sizzle 40g	ACT II	40g	snacks popcorn
8901972006040	Nice Sugar sprinkled coconut biscuits	Dukes	150g	snacks sweet-snacks biscuits-and-cakes biscuits
8906082580497	Eggs	TANUJ ROSHI POULTRY FARM		farming-products eggs
8901063162242	Britannia Marie Gold	Britannia	1 kg	biscuits-and-cakes biscuits dry-biscuits plain-biscuit
8901063016859	50 50 Sweet & Salty	Britannia		snacks sweet-snacks biscuits-and-cakes biscuits
8906001385783	Glucose	Cremica		snacks sweet-snacks biscuits-and-cakes biscuits
8901063362871	cake nut & raisin	britannia	60g	sweet-snacks biscuits-and-cakes cakes soft-cake-with-nuts
8908008252242	Premium Jaggery pieces	Rasmalai Gold	800g	sweeteners sugars jaggery
7622201149437	Dairy milk milk chocolate	Mondelez		dairies
8906113261692	immunity booster capsule	himalayan organics	60 capsule	supliment
8908008669712	Raw Whey Protein	Powerus	1kg	dietary-supplements bodybuilding-supplements protein-powders
8906126950002	tgb Bakery			
8906013030695	wai wai maggi	xpress	60 gram	
03908778	changes around us			
8906005618726	Pineapple Cake	winkles	120g	desserts sweet-snacks biscuits-and-cakes cakes
8906048500699	FAREX		1	
08704122	tang			
8901522001648	Blenders Pride			
8901030646201	Bru Green Lable	Bru	16g	
3948063139190	bourbon	britannia	60g	mono-unsaturated-fatty-acid-7-7g
12803286	Khatta Meetha	Bikano	1kg	crunchy-snacks
5017174349366	Vitamin D3	Holland & Barrett	100	dietary-supplements
07258879	semester 3	gjfglh	fkggk	
8901414000438	Navratan mixture 1 kg	Bikano	1 kg	
8901262071680	Hazelnut Chocolate	Amul	150g	amount-per-100g
7622201452889	silk oreo	cadbury	130g	snacks sweet-snacks cocoa-and-its-products chocolates
8901304269662	rock salt powder	classic choice	500g	food
8906061390352	Farali mixture	Badalia Foods	25g	no
09815766	gokshuradi guggul	divyavpharmacy	80n	non-food-products open-beauty-facts medicine
8901117248755	Gsh			
8901725192211	bingo		bbs	
8906001054580	Mixed Pickle	Mother's Recipe	50 g	mixed-fruits-and-vegetables-pickel
8901246003508	Eggless Mayonnaise	Del Monte	900g	condiments
8908005658078	osam misti dahi	osam	80gms	
8902050002039	Cornflakes Chiwda (fried Indian snack)	LaxmiNarayan	250 g	snacks
8901491001045	Spanish tomato tango	Lay's		plant-based-foods-and-beverages plant-based-foods
8908007946029	Mighty Mango			
8902901001754	Sooji rawa		500g	
7622201685638	Dairy Milk Silky Bubbly BubbleGum	Cadbury	120g	confectioneries bars chocolate-candies bonbons
8906081123725	Premium Dryfruit Collection	Happilo	100g	roasted-salted-almonds-and-cashew
16458086	Nariyal			
8908011423042	Lime and lemon	Shunya	300 ml	sugar-free
8901512140609	Peanut spread			
8901393019469	Happydent wave		28.9g	
8901233034300	Cadbury dairy milk silk bubbly	Cadbury	50g	
5000159544917	Bounty		57g	
8901058869446	Sunrise		200g	
8906021061209	cashews blissfully salted	Molsi's	200g	
8801043157681	Nongshi ansungtangmyun	Nongshim	1	
8901030825521	Horlicks Protein Plus Chocolate Flavour	Horlicks Unilever	200g	
8901595853861	Just Soak Whole Wheat Hakka Noodles	Ching's Secret	150g	
8902901224160	Good life walnut kernels		200g	
8904145912957	Ensure Chocolate Flavour	Abbott	1kg	dietary-supplements
8908005144625	Muesli+ Almond+Quinoa Crunch	Yoga Bar	400g	
8904043926643	Unpolished Chana Dal	Tata Sampann	1kg	legumes seeds legume-seeds pulses
8906105470071	Dates Syrup	Kimia	25g	simple-syrups fruit-syrups date-syrups dry-fruit
8906010366841	Madras Mixture	Town Bus	135g	namkeen
8901042971179	Karivepaku Podi	MTR	100g	condiments
8906031931196	Premium Instant Coffee	Levista	200g	
8906069401746	Eggless Mayonnaise Chef's Special	Veeba Favourites	100g	eggless-mayonnaise
8901030897689	Kissan mixed fruit		90	
8901058904093	Munch Max	Nestle	42g	coated-chocolate-wafer
8904287001069	Vermicelli	Bambino	1.4kg	cereals-and-their-products cereal-semolinas wheat-semolinas semolina
8906090574198	Namkeen Bikaneri Bhujia	Too Yumm!	185g	
8904004400922	Haldiram's mixture	Haldiram's	22g	
6284651163312	Toliven Spanish olive oil	Toliven	1,175ml	
8908884700202	Honey gulkand	food circle	300g	honey-gulkand
0048107239800	vsbhs	shahh	gshshs	ebbs
8906111540744	Fun Flips Puffs Cheesy Pizza	JK Foods	65g	
8908004691021	Manchurian Stick	Sun Shobha	200 g	snacks
7622201675660	Cricket Edition Oreo Original	Cadbury		chocolate-biscuit-with-vanilla-filling
8908000589391	Fizz Jeera Masala	Bindu		beverages carbonated-drinks sodas colas
8906004560163	Chips		१५g	
8906017290774	Soda	Bisleri	750 ml	carbonated-drinks waters sodas carbonated-waters
8906112480544	Desi Ghee	Dairy Best		fats animal-fats butter-fat ghee
8906042150036	Roasted Short Vermicelli	Anil	450 g	plant-based-foods pastas noodles vermicelli
8903285074860	hinbi	n		
8906098611253	Loading…			
8901088116275	meena	meena	chandu	free-fire
8901014000159	Hot and spicy Korean veg	Nissin		
8901648013624	Lassi			
8906006722194	Arabian Dates	Lion		
8908005846024	soail sk	bengal tigar	1nam bar	
8901016200021	Gamini			
8908009419774	Savoriz	Bauli	52 g	sweet-pastries-and-pies viennoiseries filled-croissants puff-roll
7622201687632	OREO	Cadbury		
04469568	kissan			
8902080204021	Mirinda	PepsiCo Inc.	250 ml	waters sodas carbonated-waters sweetened-beverages
8901725121648	Atta with Multigrains			
6927849460878	Graine de tournesol au thé vert			
8904090906520	Garlic mixture	Rajam snacks	800 g	
8901063017504	potazos	Britannia		
8901063138162	Nutri choice	Britannia		
8901063092495	good day butter cookiew	Britannia		
7622201718091	Disinfecting wipes			
0078895135886	Light Soy Sauce	Lee Kum Kee		
8901595863013	Schezwan Chutney	ching's	30 g	spreads vegetables-based-foods plant-based-spreads salted-spreads
8904083302063	Yogurt	Milky Mist		
7622201138486	Bournville	Cadbury	80g	
8901393017908	mentos	fssai	28.6g	
8901058898347	Intense café flavoured milk	Nestlé		
8902901227581	Walnut Kernels		500g	
8906014900324	Corn Flour	Kwality	100g	
8901058869736	Milo cocoa malt milk		180ml	
8908001658218	Quā	narang group	1 litre	
8908001753722	sagar	Pet Sapha		non-food-products open-products-facts
89000724	kinley water 500ml		4	beverages waters
8901499008213	Kelloyy's Wheat Flakes	Kellogg's		
8904406116735	Garlic 100% Veggie Chips	SnackWise	text	snacks
8901030373916	Bru Gold	Hindustan Unilever Brand	50 g	
8901719104640	Parle-G	Parle	70g	
8904063200051	Haldiram Bhujia 200g	Haldiram's	200g	snacks fried-foods flour-fried
8908009670021	OMG! Oh My Ganna Cumin Crush	Nutricane	250 ml	juice
8901058857245	Kitkat	Nestle	28.3g	confectioneries bars chocolate-candies bars-covered-with-chocolate
8901063004092	Good day (chocochip)	Britannia	1	
8901595971220	Manchow instant soup	Ching's	15g	dried-products-to-be-rehydrated soups dried-meals dehydrated-soups
8901725198442	Mad Angles Chaat Masti	Bingo	90 g	snacks
8908000106048	ragi huri hittu			
4549741159241	Bestprice Udon	Topvalu	71g	meals pasta-dishes pastas instant-pasta
8901233021645	Cadbury bournville premium chocolate	Cadbury	31 g	
8907316003942	Garlic Paste	Mothers Recipie		
9421007140468	Ghiotti Fusilli	Ghotti	500g	cereals-and-their-products pastas cereal-pastas durum-wheat-pasta
8901571005994	horlicks	gsk	1kg	chocolate-delight
8904004402599	Halke fulke	haldiram	16.25g	
8991001502773	Jakarta	Delfi		
8901542001932	Complan	Zydus Wellness	500 g	
9555540021394	Checkers	Cadbury	140 g	
8714800036016	Bavaria mango passion	Bavaria		
7613035477834	Perrier Citron	Perrier		
8901058859737	Nestle Nan	Nestlé		
8901030900150	Knorr soup	Knorr	42 gram	meals soups soup-mixes
8904109449239	Patanjali Honey	Patanjali	1kg	farming-products sweeteners honeys honey-based-preparations
8902080002054	Tropicana Litchi Delight	PepsiCo	180ml	plant-based-beverages fruit-based-beverages juices-and-nectars fruit-juices
8901063004207	Britannia Good Day Chocochip Cookies	Britannia	111g	snacks sweet-snacks biscuits-and-cakes biscuits
8901063032446	Britannia Treat Croissant Cocoa Crème	Britannia	45g	sweet-pastries-and-pies viennoiseries croissants chocolate-croissant
8904049650580	Riz basmati	Alishaan Superba		cereals-and-their-products cereal-grains rices aromatic-rices
8901088129800	Masala Oats	Saffola	500 g	cereals-and-their-products cereal-grains oat avena
8901542001642	Glucond orange 450g		450 g	
8901542016226	Glucon-D Regular	Glucon-D	125 g	sugar-substitutes energy-drinks natural-sugar-substitutes glucose
8901725006358	Sunfeast Smoothies Strawberry with Chia Seeds 300ml	ITC	11	beverages plant-based-beverages smoothies fruit-smoothies
8904083301813	Cow Ghee	MilkyMist		animal-fats dairy-spreads milkfat butters
8901262030663	amul cow ghee	amul	200 ml	animal-fats dairy-spreads milkfat butters
8901207021718	Hot Sip Ayurvedic Kaadha15120g	Dabur	120g	hot-beverages plant-based-beverages teas herbal-tea-beverages
0031290721818	Milk chocolate	Godiva	90 g /3.2 OZ	sweet-snacks cocoa-and-its-products chocolates milk-chocolates
8901014004744	Cup Noodles Mazedaar Masala	Nissin	1 Qty & Weight 45g	pastas dried-products-to-be-rehydrated noodles instant-noodles
8901764239809	PROTEIN TOTAL FAT pany	Minute Maid	250 ml	spreads plant-based-beverages plant-based-spreads sweet-spreads
8902756331891	Yummiez Veg. Cheese Fingers	Godrej Tyson	400g	meat-analogues breaded-products vegetarian-nuggets frozen-vegetarian-nuggets
8906055442166	Natural Tattva Himalayan Rock Salt	Natural Tattva	500 g	condiments salts rock-salt
8901725196226	Bingo! Tedhe Medhe Masala Tadka	Bingo!	50g	snacks
8901719116063	Monaco	Parle		snacks sweet-snacks biscuits-and-cakes biscuits
8901499009715	Kelloggs Crunchy Granola Almonds & Cranberries	Kelloggs	460 g	cereals-and-potatoes sweet-snacks cereals-and-their-products bars
8908005144168	Protien bar	Yoga bar		bodybuilding-supplements energy-bars protein-bars protein-energy-bars
8901725100025	B Natural Mixed fruit 1ltr tpk	ITC Limied	12	plant-based-beverages fruit-based-beverages juices-and-nectars fruit-juices
8904327600450	Peanut Butter	My Fitness	1.25 Kg	nuts-and-their-products plant-based-spreads oilseed-purees legume-butters
8906145150612	Extra Chil Chocolate Brownime	NOTO		ice-creams-and-sorbets ice-creams ice-cream-bars chocolate-ice-cream-bars
7622201440046	dairy milk	cadbury	12 gram	cocoa-and-its-products chocolates milk-chocolates cadbury
8906131680581	millet noodles	Slurrp Farm		plant-based-foods-and-beverages plant-based-foods pastas noodles
8901063162600	Marie Gold	Britannia	117g	snacks sweet-snacks biscuits-and-cakes biscuits
8901262010023	Amul pasteurised butter	Amul	250	fats spreads spreadable-fats animal-fats
8906042150029	Roasted Short Vermicelli	Anil	180g	plant-based-foods-and-beverages plant-based-foods pastas noodles
8908005144076	Multigrain energy bar	Yoga Bar	38 g	dietary-supplements bodybuilding-supplements protein-bars
8904063200136	Haldiram's Moong Dal	Haldiram's	200g	legumes seeds legume-seeds pulses
8901491702539	Oats Multigrain	Quaker	300g	plant-based-foods flakes rolled-flakes multigrain-oats
8906006722972	Lion Muscat Dates	Lion	500g	dried-products fruits dried-plant-based-foods dried-fruits
8902080001293	Black	Pepsi	Bottle of 600ml	sodas diet-beverages colas diet-sodas
8901063029217	Jim Jam	Britannia	25g	biscuits-and-cakes biscuits-and-crackers biscuits flavoured-sandwich-biscuits
8908013479139	The Whole Truth Bar Cranberry	The Whole Truth	52g	bars dietary-supplements bodybuilding-supplements protein-bars
6291100213146	Khajoor Fard {date Crown} 500 GM		500g	fruits-and-vegetables-based-foods fruits-based-foods fruits dates
8908005144366	Breakfast Protein Bar Apricot Fig	Yoga Bar	50g	bodybuilding-supplements energy-bars protein-bars protein-energy-bars
8906020580015	Idly & Dosa Batter	iD	1kg	dosa-batter
8902433003134	Butterscotch Flavour	Snickers	40 g	sweet-snacks cocoa-and-its-products chocolates filled-chocolates
8934588232114	Sting Energy	Sting	320ml	beverages-and-beverages-preparations beverages energy-drinks energy-drink-with-sugar
8901018018242	Sandwich Bread	Nilgiris	200g	plant-based-foods-and-beverages plant-based-foods cereals-and-potatoes breads
8908013982646	Lahori Zeera	Lahori Zeera	160 ml	beverages carbonated-drinks sodas carbonated-fruit-soft-drink
8901063026162	Nutri choice crakers	Britannia	300 g	biscuits-and-cakes biscuits biscuits-cookies-shelf-stable sugar-free-biscuit
8904109490545	Patanjali COW'S GHEE	Patanjali	500 ml	animal-fats dairy-spreads milkfat butters
8901030771699	cornetto oreo disc	kwality walls	72g	desserts frozen-foods frozen-desserts
8906069401210	Peanut butter	veeba	925g	plant-based-spreads oilseed-purees legume-butters peanut-butters
8901058905113	Kit Kat	Nestlé		chocolate-candies bars candy-chocolate-bars chocolate-biscuity-bars
8901058842142	a+ slim	Nestle	1 l	pasteurised-products uht-milks skimmed-milks uht-skimmed-milks
3297387000137	Achard legumes 200g	Royal Bourbon	0,2 kg	vegetables-based-foods canned-plant-based-foods pickles canned-vegetables
8901088129824	Masala oats			plant-based-foods-and-beverages plant-based-foods
8901491002141	Gourmet limed and cracked pepper chips	Lay's		salty-snacks appetizers chips-and-fries crisps
8901725121754	Aashirvaad	ITC		cereals-and-their-products flours cereal-flours cereal-grains
8906065166007	Farmland frozen green peas	Farmland	1kg	legumes vegetables-based-foods frozen-foods vegetables
8907003505032	Pepper Thattai	Adyar Ananda Bhavan	250g	salty-snacks appetizers crackers fried-cereal-snack
6001240390047	Fruitree			
8901058875324	Maggi - Desi Cheesy	Nestle	60.5 g	
8901972062947	Creme 4 Fun	Dukes	150g	463-2
8901058839456	sunrise	Nescafe		
8901393016369	Chupa chups lollipop		1	
8908000861107	GOPAL	gopal		
8902080013302	Tropicana apple 1ltr (5)	Tropicana		
8904022900084	Brown Bread			
8901719122910	Parle real elaichi rusk	Parle	182g	plant-based-foods-and-beverages plant-based-foods cereals-and-potatoes breads
8904043551548	Whole Wheat Bread	Modern		plant-based-foods cereals-and-potatoes breads whole-wheat-bread
8904256700863	Whole Wheat Bread	Fresho	400g	plant-based-foods cereals-and-potatoes breads whole-wheat-bread
8904043551579	multgrain bread	modern	400g	plant-based-foods-and-beverages plant-based-foods cereals-and-potatoes breads
8908014814120	Hotdog bun	Mr Bakewell	160g	plant-based-foods-and-beverages plant-based-foods cereals-and-potatoes breads
8906018140429	Puff Dough Paratha	Switz	400 grams	plant-based-foods-and-beverages plant-based-foods cereals-and-potatoes breads
8906020460683	Harvest Gold 100% Whole Wheat Bread	Harvest Gold	450g	plant-based-foods-and-beverages plant-based-foods cereals-and-potatoes breads
8908009186713	olena womans protein & superfoods	olena	500g	dietary-supplements bodybuilding-supplements protein-powders
8901393019452	Happydent			
8908005144359	Breakfast protein bar	Yoga Bar	50g	bodybuilding-supplements energy-bars protein-bars protein-energy-bars
8904004414509	gol kachauri	Haldiram's	200 g	snacks frozen-foods frozen-snacks-and-starters
8904063214393	Aloo bhujia	Haldiram's		
8906064656783	Wingreens farms prm tandri moyo		4	
89009727	rich tomato sauce	Maggi		
8901012116562	Johnson's baby powder		100g	non-food-products open-beauty-facts
89007426	100% Pure coconut oil	Parachute	25 ml (22.8 g)	vegetable-fats vegetable-oils fruit-and-fruit-seed-oils coconut-oils
4184144421573	hello	gucci	25	non-food-products open-products-facts
8901030609275	knorr hong kong machow noodle soup	knorr	46 g	
8901058856293	Masala Magic	Nestle	78 g	
8901233020341	BournVita	Cadbury	500g	
8902080013869	Pomegranate juice	Tropicana	1 l	
8906010500559	Mung Dal	Balaji	25 g	
8906012240088	Heeng ki tikiya	Dilbahar	100g	
8901725181529	Yippe noodles	ITC	74.5 g	
8906025201786	Roasted Dalia	Tip Top	500 g	seeds cereals-and-their-products cereal-grains wheats
8906032010999	Nutrela Soya Granules 220gm	Nutrela	220 g	
8908000106055	Indiras ragi huri hittu	Indira Foods Pvt.Ltd	400 g	
8901542001673	Glucon - D	zydus wellness products ltd	250g	glucon-d-instant-energy
8901192205100	catch chat masala	Catch	100g	
8904076000037	Ghee	Nambisan's	200 ml	fats animal-fats butter-fat
8901741080080	Rio Mango Alfonso flavour			
8908005583189	cheese balls	time out	55g	snacks
8902080504046	Aquafina	Aquafina	500 ml	beverages waters drinking-water
6907992400754	milk tablet		16gm	
8908002026535	Pani puri	BTW	6	snacks
3034027802009	Mont dore eau petillante			
8906002982004	ankursalt		1kg	
8908010864013	mini soya chunks(BARI)		50gm	
8901233036731	dairy milk silk	Cadbury		snacks sweet-snacks cocoa-and-its-products chocolates
8904004400588	Haldiram's Lite Chiwda	Haldiram	57 g	
8901063016606	50-50 sweet and salt	Britannia		
0028400034227	Sea salted whole cashews			
4792082700010	Amberella chutney	mc curtie	450 g	plant-based-foods-and-beverages plant-based-foods fruits-and-vegetables-based-foods vegetables-based-foods
8901233035178	Bourn vita	Cadbury	1kg	
8908005126324	Boom	Bira		
8908012289128	Naturamore	Naturamore nutraceutical	350gm	women
8906071886029	Dark love		cintu	
8901058869873	BARONE	NESTLE	75 kcal	
8901233031712	fuse	cadbury		snacks sweet-snacks cocoa-and-its-products chocolates
8904083517221	Moong Dal	24 Mantra Organic	4lb	legumes seeds legume-seeds pulses
8901499008015	Chocos	Kellogg's		
8906069402668	Veeba		1	
8906008971187	evi			
8901030766381	bluetooth speaker			
8901716110620	mahabub Hasan			
8904027306287	rahul			
8904079902048	SULTAN		Bangalore	
8906133400477	Vegain	Man matters		
8901063019140	Little hearts	Britannia		
1928342350470	manna oats		500g	
8908015044045	aman kumar	hgebgf	aman kumar	hhggc
8901764032608	sprite	Sprite	1	
8906002770175	Classic Cold Coffee	Cothas	250 ml	beverages plant-based-foods coffees cold-coffee
8906015540147	Redchilli sauce			
8901117252486	Maxirich Multivitamin	Nutrraceutical		
8906021922050	Himalaya Honey	Apis	1kg	
8904083303039	Curd			
94247848	cornitos Nacho Crisps	Cornitos	60g	
8901030646225	green label bru	bRU	500g	green-lables
8904005452043	sankalp	William Saurin	1000	pastas cereal-pastas durum-wheat-pasta whole-or-semi-whole-durum-wheat-pasta
8901302106563	Modigram LX	Micro Labs	5 ml	
8901453040839	safi	hamdard	500ml	non-food-products open-products-facts
8902080000906	Mixed fruit delight	tropicana	200ml	juice
8901063012332	milk bikies	Britannia		
8901058898330	Nescafe choco mocha	Nestle	180 ml	
8908006727421	Neycer	Neycer	500 ml	beverages waters drinking-water
8904109463549	Amla Chatpata Candy	Patanjali	250g	
8904258701950	Choco mint protein shake			
8901314644312	Colgate Herbal	Colgate	200g	non-food-products open-beauty-facts
8901063032484	Britannia treat Croissant Mixed Fruit	Britannia	47g	snacks
8904109449727	Honey			
8908002984200	Soulfull Ragi Bites	SOULFULL	250g	
4902505085697	rad pen		good pen	
7901325019285	Center fresh			
8901725114916	Marie light	Sunfeast	200g	
8903363002556	mango merry	coco- cola	2l	snacks sweet-snacks confectioneries
8908006487028	elaichi rusk	madhurima	500g	snacks sweet-snacks
8901499006936	Kellogg's Chocos	Kellogg's	12	chocos
8901393017106	Chupa chups butes	Chupa Chups		
8901491000659	cheetos	pepsico india	18 g	chips-and-fries
8904004402216	Haldiram Phulhari chiwda@5 Case 300 str12*25		3738 pices	
8906066204029	CREAMY MUSHROOM SOUP	KEYA	44g	
8904209318190	pani puri	aachi	310g	
8901688900083	Vegetable Spring Rolls	Sumeru	200g	frozen-spring-rolls
8906116955949	Creamy Dark Chocolate Peanut Butter	Muscle Blaze	750g	plant-based-foods snacks sweet-snacks nuts-and-their-products
8901088129817	Masala oats	Saffola	500 g	rolled-oats-with-vegetables
8901548100110	Nutralitefat dwhomga3 chltrl 500g		2	
8000500348208	Moments	Ferrero		
8901393016192	Mentos pure and fresh gum	Mentos	54.6g	sweet-snacks confectioneries chewing-gum sugar-free-chewing-gum
8901071359108	Sofit Soya Drink Vanilla Flavour	Hershey's	1l	flavoured-soy-drink
8906047529578	DiSano Apple Cider Vinegar with Mother of vinegar	DiSano	500 ml	apple-cider
8901063160088	Puremagic chocolush	Britannia	75g	
8901491001144	Maxx sizzling barbeque flavour	Lay's		
8906003381714	Organic Raw Honey	Little Bee	500grams	raw-honey
8994963003272	Instant Noodles Special Chicken Flavour			
8901030902376	Mixed Vegetable Soup	Knorr	9.5g	meals soups
8906112993341	Keto Almond Cookies	Lo! Foods	200g	
8901030807220	horlicks classic malt 1kg		4	
8908000385085	Dev thatta			
8906064452972	natclum			
8901576001199	Potato Mixture	Modern Kitchens	150g	potato-crisps-with-dry-fruits
8901719120251	Chatkeens Khatta Meetha mixture	Parle	530g	snacks
8908017333031	Grow vita			
8904132926813	Besan	Goodlife	500g	plant-based-foods-and-beverages plant-based-foods flours
8908007811068	Moong Dal	Sipani	15g	snacks salty-snacks
8908000713628	Soya chunks	24 carats	200g	51-proteins
8904004417319	rusky aata toast	haldiram's	250gm	
15842282	poosami			
8908000885011	mango drink	podaran		
8901063362086	Britannia Golddes	Britannia		
8901725109868	Bingo Mad Angles PIZZA..AAAAH	ITC	36.5g	snacks
8904043927220	Tata Sampanna Chilli Powder -200g		200g	
8908016071101	iu	j	k	u
8906016011813	Indian kishmish			
8901058893434	special chicken 65 masala	Noodles		
8904192211553	Thoughtful Kabuki Channa	Namdharis	500gms	
8901030733543	Loading…			
09793972	cow ghee	mahi	902	
8906002525430	ZKhusboo			
8901491001168	Masala munch			snacks
8906052051095	Roasted Peanuts	Diamond		
8904215501661	ujoygnhyyhyyhhggyhhh	ducthv	hkb	srvdrjbk
8901207014147	Coconut Milk	Hommade	200 ml	milk-substitutes plant-based-beverages plant-based-milk-alternatives plant-based-creams
8901719115400	Milano	parle	1	sweet-snacks biscuits-and-cakes biscuits chocolate-biscuits
7622201442071	Chocobakes Choc layered Cakes	Cadbury	21 g	sweet-snacks biscuits-and-cakes cakes chocolate-cakes
8901058872880	Masala vag atta noodles	Nestlé	72.5 g	dried-products-to-be-rehydrated noodles instant-noodles whole-wheat-noodles
8901725133979	Sunfeast Dark Fantasy Bourbon, Classic Biscuit	Sunfeast	50g	biscuits-and-cakes biscuits chocolate-biscuits filled-biscuits
8906064651474	Cheesy Sauce	Wingreens Farms	180 g	condiments spreads salted-spreads sauces
8906010500139	Balaji Wafers	Balaji	35 g	sweet-snacks biscuits-and-cakes biscuits wafers
96831434	Continental This is Caramel coffee	Continental Coffee Limited	22g	plant-based-foods-and-beverages plant-based-foods coffees instant-coffee-with-milk-without-sugar
8906010501952	Balaji Wafers Rumbles Potato Chips Pudina Twist flavour	Balaji	40 g	salty-snacks appetizers chips-and-fries crisps
8902188802099	turmeric powder	Ramdev	500 g	spices turmeric turmeric-powder groceries
8906089380304	Soklet	Regal foods and Beverages	50gm	chocolates dark-chocolates milk-chocolates dark-chocolate-bar-with-more-than-70-cocoa
8901044200284	mapro mixed fruit jam	mapro	1 kg	plant-based-spreads sweet-spreads fruit-and-vegetable-preserves jams
8901030518591	Cornflour	Brown & polson	100g	flours cereal-flours starches cereal-starches
0610825925084	Goodmylk Mylk	Goodmylk	200 ml	milk-substitutes nuts-and-their-products plant-based-beverages plant-based-milk-alternatives
8901063162297	marie gold	Britannia Industries Ltd	39g	snacks sweet-snacks biscuits-and-cakes biscuits
8906026900022	sugar	madhur	1 kg	sweeteners sugars
8901063139206	Bourbon	Britannia	120g	sweet-snacks biscuits-and-cakes biscuits chocolate-biscuits
8901499008244	Chocos Moons & Stars	Kellogg's	28.6g	breakfasts cereals-and-potatoes cereals-and-their-products breakfast-cereals
8901414001619	Kesar Rasbari Barfi	Bikano	1 kg	snacks sweet-snacks confectioneries candies
8901192227003	Dahi Masala	Catch	100g	
8908013479122	Whole truth protein bar	Whole truth		dietary-supplements bodybuilding-supplements protein-bars
8901725111663	Yippee Creamy Corn Pasta	Sunfeast	65g	
8901123005397	Lotte Choco Pie	Lotte		pies
8901030825545	Horlicks Protein Plus Vanilla Flavour	Unilever Horlicks	200g	vanilla-protein-shake
8906009070636	Unibic fruit & Nut cookies 500g	Unobic	22	
8901972053525	Dukes Nibbles Masala		150g	
8901719117220	Parle Hide &seek 200g(30)	Parle		
8902269502399	Protichem (CHOCOLATE)	Protichem		beverages-and-beverages-preparations beverages
8901030634475	Kissan Orange Squash	Kissan		beverages-and-beverages-preparations beverages sweetened-beverages
8906005273000	Cetaphil Moisturizing Lotion			non-food-products open-beauty-facts
8901287100211	Mysore Sandal Soap			non-food-products open-beauty-facts
8939108804796	Idly And Dosa Batter	RC	1kg	batter
8904109450327	patanjali Dant Kanti			non-food-products open-beauty-facts
8901192002105	Catch Pink Rock Salt(Sendha Namak)	Catch	100 Grams	rock-salt
8901030722288	Dove Shampoo		1	
8901030578830	Surf Excel	Surf		non-food-products open-products-facts
8906007280020	Fortune oil		500 ml	refined-oil
8901786160501	EVEREST Chicken Masala	Everest	50gm	plant-based-foods-and-beverages plant-based-foods condiments spices
8908016247018	Traya Health Tatva	Traya		non-food-products open-products-facts pharmaceutical
8901088017411	Saffola gold Blended oil 5 l	Saffola	3	
8901030674570	Brooke Bond Red Label Natural Care Flavoured Tea	Brooke Bond	250 g	hot-beverages plant-based-beverages teas flavored-teas
8904004400250	Haldiram's Soya Sticks	Haldiram's	200g	snacks
0089686018011	Mi Instant Sarimi Isi 2	Indofood	115 g	pastas noodles rice-vermicelli dried-rice-noodles
8901058002997	Pazzta mashroom	Maggi	68.5	meals pasta-dishes instant-pasta instant-pasta-with-cheese
8901063093089	Good day Cashew	Britannia	120 g	snacks sweet-snacks biscuits-and-cakes biscuits
8901063162549	Marie gold	Britannia		snacks sweet-snacks biscuits-and-cakes biscuits
8906006720039	Seedless Dates	Lion	200 g	fruits-based-foods fruits dates dry-fruit
8908008806094	Refined Wheat Flour	Shri Neelkamal	500g	flours cereal-flours wheat-flours white-wheat-flours
8901063026278	Nutri Choice Sugar Free Crackers	Britannia		snacks salty-snacks appetizers crackers
8901058904000	Instant noodles	Maggi		pastas dried-products-to-be-rehydrated noodles instant-noodles
8901063092501	Good Day Butter 600g	Britannia	600 g	biscuits-and-cakes biscuits dry-biscuits breakfast-biscuit
8906035030055	Refined Sunflower Oil	Freedom	1Litre(982g)	vegetable-oils sunflower-seeds-and-their-products sunflower-oils refined-deodorized-sunflower-oils
8906016410241	Toned Milk	Godrej Jersey	500g	dairies milks pasteurised-milks
8901071732413	Milk shake chocolate flavour	Hershey's	1	dairies dairy-drinks flavoured-milks milkshakes
8906021922067	Himalaya honey	Apis	500	bee-products farming-products sweeteners honeys
8901063325364	Toastea Rusk	Britannia	273 g	plant-based-foods cereals-and-potatoes breads rusks
8907848000129	Suprabhatam UHT Processed Toned Milk	Vijaya Telangana	500ml	dairies milks pasteurised-milks
8902286041239	Milk	Visakha Dairy		dairies milks
8906017862520	Burst	Bisk Farm		sweet-snacks biscuits-and-cakes biscuits wafers
8908011154007	Eggs	Natural Farms	5 pcs	farming-products eggs chicken-eggs
8906082580138	Eggs	Henfruit	30 units	farming-products eggs chicken-eggs
8906008350500	Oats	Manna		cereals-and-their-products breakfast-cereals flakes cereal-flakes
8904004407860	Chatpata matar	Haldiram	18 gram	
8901576003063	Butter Murukku	Modern Kitchens	150g	snacks salty-snacks
0754083605446	Essential Whey Protein	Big Muscle	1000gm	dietary-supplements bodybuilding-supplements protein-powders whey-protein
8905507000374	Wheat atta 5kg(5)			
8906097404047	Tamarind Whole	Zoff	500g	tamarind
8904406170454	Sompapdi	Raviteja	120g	snacks
4906116580084	Rice Rava Idly Batter	iD	1kg	
8904004405514	Orange Soan Treat	Haldiram's	250g	snacks sweet-snacks
7001376117500	glucose biscuits	Sunfeast	96g	
8906005505446	Rasgulla		1kg	
8904026633957	Naturolax-A	Piramal	300g	non-food-products open-products-facts isabgol
8906144490474	Instant Coffee	Sleepy Owl	100 g	plant-based-foods-and-beverages plant-based-foods coffees
8901786062003	Chaat Masala	everest	200g	plant-based-foods-and-beverages plant-based-foods condiments spices
8906007287012	Fortune Everyday rice full grain 1 kg		1 kg	
8906038230223	Chicken Salami	Zorabian	250g	meats-and-their-products prepared-meats
8906151234214	chickpea popped chips	Snackible	30g	snacks
4988563400498	instant coffee	sleepy owl	100g	beverages plant-based-foods coffees unsweetened-beverages
8908005151135	Korean Style Instant Noodles	Wang Ramen	80g	
8904083506614	Kismis	24 mantra	100g	
8904288612806	mixed pickle	tops		plant-based-foods-and-beverages plant-based-foods pickles plant-based-pickles
8904043905730	Yumside Delhi Style Dal Makhani	Tata Sampann	285g	
8901063325463	Bri toastea			
8908005144335	Almond Coconut Breakfast Protein Bar	Yoga Bar	50g	bodybuilding-supplements energy-bars protein-bars protein-energy-bars
8906036070838	Rajesh haldi paudar	Rajesh	100 g	
8901030949630	Women's Plus	Horlicks Unilever	200 g	beverages plant-based-beverages instant-beverages cereals-based-beverages
8906080602832	Swing paper boat (lush lychee)		600ml	
8901088884174	Soya Mini Chunks	Saffola		soyabean
8901512910608	Milk Multigrain Popz	Sundrop	23g	pastry-helpers sprinkles chocolate-sprinkles milk-chocolate-sprinkles
8906047529523	Peanut Butter Creamy	DiSano	350g	plant-based-spreads oilseed-purees legume-butters peanut-butters
8906000610909	Potato Cheese Shotz	McCain	400 g	salty-snacks appetizers chips-and-fries crisps
8902979051934	Chocolate Milkshake	Cavin's	1 Liter	dairies dairy-drinks flavoured-milks milkshakes
8902979052405	Cavins butterscotch milkshake	Cavin’s	180ml	dairies dairy-drinks flavoured-milks milkshakes
8901296200674	Chericof syrup - Cherry flavour		100 ml	syrups
8901786260508	Black pepper	S. Narendrakumar & Co.	50 g	condiments spices groceries md-imtiyaz
8904258702407	Raw Pressery Protein Milkshake	Raw Pressery		beverages-and-beverages-preparations beverages
8901192226051	Hing	Catch	50g	plant-based-foods condiments spices asafoetida
8902433005688	Galaxy Fusions Dark Chocolate	Galaxy		snacks sweet-snacks cocoa-and-its-products chocolates
8901499009661	Kellogg's corn flakes original	Kellogg's	65g	cereals-and-their-products breakfast-cereals flakes cereal-flakes
8908021821128	freshko			
8908000655140	Agmark Ghee	Udhaya Krishna	200 ml	animal-fats dairy-spreads milkfat butters
8901719123801	Parle MONACO 400g	Parle	400g	salty-snacks appetizers biscuits-and-crackers crackers
0717524111128	Del Monte Banana from Guatemala	Del Monte		fruits-based-foods fruits tropical-fruits bananas
8901499010452	Kelloggs muesli crunchy fruit (2)	Kellogg's	1	cereals-and-their-products breakfast-cereals cereals-with-fruits mueslis
8902579107017	Frooti		2 l	plant-based-beverages fruit-based-beverages juices-and-nectars fruit-juices
8906064656714	Wingreens sauce		200g	condiments sauces salad-dressings
8904304500001	Swad kesar Mango Pulp	Swad		fruits-based-foods fruits tropical-fruits mango-pulp
8410125245170	Figaro Olive Oil	DEOLEO	100 ml	vegetable-fats olive-tree-products vegetable-oils olive-oils
8908002180367	Tim Tim walnut	kashmir walnut group	250g	nuts shelled-nuts walnuts walnut-kernels
8906013030947	X-press Instant Noodles Vegetable Flavour 70g	WAI WAI	70g packet	pastas dried-products-to-be-rehydrated noodles instant-noodles
8904057397101	Hatsun Curd	Hatsun		desserts dairy-desserts fermented-dairy-desserts yogurts
8901826332226	Verka Toned Milk Dahi	Verka		desserts dairy-desserts fermented-dairy-desserts yogurts
8906006720497	Layina Dates	Lion	500g	fruits-and-vegetables-based-foods fruits-based-foods fruits dates
8904258700748	Mixed Fruit	Raw Pressery	1000 ml	plant-based-beverages fruit-based-beverages juices-and-nectars fruit-and-vegetable-juices
8906035050824	neha	gg	Teek ha	prepared-meats hams white-hams white-smoked-hams
8906097402081	Cumin Whole	Zoff	200g	plant-based-foods condiments spices cumin
89000717	Maggi rich tomato sauce	Maggi	200g	condiments sauces tomato-sauces
8902080013272	Tropicana Litchi Delight Juice 1Ltr (Pckt)	Tropicana	200 ml	plant-based-beverages fruit-based-beverages juices-and-nectars fruit-juices
8901063164321	Tiger Kreemz Orange	Britannia		snacks sweet-snacks biscuits-and-cakes biscuits
8901491002196	Oats Muesli	Quaker	700g	cereals-and-potatoes cereals-and-their-products breakfast-cereals mueslis
8901719123085	Black Bourbon	Parle Platina	300 g	snacks sweet-snacks biscuits-and-cakes biscuits
8852111021274	Tuna	Golden Prize		fishes-and-their-products fishes fatty-fishes tunas
8902579002664	Smoodh Chocolate	Parlē Agro	150 ml	dairies dairy-drinks flavoured-milks chocolate-milks
8901052005154	Gold Care	Tata Tea	250 g	hot-beverages plant-based-beverages teas flavored-teas
8902579000387	Appy	Parle Agro		plant-based-foods-and-beverages beverages plant-based-beverages fruit-based-beverages
8906066201721	Pizza Seasoning	Keya		plant-based-foods condiments spices spice-mix
8902579002039	appy fizz	parle agro appy fizz	250ml	beverages carbonated-drinks carbonated-fruit-soft-drink
8901537074231	Daawat pulav basmati rice 1kg	Daawat	1 kg	cereals-and-their-products cereal-grains rices aromatic-rices
8902080011612	Pomegranate Delight	Tropicana	200 ml	plant-based-beverages fruit-based-beverages juices-and-nectars fruit-juices
8901689702099	Strawberry Jam	Mala's	350 g	plant-based-spreads sweet-spreads fruit-and-vegetable-preserves jams
8906033742455	Digestive	McVitie's	75g	snacks sweet-snacks biscuits-and-cakes biscuits
8906097592911	goodeatz Lentil Soup	Fast&Up	22g	soups reheatable-soups vegetable-soups reheatable-vegetable-soups
8904320007034	honey	DiSano	500g	bee-products farming-products sweeteners honeys
8906132692354	Cod Liver Oil	Dr Morepen	100, 180g container	fats animal-fats fish-oils codliver-fats
8908007487096	Saudi Dates	Al Mufeed	480 g	fruits-based-foods fruits dates whole-dates
8901063017719	50 50 Golmaal	Britannia	110g	snacks sweet-snacks biscuits-and-cakes biscuits
8901058905441	Maggi 2-minute noodles Special Masala	Nestlé	70g	pastas dried-products-to-be-rehydrated noodles instant-noodles
8908003249414	Greek yogurt	Akshayakalpa	100g	dairy-desserts fermented-dairy-desserts yogurts greek-style-yogurts
8901063029286	Jimjam 460g	Britannia	460 g	snacks sweet-snacks biscuits-and-cakes biscuits
8901512540102	Act II Classic Salted	ACT II	40g	snacks popcorn
8904089918138	Happy Full Cream Milk	Heritage	500ml	dairies milks
8901030518232	Cup-a-Soup Sweet Corn Veg	Knorr	12 g	meals dried-products soups vegetable-soups
8901063012615	Milk bikies biscuit	Britannia		snacks sweet-snacks biscuits-and-cakes biscuits
8901262152136	Milk Shake Double Chocolate	Amul	200ml	dairies dairy-drinks flavoured-milks chocolate-milks
8901207002496	Kundan.kumar	dabar	120g	dairy-desserts fermented-dairy-desserts fermented-dairy-desserts-with-fruits yogurts
3700009272466	Taboulé à l'orientale		250 g	meals savory-semolina-dishes tabbouleh eastern-tabbouleh
8901725114848	Marie light	Sunfeast	40.7g	snacks sweet-snacks biscuits-and-cakes biscuits
8901058101577	Tomato Ketchup	Maggi	22	tomato-sauces ketchup tomato-ketchup groceries
8908000407008	Goat Cheese	Flanders Dairy Products	500g	fermented-foods fermented-milk-products cheeses goat-cheeses
8901826301574	Verka toned homogenized milk	Verka	1 l	dairies milks whole-milks
96188460	Rich tomato ketchup	Maggi		tomato-sauces ketchup tomato-ketchup groceries
8901030625381	bru coffee	BRU	100	plant-based-foods coffees instant-beverages instant-coffees
3948719100369	Hide And Seek	Parle	33g	sweet-snacks biscuits-and-cakes biscuits dry-biscuits
8904150502242	Mini Cookie Cake	Pillsbury	66 g	snacks sweet-snacks biscuits-and-cakes biscuits
8901262030601	Amul cow ghee	Amul	1 kg	animal-fats dairy-spreads milkfat butters
8901262071017	Amul Belgian chocolate	Amul	125g	
8906017440902	Mamra giri Almond	Bliss	250g	plant-based-foods nuts-and-their-products nuts almonds
8901207021220	real apple juice	real	1l	1l
8904043551586	Brown Bread	Modern	300g	plant-based-foods-and-beverages plant-based-foods cereals-and-potatoes breads
8904004400977	Indian Snacks Mixture	Haldiram's	400 g	plant-based-foods-and-beverages plant-based-foods fried-snacks
8908004010822	Fruit Biscuits	Karachi Bakery	400g 7 serving	snacks sweet-snacks biscuits-and-cakes fruit-biscuits
8906080603518	Paper boat Zero Sparkling Coffee	Paper boat		sodas carbonated-waters flavored-waters flavored-sparkling-waters
8901512540409	ACT II Chilli Surprise Flavour	ACT II	40g	snacks popcorn
8906048500668	Protinex Rich Chocolate Flavour 400g Jar	Danone	6	dietary-supplements
8906048501450	Beverage Mix - Protinex Creamy Vanilla flavor 400g Jar	Protinex	4	beverages dietary-supplements
8904063255518	Whoopies	Haldiram's	45g	chips-and-fries cheese-bala
8030853001833	olive oil	Frantoi Cutrera	250 ml	olive-tree-products vegetable-oils olive-oils extra-virgin-olive-oils
8904067709857	Roasted peanuts	Jabsons	140 g	legumes salty-snacks nuts-and-their-products nuts
8901262172493	Amul Chocochips Icecream	Amul		frozen-foods frozen-desserts ice-creams-and-sorbets ice-creams
89009710	Hot And Sweet Ketchup	200g		condiments sauces
8906055440261	Organic Suji	Organic tattva	500g	plant-based-foods cereals-and-potatoes cereals-and-their-products cereal-semolinas
8901491000772	American Style Cream & Onion Flavour	Lay's	82 g	salty-snacks appetizers chips-and-fries crisps
8906069400077	veeba barbeque sauce	VEEBA	330g	condiments sauces barbecue-sauces
8902433000416	Snickers Almond	Snickers		chocolate-candies bars dietary-supplements bodybuilding-supplements
3948764032400	sprite	coca cola	2L	lemon-lime-flavoured-carbonated-water
8906151230155	Jowar Puffs	Snackible	35g	snacks
8901725116071	All Rounder	Sunfeast	75g	biscuits-and-cakes biscuits-and-crackers biscuits chatpata-masala
8901063363779	Britannia cake fruity fun	Britannia	50g	biscuits-and-cakes biscuits-and-crackers biscuits cakes
8904089923705	Family Toned Milk	Heritage	500ml	milks pasteurised-products pasteurised-milks toned-milk
8901063325609	Toastea premium rusk	Britannia	200g	cereals-and-potatoes breads premium-bake-rusk toasted-bread
8906059635069	Greek yogurt wild raspberry	Epigamia		dairy-desserts fermented-dairy-desserts yogurts greek-style-yogurts
8906000379134	Fanta	coca cola company	750ml	beverages carbonated-drinks sodas sweetened-beverages
8901648097983	Mother Dairy Ultimate Dahi	Mother Dairy	400g	dairy-desserts fermented-dairy-desserts yogurts curd
8901063029316	Jimjam pops	Britannia	350g	snacks sweet-snacks biscuits-and-cakes biscuits
8901063028227	Britannia nice time (8)	Britannia	4	buscuit
8904109445309	Patanjali Pineapple Jam	Patanjali	500g	plant-based-spreads sweet-spreads fruit-and-vegetable-preserves jams
8906006721821	kimjo Dates	LION	500 g	dried-products fruits dried-plant-based-foods dried-fruits
8901786270507	Dry Mango Powder	Everest	50 g	dried-products dried-plant-based-foods dried-fruits dried-mangoes
8906048500835	Protinex Original	Protinex	250 g	dietary-supplements
8906032010012	Ruchi gold Oil	Ruchi Gold	893g	vegetable-fats vegetable-oils palm-oils palm-oil-refined
8908010900049	Peanut Butter	Pintola	350 g	nuts-and-their-products plant-based-spreads nuts oilseed-purees
0944607300005	Paneer	Milky Mist	500g	fermented-milk-products cheeses cottage-cheeses paneer
8906010500535	Balaji Wafers Chaat Chaska	Balaji	35 g	appetizers chips-and-fries crisps salty-snacks-made-from-potato
8908001246873	Curls Crax	Crax	23g	salty-snacks appetizers crackers puffed-salty-snacks
7622201149543	Dairy Milk Chocolate	Mondelez	36 g	snacks sweet-snacks cocoa-and-its-products chocolates
8904043551555	Atta Shakti	Modern	400g	plant-based-foods-and-beverages plant-based-foods cereals-and-potatoes breads
8901595961412	Hot and sour soup	Ching's Secret	55 g	meals soups
7622201798260	Cadbury gems	Cadbury	7.9g	cocoa-and-its-products confectioneries chocolate-candies sugar-coated-chocolate-confectioneries
8901071701952	Hershy's Kisses cookies 'n' creme	Hershey's		cocoa-and-its-products chocolates chocolate-molds chocolate-sculptures
8902579002442	Appy fizz	Parle		fruit-based-beverages juices-and-nectars fruit-juices unsweetened-beverages
8901414016415	all time mixture	bikano	1kg	snacks salty-snacks
90448249	The Red Edition Energy Drink	Redbull	250ml	beverages energy-drinks energy-drink-with-sugar sweetened-beverages
8901725104641	Sunfeast moms magic cashew almond	Sunfeast	584 g	
8906008811131	suji semolina	fortune	500g	cereals-and-their-products cereal-semolinas wheat-semolinas semolina
8906002006472	Sandwich Spread Veg. Cucumber & Carrot	Dr.Oetker Funfoods	250g	emulsified-dips sandwich-spreads
8902979010559	Belgian Chocolate Milkshake	Cavin's	170ml	beverages dairies dairy-drinks flavoured-milks
8901063362376	Brit cake gobbles 90g			
8904004402247	Farali Chiwda	Haldiram's	200g	
8906051680135	Dark Compound	Morde		snacks sweet-snacks confectioneries compound-chocolates
8906000921081	Badam Ghee Laddoo	Daadi's		sweet-snacks confectioneries nuts-and-their-products nut-confectioneries
8904063200082	Peanut Chikki Bar	Haldiram's	35 g	nuts-and-their-products bars nut-bars peanut-bars
8906005500366	Bikaji aloo bujia	Bikaji		
8901030672453	soap	hamam		non-food-products open-beauty-facts
8906014765961	Almond Drops	Bajaj	114 ml	vegetable-fats non-food-products vegetable-oils nut-oils
8908005543459	Veg Omega	Nutricharge		dietary-supplements omega-capsules
8904335601883	oats	yogabar		
8906090572842	Potato Stix	Too Yum!	70g	
8906023417745	Tadka chaach			
8904135529943	SBJGHJgJHkHhgHgkJfkDy	dudhufhsjfdkwyegfnsgsks	tdkkdgejghdjdydjdhxg	
89000564	Coca Cola	Coca-Cola		beverages carbonated-drinks sodas colas
8906005670441	Yellow Chana	Charliee	185g	plant-based-foods legumes-and-their-products snacks legumes
8908012945055	100% Moong and Edmame spaghetti	pink harvest farms	200g	cereals-and-potatoes cereals-and-their-products pastas noodles
8902080104048	Pepsi	Pepsi	500ml	sodas carbonated-soft-drinks-without-fruit-juice colas carbonated-soft-drinks-without-fruit-juice-with-sugar
8906101090105	Strawberry, Chocolate, Jaggery	again	180 ml	double-toned-milk-drink
8904063259714	Soystix	Haldiram's		
8906091311167	asparagus	annai aravindh	50g	ghhfx
8904109474088	Unpolished Pulses (Mix Pulses)	Patanjali Ayurved Ltd.	500g	plant-based-foods-and-beverages plant-based-foods legumes-and-their-products
8901117257023	Maxirich	cipla	30ml	
8901796000101	oil			
8906032014843	mahahkosh			
8901207004407	Real guava juice		1L	
8904132952614	Campa lime			
89000816	Happydent	Happydent	1	
8906080601774	Paper Boat Swing Juicier Drink Slurpy Mango	Paper Boat	150ml	
8906007283144	Fortune Soya Chunks-225g		225g	
3948764092800	maaza	coco-cola	dest taste of mango&	beverages-and-beverages-preparations beverages sweetened-beverages cool-drink
8902080000821	Tropicana	Tropicana		
8906009993225	Jackfruit Pudding Cake Sliced	Elite	150 g	jackfruit-pudding-cake
8901058870183	maggi	Nestlé		
5907256003067	Special Potato Chiwda	LaxmiNarayan	400 g	snacks
8901399009105	santoor	santoor	skin care center	non-food-products open-beauty-facts
13622114	soya sauce	purin	200gm	
8901030765353	Kissan			
7901758112706	parle - G	parle	130g	
8906010500030	Malasa Masti		40 g	snacks
8906016790015	rajini	coca	1kg	
8901063362857	Britannia cake	britannia	120g	100g
8901719117978	parle	parle	600gm	hhhh
8906072793180	yo fun	darshan	20g	
3948719112683	Ganesh Kumar			
8901765124654	Sonic jel pen			
8901595963317	Ching's Secret Manchurian noodles			
8901233033563	Dairy Milk Silk minis			
8905002026015	Kingfisher ultra			
8904057390324	cow ghee	hatsun	902 g	
8908002777239	Health mix drink powder	Brawn health care	350g	
8906014642064	Oil		1l	
8901491982870	SHAREZ CrisP HERB & ONION FLAVOUR	Lay's	22gm 10rs	
8901030783241	Herbalife Nutrition Afresh Energy Drink Mix	Herbalife Nutrition		dietary-supplements energy-drink-mix
0749921050014	Low fat chocolate	L-men	200 ml	beverages-and-beverages-preparations beverages
8904004412543	lite cornflakes	haldiram	50 g	cereals-and-their-products breakfast-cereals flakes cereal-flakes
12622078	PREMIUM Milk Bread			plant-based-foods-and-beverages plant-based-foods cereals-and-potatoes breads
8908014814014	Premium Fruit Bread	Mr Bakewell	400g	plant-based-foods-and-beverages plant-based-foods cereals-and-potatoes breads
8901063342910	Brown bread	Britannia	400g	plant-based-foods-and-beverages plant-based-foods cereals-and-potatoes breads
8907122002672	VLCC Anti Tan Sunscreen lotion	VLCC		non-food-products open-beauty-facts
8906018080282	Southern Classic Bread	fresh choice	400 g	plant-based-foods cereals-and-potatoes breads white-breads
8906021122436	Black Pepper Powder	Aachi	8 g	plant-based-foods-and-beverages plant-based-foods condiments spices
8901058904697	maggi Masala Oats Noodles	Nestlé Maggi	73.5g	
8908004828151	Kachi Ghani Mustard Oil		1l 910 g	fats vegetable-fats vegetable-oils mustard-oils
8901719124723	Parle-g	Parle		
8901719117060	Rol a cola	Parle		
8901207001635	Dabur chawanprash	dabur	500g	
8906065166045	Frozen Green Peas	Farmland ITC	500g	legumes vegetables-based-foods frozen-foods vegetables
8906036673602	Nandini GoodLife Toned Milk	Nandini	1litre	dairies milks pasteurised-milks fortified-milk
8901595852321	Chilli Vinegar	ching's	170 ml	condiments vinegars
8901764092800	DRINK			plant-based-beverages fruit-based-beverages juices-and-nectars fruit-juices
8901491702546	Oats Multigrain	Quaker		seeds cereals-and-their-products cereal-grains oat
8901030779312	Lipton Green Tea	Unilever and PepsiCo.	25N	hot-beverages plant-based-beverages teas flavored-teas
8906016410081	Standardized Milk	Godrej Jersey	500g	dairies milks
0941402151368	Moti UHT Treated Homogenized Toned Milk	Amul	450ml	dairies milks
8906036676665	GoodLife Pista Flavoured Milk	Nandini		dairies dairy-drinks milks flavoured-milks
8901648920229	Full cream Milk	Mother Diary	500ml	dairies milks whole-milks
8901719125812	hide & seek Milano choco filled cocoa rich biscuits	parle	75g	sweet-snacks biscuits-and-cakes biscuits chocolate-biscuits
8901063017481	50-50 Maska Chaska	Britannia	45.5g	snacks sweet-snacks biscuits-and-cakes biscuits
8901262176477	Mawa Malai Kulfi	Amul	60ml/50g	frozen-desserts ice-creams-and-sorbets ice-creams ice-cream-bars
0785018139125	Refined Sunflower Oil	Priya	1l	vegetable-fats vegetable-oils sunflower-seeds-and-their-products sunflower-oils
8906010268602	Cold Pressed Gingelly Oil	Cardiac Advanced	1 l (910 g)	
8904011311051	Agmark Ghee Special Grade	aavin	1 l	dairies spreads spreadable-fats milkfat
8906080601637	Pomo juice			
8901741000026	Wai wai masala noodles			
8901058900361	Munch Nuts	Nestlé	30g	
8901972061032	Duke Nibbles Salted		150g	
07200564	milk	smartpaper	1letter	
8906006172340	Vikas Saxena	Oyes	25g	
8901030638572	ponds	Pond's	26	non-food-products open-beauty-facts
8901764062704	Diet Coke Mobile Pack	Coca-Cola	500ml	beverages carbonated-drinks
8901719110740	bhujiya	chatkins	400 g	snaks
8906059639494	epigamia spreads	DRUM Foods	250 g	spreads spreadable-fats
8901063023949	Marie GOLD	Britannia	300g	
8906040400027	oregano	tushraj herbs		pizzas grilled-sandwich omelettes salads
4088600023700	Handmade Chocolate Orange Honeycomb	Aldi	250g	sweet-snacks cocoa-and-its-products confectioneries chocolate-candies
8906009200866	White Oats	harvest crunch	800g	seeds cereals-and-their-products breakfast-cereals cereal-grains
8901063142466	Nutri Choice Digestive	Britannia	50 g	snacks sweet-snacks biscuits-and-cakes biscuits
8901725194536	Cream & Onion Potato Chips	Bingo	50g	salty-snacks appetizers chips-and-fries crisps
8901491002165	Potato Chips	Lay's Gourmet	80g	salty-snacks appetizers chips-and-fries crisps
8906059639913	Strawberry Milk Shake			dairies dairy-drinks flavoured-milks milkshakes
8906014640046	Vanaspati Dalda		500ml	
8906125980024	cheese Microwave popcorn	4700BC Popcorn	94g	
8902188812067	Ramdev strong hing			
8901719120992	Parle Monaco biscuits		700gm	
19060088	Fortune pro expert per oil		1l	
8904063200525	Salted Banana Chips	Haldiram's	200g	chips-and-fries
8851613003580	Siracha			
8901058905571	munch	nestle	1 and 18g	
8939111642958	choco ragi millet cookies	immunity	100g	
8901719122187	krackjack	Parle		
8906031880029	Sukku Kaapi Mix	Rajam	50 gm	beverages
8901764102912	Rim Zim	Coca cola	250ml	beverages carbonated-drinks sodas
8906020490574	Lal dharwad peda		1	
8906014765992	Bajaj almond drop			
8906120108119	Makhana Cream and Onion	farmley	20g	snacks lotus-seed makhana roasted-makhana
8902268011144	Dream lite			
8901725001070	Aashirvaad Double Roasted Suji Rava	ITC	500g	cereals-and-their-products cereal-grains cereal-semolinas wheat-semolinas
8904146309879	Iodized Salt	Spar	1 kg	
8906081128805	Rose Almonds Dryfruit Bar	Happilo	15g	
8901725006402	Beaten Caffee Powder	Sunbean	12 g	plant-based-foods-and-beverages plant-based-foods coffees
8903241110434	Kolhapuri Thecha	Pravin	100g	
8901071731126	Hershey strawberry syrup			
8906095290147	Instant Rava Idly Mix	Sankethi Adukale	500g	idly-batter
8904256729284	Idly And Dosa Batter	iD fresho!	2kg	batter dosa-batter idly-batter
3948248702034	Zandu kesari jeevan			
8906010363123	Kerala Mixture	Town Bus	150g	
8906002006427	Dr. Oetker, funfoods, chocolate spread		425g	
8906069402965	Imli.	-		
8904004424676	Gol Kachauri	Haldiram's	200g	
8902710506051	Fruit & Nut Muesli	Bagrry's	40g	
8906138740158	Ready To Eat Savouries	Vellanki's	250g	
8901499011312	Kellogg's	Kellogg's	500 grams	
8905507026398	Imli tree pasta pizza sauce 300g			
3948063142022	Britannia nutri choice (250g)			
8908001246729	Natkhat Classic	Grax	1	
8904063254696	aloo bhujia	Haldiram's		
8904049652126	Riz basmati	Alishaan		
8908001017053	Sizzlin Jalapeno Nacho Crisps	Cornitos	33g	nachos
8904083301219	Milkymist gulab jamun		200 g	
08847263	asitis	asitis	500g	what-protien
01143119	match			
17327503	match	10	2	non-food-products open-products-facts
8901030778445	Clinic plus		1	
89003138	Dabur hingoli			
8901396158769	harpic			non-food-products open-products-facts
4796001651513	Happydent white	Happydent	10.2g	snacks sweet-snacks confectioneries chewing-gum
8906035030758	freedom kachi ghani mustard oil	no	500	
6858824033612	Ranch	Hidden Valley	1,1.18L	
8904109470264	Patanjali Mango Drink	Patanjali	500ml	beverages sweetened-beverages
8901030530333	Manchow veg	Knorr	12 g	readymade soup-powder
8901719903724	O'Choco	PARLITE FOODS		
8901233034188	Silk chocolate	Cadbury		
7804320068565	Emiliana	Cabernet Sauvignon		
77881212	Maggie Rich Tomato sauce	Maggi	1 kg	condiments sauces groceries
8901207872624	Dabur Honey	Dabur	650 g	bee-products sweeteners honey-based-preparations honey-and-royal-jelly-mixtures
8901233011202	Cadbury Original Oreo	Cadbury	20g	
8901491208291	Bikaneri Bhujia	Kurkure	18g	snacks
8901560100273	Fusilli Pasta	Nilons		
8901725198237	Mad Angles Tomato Madness	Bingo	90 g	snacks
8902979052382	Vanilla milkshake	Cavin's	1	
8906002005284	Pizza topping	Dr. Oetker	100g	spreads
8901233024042	perk	cadbury	13 g	
8901393012156	Just jelly-strawberry flavour	Alpenliebe	499,5g	
8902080364596	Mountain Dew	Dew	1	cold-drink
8904004400076	Bhujia Sev	Haldiram's	150 grams	
8906010500368	Tikha Mitha Mix	Balaji Namkeen	30 g	ready-to-eat-savouries
8991001780539	Twister	Delfi	320g	
8850291100499	Party Snack	Tong Garden	500 g	
0831730007065	Dry Cake	Pran	350 g	snacks sweet-snacks biscuits-and-cakes cakes
8904063258762	Takatak Chatpata Masala	Haldiram's	71g	salty-snacks appetizers chips-and-fries crisps
8801043053181	Nouilles instantanées, Super Piquant et épicé	Nongshim		
8901153012938	wafer cream rolls	tasty treat	250g	
8901689030734	malas orange			
8901526202935	die2			non-food-products open-beauty-facts
19015958	Veg hakka			
0034000077557	kitkat	kitkat	25g	confectioneries bars chocolate-candies bars-covered-with-chocolate
8901233028507	Hot Chocolate	Cadbury	200g	
3948207025716	Chyawanprash	Dabur	1 kg	
8906134530012	Oats Original Unsweetened			
8904109402012	Patanjali Divya Jal	Patanjali	1 l	beverages waters drinking-water
8906031053270	P40 DSR			
8902102197430	uday Das		732123	plant-based-foods-and-beverages plant-based-foods cereals-and-potatoes
8904109451560	Dantkanti	Patanjali	100g	non-food-products open-beauty-facts toothpaste
8906014762410	tel			
8901030866876	si			
8901786540501	Everest Rajma Masala	Everest brand	200 g	
8904057303454	Strawberry & Mango Duet	Arun Icecreams	275 g , 500 ml	desserts frozen-foods frozen-desserts
8906006310131	Jeera Masala			
8901719120732	Krack Jack	Parle	250g	fermented-foods fermented-milk-products snacks sweet-saltycrackers
8901725135218	Sunfeast Yippee! Pasta Treat	ITC	65g	meals pasta-dishes instant-pasta
8901058890020	Pazzta Masala Penne	Maggie	65 g	plant-based-foods-and-beverages plant-based-foods pastas
8904004410617	Orange Burfee	Haldiram's	250g	sweets-desserts
8908001658034	Ocean Fruit drink pink guava fruit flavour 500ml		3	
8904004409222	Instant Bhel	Haldiram's	44 g	puffed-rice-blend
8901030825651	Horlicks Chocolate Delight flavour 200g pet		3	beverages
8901242604709	Ginger Garlic paste	Bambind	20g	condiments indian-green-dot paste plant-based-products
8901719120756	Monaco	Parle		
8901063094147	good day	Britannia		
8904063220028	Chips Mast Masala	Haldiram's		
8906009534732	Max protein 7 grain breakfast cookie	RiteBite	55 g	grain-cookie
8906003514204	KHAJURI IMLI CHUTNEY		50 g	
8901764032158	Sprite	Sprite		
8906066202551	Pizza Oregano	Keya		
8906023901268	Hapima Fried Rice Mix			
01737875	Glucon-D			
8902393003199	Gelusil			non-food-products open-products-facts
8906135620323	Punjabi tadka	kakaji	17g	
8901037033448	Girnar Instant Coffee Premix	Girnar		plant-based-foods-and-beverages plant-based-foods coffees
8902080013395	Tropicana Mixed Fruit Delight 1ltr Juice	Tropicana	24	
8939112794182	Roastum Roasted Multigrain & Flakes Lime N Mint	Roastum		snacks
8901396611400	Strepsils Ginger & Lemon	Strepsils		non-food-products open-products-facts
8901030732447	Fair & Lovely Face Cream	Fair & Lovely		non-food-products open-products-facts
8901725113735	Sunfeast Caker Layered with Butterscotch Crème	Sunfeast		snacks sweet-snacks biscuits-and-cakes cakes
8908009419019	Bauli Moonfils Croissant	Bauli		sweet-snacks sweet-pastries-and-pies viennoiseries croissants
8901014000364	Masala noodles	Nissin		pastas dried-products-to-be-rehydrated noodles instant-noodles
8901747000440	Wagh Bakri Premium Tea	Wagh Bakri		
8901622072012	Vijaya Vajra	Vijaya	500ml	milks homogenized-milks pasteurised-products uht-milks
8901262071109	Super Fruit	Amul		
8004323130378	pasta	colavita		pastas cereal-pastas dry-pastas durum-wheat-pasta
6934177707827	Mi beared Trimmer		500g	
8906010366940	TOWABUS alooo bhujiya	Town Bus	135g	
8906133400446	Gummies	BodyWise		
00712392	Brioche Bread	Trader Joe's		
8908006666034	Pistachios	Vinod	250 g	nuts-and-their-products nuts pistachios salted-nuts
8906007280280	Fortune Refined Sunflower Oil	Fortune	5L (4.550 Kg)	vegetable-fats vegetable-oils sunflower-seeds-and-their-products sunflower-oils
8991002105423	Kopi Kapal Api Special	PT Santos Jaya Abadi	160g	plant-based-foods coffees instant-beverages instant-coffees
8901014000166	Geki - Hot & Spicy	Nissin	80g	appetizers dried-products pastas dried-products-to-be-rehydrated
8906113441964	Nutty Beurre De Cacahuete	Nutty	510g	plant-based-spreads oilseed-purees legume-butters peanut-butters
8850291110825	Roasted pumpkin kernels	Tong Garden	200 g	pumpkin-and-squash-plant-products cucurbitacea-seeds pumpkin-seeds-and-their-products pumpkin-seeds
8906009181172	Star Walnut Kernels	Star		nuts shelled-nuts walnuts walnut-kernels
8908002288339	Sooji	P		flours cereal-flours wheat-flours durum-wheat-flours
8904072000048	Mota's Potato Chips	Mota's		salty-snacks appetizers chips-and-fries crisps
8904304500759	Swad Tomato Ketchup	Swad	1kg	sauces tomato-sauces ketchup tomato-ketchup
8906006720015	Qyno Deseeded Dates	Lion	100 g	fruits-and-vegetables-based-foods fruits-based-foods fruits dates
8901512141804	peanut butter	sundrop	200g	plant-based-spreads oilseed-purees legume-butters peanut-butters
8906117001775	classic basmati rice	Zeeba	Pack 1 kg	cereals-and-their-products cereal-grains rices aromatic-rices
8904063220134	pudina chips	haldiram	33 g	salty-snacks appetizers chips-and-fries crisps
4901521111458	chips	bingo	90g	salty-snacks appetizers chips-and-fries crisps
8904043901077	Salt LITE	TATA	1 kg	condiments salts iodised-salts
8906097401176	Kasoori Methi Leaves	Zoff	50g	aromatic-plants dried-products dried-plant-based-foods herbs
8901058861921	Milky bar	Nestlé	42 g	confectioneries chocolates milk-chocolates milk-chocolate-bar
8906048501511	Dexolac 1	Nutricia	200 g	baby-milks snacks-and-desserts-for-babies baby-drinks instant-formula
8904001801067	Sambandhi Sesame	Idhayam	50 g	seeds cereals-and-their-products cereal-grains sesame
8710448632863	Barbecue-Sauce	Remia	250ml	condiments sauces barbecue-sauces
89080047	Sunrise	Nescafe	2.1 g	coffees instant-beverages instant-coffees instant-coffee-without-sugar
8906036670441	goodlife slim	nandini	1l	dairies milks skimmed-milks
8901042971483	Vemicelli	MTR	850g	pastas bread-coverings cooking-helpers dry-pastas
8902269501200	ORS Orange Flavour	Alkem	200 ml	fruit-based-beverages juices-and-nectars fruit-juices orange-juices
0801541512775	Honey	Organic India	250 g	farming-products sweeteners honeys floral-honey
8901499010506	Muesli With 20% Nuts Delight	Kelloggs	400g	cereals-and-their-products breakfast-cereals mueslis diet-breakfast-cereals
8901063012547	Milk bikis	Britannia		snacks sweet-snacks biscuits-and-cakes biscuits
8908000502987	Sunpure Sugar	Sunpure	500g	sweeteners sugars
8908006061099	Cow Milk Dahi Low Fat	SARDA Farms	400 g	dairy-desserts fermented-dairy-desserts yogurts cow-milk-yogurts
8908002753004	Mishti Doi	Red Cow Dairy	400g	dairy-desserts fermented-dairy-desserts yogurts flavoured-fermented-dairy-desserts
8901719255151	Parle-G Original Gluco Biscuits	Parle-G	150g	sweet-snacks biscuits-and-cakes biscuits dry-biscuits
8906112665354	Protein Granola	True Elements	900g	breakfasts cereals-and-potatoes cereals-and-their-products breakfast-cereals
8901063017221	Brittania Maska chaska	Britannia		sweet-snacks biscuits-and-cakes biscuits biscuit-cookie-snack-w-chocolate-filling
8908019758337	zahidi dates	proV	500g	fruits dates pitted-dates zahidi-dates
8908019140019	Chocolate Oat Drink	Oatey	200ml	dairy-substitutes cereals-and-their-products milk-substitutes plant-based-beverages
8901262221382	Butter Nankhatai	Amul		snacks sweet-snacks biscuits-and-cakes biscuits
8901719255144	Parle-G	Parle	1	snacks sweet-snacks biscuits-and-cakes biscuits
7622201757359	Bourn Vita biscuits	Cadbury	120g	snacks sweet-snacks biscuits-and-cakes biscuits
0041102177191	Cassatta	Amul	150g	frozen-foods frozen-desserts ice-creams-and-sorbets ice-creams
8901725007508	Bingo! Potato Chips Chilli Sprinkled	ITC	90g	salty-snacks appetizers chips-and-fries crisps
8901262150989	Amul Gold	Amul	1 litre	milks homogenized-milks pasteurised-milks cow-milks
8902080011513	Mixed Fruit Delight	Tropicana	200 ml	fruit-based-beverages juices-and-nectars fruit-juices juice
8904011311044	Ghee	Aavin	500 ml	spreads spreadable-fats milkfat butter-oil-or-concentrated-butter
8901088068758	Saffola Masala Veggie Twist Oats	saffola	38 g	cereals-and-their-products cereal-grains oat avena
8902579131005	Appy Fizz			sweet-snacks confectioneries candies gummi-candies
8901071306119	Sofit Soya Drink (Kesar Pista Flavour)	Hershey's India	1 l	dairy-substitutes milk-substitutes plant-based-beverages plant-based-milk-alternatives
8901725192341	bingo potato chips chilli			salty-snacks appetizers chips-and-fries crisps
8906090572859	Too Yumm! Rings - Tomato Twist	Too Yumm	75g	appetizers crackers puffed-salty-snacks puffed-salty-snacks-made-from-maize
8901071701396	Hershey's Spreads Cocoa with Almond	Hershey's	150g	sweet-spreads hazelnut-spreads chocolate-spreads cocoa-and-hazelnuts-spreads
8901030733994	Bru Instant	Hindustan Unilever	2 g	plant-based-foods coffees instant-beverages instant-coffees
8902080011254	Mango delight	pepsico	200ml	plant-based-foods-and-beverages beverages plant-based-beverages fruit-based-beverages
8901071302036	Sofit Soya Drink Chocolate	sofit	200 ml	dairy-substitutes milk-substitutes plant-based-beverages plant-based-milk-alternatives
8901652140620	Puff	PRIYAGOLD	40g	biscuits-and-cakes biscuits shortbread-cookies sweetened-beverages
8908008556692	Cookie man hand pund chocolate cookies	cookie man	100g	biscuits chocolate-biscuits drop-cookies chocolate-chip-cookies
8908005573203	Aloevera pulp & juice	Yoga pulp	200ml	beverages plant-based-beverages fruit-based-beverages aloe-vera-drinks
8904075603550	Chat Masala	BHARAT MASALA	50g	condiments sauces indian-sauces tikka-masala-sauce
8903285074280	zaid	7985	khan	meats pork-and-its-products pork pork-90-10-trimming
8901030535048	Kissan Mix Fruit Jam	Kisaan	500 g	spreads fruits-based-foods plant-based-spreads sweet-spreads
8901052087617	Tetley green tea ginger mint			hot-beverages plant-based-beverages teas green-teas
8906026900053	Sugar	Madhur	5kg	sweeteners sugars
8901719101311	Magix	Parle	40.86 g	snacks sweet-snacks biscuits-and-cakes biscuits
8904379600002	Amla Juice	Baidyanath	1 L	plant-based-beverages fruit-based-beverages juices-and-nectars fruit-juices
8906010090593	Natural Cheddar slices	D'lecta	200 g	cow-cheeses cheeses-from-the-united-kingdom cheeses-from-england sliced-cheeses
5400141297171	Noix de cajou nature	Boni	250 g	plant-based-foods nuts-and-their-products nuts cashew-nuts
8901058844894	maggi rich tomato ketchup pichkoo	nestle	90 g	tomato-sauces ketchup tomato-ketchup groceries
9789388676229	an	33	gg	cereals-and-their-products breakfast-cereals flakes cereal-flakes
3073781051872	Queso	picon		cheeses spreads salted-spreads cheese-spreads
8904342400134	Cow Ghee	Aabad	1l	animal-fats dairy-spreads milkfat butters
8906024482056	Dodla Ghee	Dodla	200ml	animal-fats dairy-spreads milkfat butters
8901453000024	Rooh Afza 750ml pet	hamdard	750 ml	beverages-and-beverages-preparations beverages waters
8902080013500	Tropicana Mixed Fruit Juice	Tropicana	3	
8908005144007	vanilla almond multigrain energy bar	yogabar	38g	snacks sweet-snacks bars
8901071701365	Hershey's milk booster	Hershey's	450g	
0827755070047	Brut		283g	
8902080185023	Sting	PepsiCo	300ml	
8901888002563	Grape	Real	1Litre	
8901764022401	Pepsi Brand Fanta orange flv 2ltr	2	Orange flavour	beverages carbonated-drinks sodas
8901063016781	Britannia 5050(72g)	Britannia		
8901063363977	BRITANNIA Cake Gobbles Fruity Fun	Britannia	110g	snacks sweet-snacks biscuits-and-cakes cakes
8901262010344	Garlic & Herbs Buttery Spread	Amul	100g	animal-fats dairy-spreads milkfat butters
8908007129019	Mr. Bready Premium Sandwich Bread	nanda's	400g	plant-based-foods cereals-and-potatoes breads sliced-breads
8901058823844	Maggie	Maggi		pastas dried-products-to-be-rehydrated noodles instant-noodles
8902979050906	Kaju Butterscotch Milkshake	Cavin's	200ml	dairy-drinks flavoured-milks milkshakes butterscotch-milkshake
8901725100117	B Natural Guava Juice 1ltr		1L	plant-based-beverages fruit-based-beverages juices-and-nectars fruit-juices
8906009078021	UNIBIC Cashew Cookies	UNIBIC	75g	sweet-snacks biscuits-and-cakes biscuits-and-crackers biscuits
8901262152228	Amul kool elaichi flavour	Amul	180 ml	beverages dairies dairy-drinks
8904083303077	Farm Fresh Sahi Plain Yoghurt	Milky Mist	1kg	desserts dairy-desserts fermented-dairy-desserts yogurts
0639277143303	Hard Candy	Coastal Bay confections	85g	sweeteners sugars rock-candies
8901246003607	Del Monte Extra Virgin Olive Oil	Del Monte		olive-tree-products vegetable-oils olive-oils extra-virgin-olive-oils
8901262180016	Malai Paneer	Amul	200 g	fermented-foods fermented-milk-products cheeses paneer
8904145911257	Ensure Vanilla Flavour	Ensure	400 g	dietary-supplements
8906031311424	Rice bran oil	Lite House		cereals-and-their-products vegetable-fats vegetable-oils cereal-oils
0748927029864	on gold standard 100% whey protein isolate	on	5lb	dietary-supplements bodybuilding-supplements protein-powders
8906036672292	Pasteurised Table Butter Unsalted	Nandini	200 g	animal-fats dairy-spreads milkfat butters
8906046640649	Cashews	Kalbavi	500g	nuts-and-their-products nuts cashew-nuts cashews
8901262260152	Slim 'n' Trim	Amul	500ml	dairies milks
8901042964478	Multigrain Dosa	MTR	500g	plant-based-foods-and-beverages plant-based-foods flours
8908001137102	DevBhumi Honey	DevBhumi	500g	bee-products farming-products sweeteners honeys
8901233030517	Diary Milk Chocolate	Cadbury	20 g	sweet-snacks cocoa-and-its-products confectioneries chocolates
8904256715478	GoodDiet Protein Bar Coconut	Big Basket Good Diet	65g	dietary-supplements bodybuilding-supplements protein-bars
8906002001163	Peanut Butter (beurre de cacahouète)	Dr. Oetker		plant-based-spreads oilseed-purees legume-butters peanut-butters
0846203081923	Bakarwadi	chitale	250 g	snacks salty-snacks
90415470	Red bull energy drink 350ml	Red Bull	3	beverages energy-drinks
8904043926216	Unpolished Toor Dal	Tata Sampann	1 kg	seeds legume-seeds pulses lentils
8902579103170	FROOTI Mango Drink	Parle Agro	600 ml	fruit-based-beverages juices-and-nectars fruit-nectars fruit-juices
8904246910371	Lays Spanish Tomato	fssai	90g	salty-snacks appetizers chips-and-fries crisps
8906080602726	Paper Boat Swing yummy Guava 600ml pet	paper boat	600 ml	beverages
8901262152242	Amul Kool Badam Flv 180ml	amul	Amul	beverages
8901042954516	Rava idli	MTR	500 gm	breakfasts
8901262180115	malai paneer fresh	Amul	200g	fermented-foods fermented-milk-products cheeses paneer
8904004402131	Dry fruit mix	Haldiram's	200 g	salty-snacks appetizers crackers plain-salty-snacks
8901576010122	Potato Wafers Salted	Modern Kitchens	70g	salty-snacks appetizers chips-and-fries crisps
8906080600616	Alphonso Mango	paper boat	150ml	fruit-based-beverages juices-and-nectars fruit-juices mango-beverage
0801541070435	ORGANIC INDIA CLASSIC HEALTHY CONSCIOUS LIVING-	Organic India	43.75 g	hot-beverages plant-based-beverages teas green-teas
8906010500764	balaji wafers chataka pataka	Balaji	25g	chips-and-fries biscuits-and-cakes crisps biscuits
4902430685542	Pantene pro-v oil replacement		80 ml	
8906031882016	Rajam Badam drink mix			
8901030757501	Knorr	Knorr	14g	meals soups
8908016029287	Pasta Crunch	Crax	53 g	appetizers chips-and-fries crisps pasta-chips
8904004420111	Soya Sticks	Haldiram's	400g	fried-soy-sticks fried-snacks
8902080305025	7up 250ml can		250 ml	beverages
8901719103520	Cheeselings - Classic	Parle	150 g	
8906009532998	Nutrition Bar	RiteBite	40g	sweet-snacks bars cereal-bars nutrition-bar
8901233028958	5 star	Cadbury	5rs	
8906094760153	Max pickle	max	200g	plant-based-foods-and-beverages plant-based-foods fruits-and-vegetables-based-foods vegetables-based-foods
8904004403800	Moong dal	Haldiram's	400 g	snacks
8906082650138	Athavale's Patal Poha Chivada (Indian Snack)	Athavale's	200 g	snacks
8939998541184	Animal health booster			
8901719109874	Loading…			
8903363006905	Home chef Pasta Macaroni Elbow		875g	plant-based-foods cereals-and-potatoes cereals-and-their-products pastas
8901512545909	ACI 2		60 gm	classic-popcorn
8906010265403	Filtered Groundnut Oil	Cardiac Advanced	1 l (910 g)	
8902080495023	Sting Energy Drink	Sting Energy	250ml	artificially-sweetened-beverages energy-drinks energy-drink-with-sugar sweetened-beverages
8901171090314	cod liver oil capsules	sanofu	110	nutru-score
8906009073323	Unibic Snappers			
8904145912025	PediaSure 7+ Vanilla flavour 400g Cbd	pediasure	400gm	364
8901207028304	Glucose	Dabur		
8903023269602	Jaggery	Papas	500g	sweeteners sugars cane-sugar jaggery
8901491702409	Quaker Oats	Quaker	600g	cereals-and-their-products breakfast-cereals flakes cereal-flakes
8901063017559	Britannia 5050 Potazos 71.5g	Britannia	29.0g	snacks sweet-snacks biscuits-and-cakes biscuits
8901725132859	Dark Fantasy	Sunfeast	20g	sweet-snacks biscuits-and-cakes biscuits-and-crackers biscuits
8906021924887	ARABIAN PEARLS	apis		fruits-and-vegetables-based-foods fruits-based-foods fruits dates
8901719702051	Parle Monaco Classic Biscuit	Parle		sweet-snacks biscuits-and-cakes biscuits-and-crackers biscuits
8901719123900	Parle g gold	Parle	1 kg	snacks sweet-snacks biscuits-and-cakes biscuits
8908000502024	Sunpure Physically Refined Sunflower Oil	Sunpure	500ml	vegetable-fats vegetable-oils sunflower-seeds-and-their-products sunflower-oils
8906012890221	BAKERS Cocoa Powder	BAKERS		cocoa-and-its-products cocoa-and-chocolate-powders cocoa-powders
8901499009814	KELLOGG'S CORN FLAKES REAL ALMOND HONEY	KELLOGG'S		cereals-and-their-products breakfast-cereals flakes cereal-flakes
8901262010504	Peanut Spread Crunchy	Amul	300g	plant-based-spreads oilseed-purees legume-butters peanut-butters
8906002004447	FUNFOODS PEANUT BUTTER	Dr. Oetker	925 g	plant-based-spreads oilseed-purees legume-butters peanut-butters
8906002006236	Dr. Oetker Peanut Butter	Dr. Oetker	400g	plant-based-spreads oilseed-purees legume-butters peanut-butters
8904258700465	Raw	Raw	1000ml	fruit-based-beverages juices-and-nectars fruit-juices orange-juices
8901719117251	Rusk Real Premium Elaichi	Parle	400g	sweet-snacks biscuits-and-cakes biscuits breads
8904004409253	Potato Lite	Haldiram Snacks Pvt. Ltd.	15g	salty-snacks appetizers chips-and-fries crisps
8901063142541	Britannia nutri choice 200g(sys)	Britannia		sweet-snacks biscuits-and-cakes biscuits biscuit-cookie-snack-w-chocolate-filling
8903363006837	Real Elaichi Toasted Bread	Royal Toast	400g	sweet-snacks biscuits-and-cakes biscuits breads
8901063363809	Gobbless Choco Chill Cake	Britannia	50 g	sweet-snacks biscuits-and-cakes cakes chocolate-soft-cake
8901030891830	double chocolate cornetto	Kwality Walls	61g	desserts frozen-foods frozen-desserts
8904004408669	Chekaralu	Haldiram's	150g	fried-snack indian-snacks
8908003249469	spiced buttermilk	Akshayakalpa	200ml	dairies fermented-foods fermented-milk-products buttermilks
8901725001094	Bansi Rava	Aashirvaad	500g	cereals-and-their-products cereal-grains wheats durum-wheats
8901262030700	Amul pure ghee 1 ltr			
8904258703244	Raw mixed fruit		750ml	
8901542001659	Glucon, d		450g	
8906005060013	Cocojal tn		200ml	
8906011141447	Fortified Baby Cereal	mum's care	400g	baby-foods cereals-for-babies
8906130900536	Mexican Lime Corn Turtle Chips	Orion	35 g	salty-snacks appetizers chips-and-fries crisps
8907003500082	Alu Bhujia	A2B	20 g	deep-fried-snacks indian-snacks savoury
8901725111441	hi	Good Day	100g	
8904037212219	Well			
8901719126109	parle 20-20 gold(4)400g		1	
8904109445187	Patanjali kesh kanti			
8901808000013	Weikfield baking powder		50 g	
3578840003637	Caillé de brebis			
8718906662834	Koffie		250 s	plant-based-foods-and-beverages plant-based-foods coffees perla
8902579103408	Appy	parle agro	160ml	apple-juice-drinks
8901014002023	Top Ramen Masala	Nissin		
8906021127981	Aachi Badam Drink	Aachi		beverages-and-beverages-preparations beverages
8901928202755	Bisk farm suger free			
8907486301138	SIN EW Instantised Whey Protein Concentrate	SIN EW		dietary-supplements
8901571009343	Horlicks Protein+ Chocolate	Horlicks	200g	beverages-and-beverages-preparations beverages dietary-supplements
3254560453654	Knacks x10 350g prix choc	Auchan	350 g	
00157896	ghhh			
8908014531065	desiccated coconut powder	sheer coco	100g	dried-products dried-plant-based-foods dried-fruits dry-drupe
0008441882056	Gauravkumar			
8908005312321	Caramel Popcorn	PVR		
8901662037828	CHICKEN BIRYANI MIX			
8902335011190	butter crunch cookies			sweet-snacks biscuits-and-cakes biscuits-and-crackers biscuits
8906001050742	Mixed pickle	Mother's Recipe	1kg	vegetables-based-foods canned-plant-based-foods pickles canned-vegetables
8902710205206	Corn Flakes	Bagrry's	880g	cereals-and-their-products breakfast-cereals flakes cereal-flakes
8901117250352	oral rehydration salts	cipla	21g	beverages non-food-products waters open-products-facts
8901058891447	Maagi		40	
8901542008931	Glucon-D	300	200g	beverages-and-beverages-preparations beverages energy-drinks energy-drink-with-sugar
8901393019117	Happydent wave sugarfree		17g	
8906015540116	Green chilli sauce	WeiKFiELD		condiments sauces meal-sauces vegetable-sauces
8901764031182	Sprite			beverages-and-beverages-preparations beverages carbonated-drinks sodas
8901155101111	Gulab Jamun	Gits	100g	gulab-jamun
0748927026245	Gold Standard 100% Whey Protein Isolate Mocha Cappuccino	Optimum Nutrition	2 lb (909 g)	dietary-supplements bodybuilding-supplements protein-powders
8901058860726	Maggi Special Masala	Maggi	70 g	
8906007610124	Brown Bread	Kwality	400g	plant-based-foods cereals-and-potatoes breads bran-bread
0841541000025	Soy beverage	Soy Milky	1litre	dairy-substitutes milk-substitutes plant-based-beverages fruit-based-beverages
8993175549387	Nextar Soft Brownies	Nabati	36 g	sweet-snacks biscuits-and-cakes biscuits chocolate-biscuits
8901058895766	maggi Pichkoo tomato ketchup	Nestle	90g	ketchup tomato-ketchup india-green-dot made-in-india
8904063208101	Delista macaroni	Haldiram's	200g	breakfasts pastas dry-pastas marconi
8904132913264	snac tac mango jam	snac tac	100g	spreads sweet-snacks confectioneries plant-based-spreads
8901499010483	Kelloggs	kellogg's	240g	cereals-and-their-products breakfast-cereals cereals-with-fruits mueslis
3394610000404	Rillettes de saumon	Le Père Eugène		spreads meats prepared-meats salted-spreads
6281106341554	hadeebl	dgsggfdhmv	dgdgsgg	cow-cheeses uncooked-pressed-cheeses gouda young-goudas
59464723	Babies	35	India	flours cereal-flours wheat-flours common-wheat-flours
8906001211891	Amla Candy	Markfed Sohna	500 g	snacks sweet-snacks confectioneries candies
8901491000871	Doritos Masala Mayhem Flavour	PepsiCo	25 g	appetizers chips-and-fries crisps corn-chips
8901491983143	lays potato chips	Lay's	28g	salty-snacks appetizers chips-and-fries crisps
8906010070267	Maida	Ganesh	1 kg	flours cereal-flours wheat-flours whole-wheat-flours
8908001017237	Nacho Crisps Sizzling Jalapeno	Cornitos	60 g	appetizers chips-and-fries crisps corn-chips
9908463001088	Nutri Choice	BRITANNIA	200g	snacks sweet-snacks biscuits-and-cakes biscuits
8906069402989	veeba ketchup	Veeba	900g	tomato-sauces ketchup tomato-ketchup groceries
8901030406249	Red Lable Tea	Brook Bond	250 g	plant-based-beverages teas flavored-teas chai-teas
8901233030272	Perk	Cadbury	14.3 g	biscuits-and-cakes biscuits chocolates wafers
8901030421501	Cassatta	Kwality Wall's	70 g	frozen-foods frozen-desserts ice-creams-and-sorbets ice-creams
8901491990219	Doritos	Doritos	10rs	
8901192215116	Catch sabzi masala		100 g	
8906011145018	B-Protin Chocolate Flavour	British Biologicals	200g	dietary-supplements bodybuilding-supplements protein-powders
8901786080502	Sambhar Masala	S.Narendrakumar & Co.	50 g	plant-based-foods condiments spices groceries
8901786070503	Pav bhaji masala	Everest	50g	masala
8901786060504	Chaat Masala	Everest	50 g	plant-based-foods condiments spices groceries
8901138820978	Himalaya Gasex Ginger-Lemon	Himalaya	200g	non-food-products open-products-facts
8906112662087	Whole Instant Oats	True Elements	900 g	whole-oats
8904405902452	Karimnagar Dairy Curd	Karimnagar Dairy	200g	curd
8901393016376	Chupa Chups Gum Filled Lollipop	Chupa Chups		snacks sweet-snacks confectioneries
8904022906031	Bonn Bread Atta Whole Wheat Bread		400 g	plant-based-foods cereals-and-potatoes breads wholemeal-breads
8908014814069	garlic bread	Mr Bakewell	150g	salty-snacks appetizers breads garlic-breads
8908009450104	fruit bun	homa	200g	plant-based-foods cereals-and-potatoes breads buns
8901571004614	Sensodyne	GSK	75g	non-food-products open-beauty-facts toothpaste
8901571004096	Sensodyne Fresh Mint Toothpaste for Sensitive Teeth	Sensodyne	75 g	non-food-products open-beauty-facts
8901526209903	sudhanshu rout	Garnier blacr naturala	sudhanshurout1999@gm	
8902080011438	Orange Delight	Tropicana	200 ml	fruit-based-beverages juices-and-nectars fruit-nectars orange-nectars
8906009078670	Unibic Frunit and Nut cookies	Unibic	150 g	snacks sweet-snacks biscuits-and-cakes biscuits
8906029450081	Eggless Mayonnaise	Mrs. Food rite	100g	condiments sauces mayonnaises
8901063155459	Tiger Krunch ChocoChips	Britannia	63 g	biscuits chocolate-biscuits drop-cookies chocolate-chip-cookies
8000500225615	Nutella Ferrero	Nutella	290 g	sweet-spreads hazelnut-spreads chocolate-spreads cocoa-and-hazelnuts-spreads
4987176170347	CoughDrops	Vicks		sweet-snacks confectioneries candies cough-drops
8901071301022	Sofit Soya Milk		200 ml	legumes-and-their-products dairy-substitutes milk-substitutes plant-based-beverages
7622202015366	Choco Crème Flavoured Oreo 288.75g	Cadbury	288.75g	biscuits-and-cakes biscuits filled-biscuits chocolate-sandwich-cookies
8906008812817	poha (thick)	fortune	500g	seeds cereals-and-their-products breakfast-cereals cereal-grains
8906049972433	Sudha Shakti Milk	Sudha	500 ml	dairies milks
8901719126505	Hide and seek choco rolls	Parle	125 g	sweet-snacks biscuits-and-cakes biscuits filled-biscuits
8901030658761	Taj Mahal tea leaves 500 g	Brooke Bond	500 g	beverages hot-beverages plant-based-beverages teas
8901030974618	BRU Gold	Hindustan Unilever Limited	55g	plant-based-foods coffees instant-beverages instant-coffees
6009510804782	Potato Chips Salted	Lay's	36 g	salty-snacks appetizers chips-and-fries crisps
8904057300040	Chocobar	Arun Icecreams	38 g, 58 ml	ice-creams-and-sorbets ice-creams ice-cream-bars vanilla-ice-cream-bars
8904011301601	Pasteurised Full Cream Milk	Aavin	500 ml	pasteurised-milks whole-milks cow-milks whole-pasteurised-milks
8901491990080	Doritos Nacho Cheese Flavours	PepsiCo	75 g	chips-and-fries crisps corn-chips namkeen
3948864392206	Jolo chip			
6122088220102	string		afroztaj195@gmail.co	
8901030859571	vaheed	We tr cg	hchyhv	yfjho
8906013031159	Noodle snack	Tasty treat		
8908000369023	namak	Kristal	500g	
8908016314727	rok n roll			
06403355	STAINLESS	RK		non-food-products open-products-facts
8901764022708	Drink	8901764022708	fanta	
89005637	KitKat	KitKat		
8906002770182	cothas vanila milkshake			
8901030783234	sankalp			
8902979051071	Rose Lassi	Cavin's	180 ml	fermented-milk-products dairy-drinks fermented-drinks fermented-milk-drinks
8904004400694	Aloo Bhujia	Haldiram's	42 g	plant-based-foods snacks cereals-and-potatoes potato-preparations
8901393019049	Center Fresh GUM	CENTER FRESH	7.2g	snacks sweet-snacks confectioneries chewing-gum
8906005500038	Bhujia			snacks
8901725112202	Fantastik Chico Bar XL	Candyman		
8994963003265	Instant noodles chicken flavour		70 g	
8901262152235	Amul Kool Rose	Amul		
8904004402261	PHALHARI CHIWDA	Haldiram	45g	snacks
8906006331112	kachi ghani mustard oil	Nature fresh	455g	vegetable-fats vegetable-oils mustard-oils oil
8901719124044	Happy Happy Choco-Chip Cookies	Parle	60 g	
8906016413792	Badam Flavoured Milk	Godrej Jersey	190 ml	
8902979005623	Rabdi Milkshake	Cavin's	180 ml	beverages dairies dairy-drinks sterilised-flavoured-standardized-milk
8901499009043	Kellogg's chocos	Kellogg's	1.20kg	
8901725117092	Yippee magic masala noodles four in one pack	Sunfeast		
8904004405729	Rasgulla	Haldiram's	1kg	
8901565001698	Tomato Discs	Peppy	60 g	
8906001021698	Topp Up Milk Rose Flavour	Gowardhan	200ml	
8901030708114	Ponds dreamflower		100gm	non-food-products open-beauty-facts
8902281608802	Carmicide		100 ml	non-food-products open-products-facts
8904166000459	Chat Masala	Bitta	100gm	india
8906002488490	doublement			
8906021927406	Fruit Blast Mixed Fruit Jam			
8906005502063	rasgulla	bikaji	100	
5054267012585	Raspberry lucozade sport	Lucozade		beverages
8904256723015	Happychef Tandoori Paneer Tikka Pizza	HappyChef	240 g	meals pizzas-pies-and-quiches pizzas forzen-food
8904073601022	Sharbat Khus	Shree Guruji	750ml	syrups
8906032019169	Patanjali Atta noodles Chatpata flavour			
8906000920046	Crisp Wheat Khakhra - Masala	Daadi's	180g	
8901304269457	hygenic	rich and roy		
8901393016185	Mentor pure fresh mint sfree		54.6g	
8901571000043	Boost Plain	Boost	500 g	
6294001821458	Bounty minis	Mars nederland	427.5g	
0787099827861	whole wheat bread	nutribee	300g	
8906000212813	Complete pancake mix			
4099100033595	Coconut oil	Simply Nature	414 ml	vegetable-fats vegetable-oils fruit-and-fruit-seed-oils coconut-oils
8906001385127	Bourbon			
8906002000074	Funfoods Sandwich spread	Dr. Oetker		
8939998813984	KitchenFeast MEAT MASALA	KitchenFeast The Superb Taste	100g	plant-based-foods condiments spices groceries
8939997630902	KitchenFeast GARAM MASALA	KitchenFeast The Superb Taste	100g	plant-based-foods condiments spices groceries
8901262070546	Chocominis	Amul	250g	amul-dark-chocolate
8901107030599	softovac.sf		bowel	
8902080365029	Mountain dew 250ml	pepsi	6	waters sodas carbonated-waters sweetened-beverages
8904063214324	Haldiram navratan 440g	Haldiram	440g	
8901207001123	coconut oil	Dabur	1	vegetable-fats vegetable-oils fruit-and-fruit-seed-oils coconut-oils
8901233022536	Bournvita biscuit	Cadbury		
61992887	Himalayan pink rock salt	himalayan	1kg	food-additives sugar-substitutes artificial-sugar-substitutes sodium-cyclamate
8908005459163	Flaxseeds	nourish you	150g	
8901095000482	society Sweet spicy mango pickle	society	40g	plant-based-foods-and-beverages plant-based-foods fruits-and-vegetables-based-foods
8901262040037	Amul Shrikand			
8901207027321	dabur red paste			
8908010431079	tower		250g	
13776121	we can eat this			
8901262201780	Masala butter milk	Amul	370 ml	
8410125600467	Figaro		200ml	
8904004405934	Haldiram's Gulab Jamun	Haldiram's	500g	gulab-jamun
8901491990028	Doritos Sweet Chilli Flavour	PepsiCo	39 g	namkeen
8902268002326	Dream LITE	Anmol	200g	buscuit
8992775343883	Sugar cheese crackers	Garudafood	1	
8904004400762	Haldirams Alu Bhujia	Haldiram's	175 g	
8901123003720	LOTTE PIE		504g	
8904109410093	Patanjali cream feast ( milk vanilla )	Patanjali	84 g	cream-biscuits
4589426701532	White peach mochi	K. Minamoto	20g	
8901088118330	saffola masala oats	saffola	39g	
4000417451705	Ritter Sport Mini Mix 18er Beutel	Ritter Sport		
09122574	saunf		100 g	
14210259	Butter cookies		Good	
8901058847505	Masala penne pasta	Nestle	65 g	meals pasta-dishes masala
8901491983211	lays	Lay's		
8904250610373	meglow	leeford healthcare ltd	1	non-food-products open-beauty-facts face-cream
8901542000959	Complan royale chocolate flavour	Complan	500	
8906015580235	die			non-food-products open-beauty-facts
8901483002395	Jalapeno Slices	Tify	190g	vegetables-based-foods canned-plant-based-foods pickles canned-vegetables
8901719111006	krack Jack	Parle	200 g	
8904089400558	wheat khari	new poona bakery	1	snacks
7622201808013	dairy milk silk	Cadbury	250g.	silk-heart-pop
3274870545429	gurubandi giri			
4902430818803	gillehe			
8901928683004	sugar free marie	Bisk Farm	300	
8901725181802	yippee	sunfeast	65g	
8908010196053	Gangotri Khakra Plain	Gangotri	200 g	wheat-khakra
8924405911216	Kaju pask	Tulasi	100 g	
8906021511124	dalia		100gm	
8906019775118	Dried Cranberries	Nutraj	180g	dried-products dried-plant-based-foods dried-fruits dried-cranberries
8906000210772	Pancake Mix			
8901826482006	Desi Ghee			
8901058850390	Classic			
8906005618351	Fruit cake sliced			
7622201710576	Dairy Milk	Cadbury		
8906144491082	French Vanilla Instant Coffee	Sleepy Owl	50g	
8906021062459	Molsi's.Cashews	Molsi's	500g	snacks
8906009531311	Choco Slim Bar			
8906090571562	Too Yumm - Multigrain Chips	RP Sanjeev Goenka Group	1 - 25g	
8901088072236	Saffola Soya Chunks	Saffola	200 g	
8906066207648	Schezwan chilli garlic Chutney	Keya	250g	spreads plant-based-spreads sauces non-emulsi
8904004402032	Haldiram Farsan		1	
8901063142459	Britannia nutri choice herbs	Britannia	100g	
8904004400052	Bhujia Sev	Haldiram's	600g	
8906008812435	Achaari Khichdi	Fortune	200g	
8906048501634	Protinex Classic Bitter	Danone	750g	beverages
89006511	classic chocolate	nestle	1 18g	
8908000420175	Real Tasty Tomato Ketchup	Sil	200g	
8901764042935	Thums up		8 x 250 ml	
8908012241652	Malty Original Non-Alcoholic	Malty	160ml	
8904288601398	Red Chilli Sauce	Tops		
8901123005724	Coffee Bite	Lotte	23g	
8906036675163	Milk Peda	Nandini	250g	snacks desserts sweet-snacks confectioneries
8901063018341	Britannia 50 50 time pass (63g)	Britannia		
8906075172623	Pineapple Chat	Madhur		snacks sweet-snacks confectioneries
8904063214799	Haldiram nimbu masala 220g		220g	
8904063214348	Haldiram navratan 220g		220g	snacks
4260121341215	Mammut	Weight gainer		
8904063240071	Bhujia	Haldiram's	38 g	salty-snacks appetizers crackers puffed-salty-snacks
8901725123123	iodized salt	aashirvaad	1kg	condiments salts iodised-salts
8905604000338	Healthy wheat grass mango	Jivo	200ml	plant-based-beverages fruit-based-beverages juices-and-nectars fruit-nectars
8906009074788	Oats Marie Thinz	Unibic	58 g	sweet-snacks biscuits-and-cakes biscuits oats-biscuits
4901059046345	Kitkat Butterscotch Flavour	nestle	27.5g	bars chocolate-candies bars-covered-with-chocolate chocolate-biscuity-bars
5604260227174	Bolacha Manteiga Belgas	Chabrior	250 g	snacks sweet-snacks biscuits-and-cakes biscuits
8901262176446	Pista malai kulfi	Amul	1,54.6g(60ml)	frozen-desserts ice-creams-and-sorbets ice-creams icecream
8906002004430	Veg mayonnaise	Dr. Oetker	100g	vegetarian-sauces mayonnaises vegan-sauces egg-free-mayonnaises
8901491502054	Lay's West Indies' Hot 'n' Sweet Chilli	Lay's	11g(8.6g + 2.4g extr	salty-snacks appetizers chips-and-fries crisps
8901972058612	Waffy Chocolate	Dukes	60 g	sweet-snacks biscuits-and-cakes biscuits chocolate-biscuits
8906036674739	Special Toned Milk	nandini	200ml	dairies milks pasteurised-milks toned-milk
8904089975339	Total Curd	Heritage	140 g	dairy-desserts fermented-dairy-desserts yogurts cow-milk-yogurts
8904288601183	Tomato Ketchup	Tops	950 g	sauces tomato-sauces ketchup tomato-ketchup
8906135091079	Himalaya Honey	apis	100g	bee-products farming-products sweeteners honeys
8906082372283	Alphonso Mango lite	nic	500 ml	frozen-foods frozen-desserts ice-creams-and-sorbets ice-creams
8902579001681	Appy	Parle Agro		plant-based-beverages fruit-based-beverages juices-and-nectars fruit-juices
8901262178259	Ice Cream Sandwich Vanilla	Amul	80ml, 53g	frozen-desserts ice-creams-and-sorbets ice-creams ice-cream-sandwiches
8906151233064	Ginger Snap Cookies	Snackible	70g	snacks sweet-snacks biscuits-and-cakes biscuits
8906002006083	Funfoods Peanut Butter Crunchy	Dr. Oetker	125g	plant-based-spreads oilseed-purees legume-butters peanut-butters
8908008828287	granulated sugar	SNJ	500g	sweeteners sugars
8901808003137	rolled oats	Eco valley	1kg	cereals-and-their-products breakfast-cereals flakes cereal-flakes
8908011648414	instant premix coffee	Jawai	100g	coffees instant-beverages instant-coffees instant-premix-coffee
8901063092617	Good Day Butter Cookies	Britannia	68g	snacks sweet-snacks biscuits-and-cakes biscuits
8901071732451	milk shake almond flavor	Hershey's	180ml	dairies dairy-drinks milks flavoured-milks
8906024040058	Ginger Chat	Guru Krupa Products	70 Ml	sweet-snacks confectioneries spices ginger
8906075800915	Fruit biscuits	Sangam		sweet-snacks biscuits-and-cakes biscuits fruit-biscuits
8901512542106	act-2 popcorn tomato chilli 59g		59g	snacks popcorn
8901071359023	Soya Drink Vanilla Flavour	sofit	200 ml	dairy-substitutes milk-substitutes plant-based-beverages plant-based-milk-alternatives
8906021123266	Mixed Fruit Jam	Aachi	100g	plant-based-spreads sweet-spreads fruit-and-vegetable-preserves jams
1111104081983	CRYSTAL STAR	HEAVENLY GROUPS	500gm	condiments salts iodised-salts
8904063251480	Gup Shup Peanuts	Haldiram's	18g	legumes nuts-and-their-products nuts peanuts
8901058858860	Maggi Atta noodle - Masala	Maggi	4 pack - 300g	pastas dried-products-to-be-rehydrated noodles instant-noodles
8901262220552	Chocolate Cookies	Amul	50g	sweet-snacks biscuits-and-cakes biscuits chocolate-biscuits
8906019770236	Round Raisins (Kishmish)	Nutraj	500g	dried-products dried-plant-based-foods dried-fruits raisins
8906076132107	Cookies	The Bakers Dozen	28g	snacks sweet-snacks biscuits-and-cakes biscuits
8901393017373	Alpenliebe POp		1	snacks sweet-snacks confectioneries candies
8901063139190	Bourbon	Britannia	60g	snacks sweet-snacks biscuits-and-cakes biscuits
8901491981682	Lays Cream and Onion Patato Chips	Lay's	45 gms	salty-snacks appetizers chips-and-fries crisps
8908013252046	mixed fruit granola	Fit and Flex	25 g	cereals-and-potatoes cereals-and-their-products breakfast-cereals cereals-with-fruits
6001069206581	Potato Chips Salt & Vinegar Flavour	Lay's		salty-snacks appetizers chips-and-fries crisps
8901233027555	Cadbury Choco Creme Oreo	Cadbury	300 g	sweet-snacks biscuits-and-cakes biscuits chocolate-biscuits
8901063405011	Britannia Cow's ghee	Britannia	1L	
8908013421244	Al-Azawi Dates	Al-Azawi		
8801073115378	Buldak Hot Chicken Flavor Ramen	buldak	140g	pastas dried-products-to-be-rehydrated noodles instant-noodles
8906031934968	instant coffee	levista	20g	plant-based-foods coffees instant-beverages instant-coffees
8904037212721	Cow Ghee	Soul Flavor (Modicare)	1 Kg	animal-fats dairy-spreads milkfat butters
8901542002090	DoodhShakti Ghee	Nutralite	1L	animal-fats dairy-spreads milkfat butters
8908006666171	Walnut Kernels	Vinod	250 g	nuts-and-their-products nuts walnuts dried-husked-walnut
8901063092747	Good day	Britannia		sweet-snacks biscuits-and-cakes biscuits-and-crackers biscuits
8901542017667	Glucon d orange 125g			
8901542017629	Glucon D Nimbu Pani			
8901560230314	NiLoNs	NiLoNs	100	
8000500126936	Ferrero Rocher	Ferrero Rocher	50 g	
8906021120272	Aachi Biryani Masala	Aachi	50 g	condiments mixtures-of-herbs-and-spices
8904037000397	pankajakasthuri breathe easy			preservatives
8902080013036	Tropicana Apple Juice 100%	Tropicana		juices-and-nectars fruit-juices unsweetened-beverages apple-juices
8902901001709	Chakki aata 5kg		5 kg	cereals-and-their-products flours cereal-flours wheat-flours
8906002000876	Veg mayonnaise for burger			
8901262070454	Amul Dark Chocolate	Amul	40g	sweet-snacks cocoa-and-its-products chocolates dark-chocolates
8901888006363	Real mixed fruit tpk		5	
8901888006370	Real Orange Fruit juice 180ml tpk		8	
8901207014321	Coconut water	Real	200ml	
8904258700557	Raw Pressery 250ml pet Sugarcane Juice	Raw Pressery	250 ml	plant-based-beverages fruit-based-beverages juices-and-nectars fruit-juices
7622201138363	Dark 70%	Mondelez	80 g	sweet-snacks cocoa-and-its-products chocolates dark-chocolates
8906069403412	Chef's Special Tomato Ketchup	VEEBA	900g	sauces tomato-sauces ketchup tomato-ketchup
8902080013265	Tropicana Guava Juice (25)	Tropicana	10	plant-based-beverages fruit-based-beverages juices-and-nectars fruit-juices
8908001032117	Everyday 100% whole wheat bread	Everyday	450g	cereals-and-potatoes breads white-breads wheat-breads
8906016781129	Desi Ghee	Sifti		animal-fats dairy-spreads milkfat butters
8904004407617	Taka-tak	Haldiram's		salty-snacks appetizers chips-and-fries crisps
8901499011534	Kellogg's oats	Kellogg's	425	cereals-and-their-products breakfast-cereals flakes cereal-flakes
8904083301455	Toned Milk	Milky Mist	1l	dairies milks pasteurised-milks
8906008811117	maida refined wheat flour	fortune	500g	flours cereal-flours wheat-flours white-wheat-flours
8906000210291	Chakki Fresh Atta	Pillsbury	1kg	flours cereal-flours wheat-flours whole-wheat-flours
8901123005380	Lotte Choco Pie	Lotte	56g	biscuits-and-cakes biscuits-and-crackers biscuits cakes
0053176113036	Eggs	Fresho	6	farming-products eggs chicken-eggs
8901652140583	Puff choco vanilla flavoured sandwich biscuits	Priyagold	40g	snacks sweet-snacks biscuits-and-cakes biscuits
8901764041259	Thums Up 300ml can	Coca Cola	1	carbonated-drinks sodas colas sweetened-beverages
8906059635014	Greek Yogurt Mango Flavour	Epigamia		dairy-desserts fermented-dairy-desserts yogurts greek-style-yogurts
8901725198336	MAD ANGLES	ITC	80g	appetizers chips-and-fries crisps corn-chips
8901063035027	Milk Bikis		200 g	snacks sweet-snacks biscuits-and-cakes biscuits
0028400679473	Doritos & Cheetos Mix	Doritos	18 bags	snacks salty-snacks
8901491000208	Sweet chilli Doritos	Doritos	50gm	snacks nacho-chips
8908013746101	Classic Lemonade	Cravova		fruit-based-beverages juices-and-nectars sodas fruit-juices
8901262178365	Black Currant Tri Cone	Amul	120ml/77g	frozen-desserts ice-creams-and-sorbets ice-creams black-currant-ice-cream-cone
8906007280242	refined sunflower oil	fortune	1 l	vegetable-fats vegetable-oils sunflower-seeds-and-their-products sunflower-oils
8901499008343	CornFlakes Almond Honey	Kellogg's		cereals-and-their-products breakfast-cereals flakes cereal-flakes
9403110042242	Smooshed Balls Berry Cashew & Cacao	Tasti	69g	snacks snack-food
8904156707320	Maiyas Moong Dal	maiyas	35	snacks salty-snacks appetizers crackers
8906009070902	Unibic Honey Oatmeal Cookies	Unibic	75g	snacks sweet-snacks biscuits-and-cakes biscuits
8901777759127	Vadilal Gourmet Nutty Belgian Dark chocolate Super Premium Ice Cream	Vadilal		frozen-foods frozen-desserts ice-creams-and-sorbets ice-creams
8906047521558	Disano Olive Oil	Disano	1 l	vegetable-fats olive-tree-products vegetable-oils olive-oils
8901030515293	Green Tea- Honey Lemon	Lipton	10 tea bags x 1.6g e	hot-beverages plant-based-beverages teas green-teas
9556296321554	Chocopie	Cocoaland	25g	biscuits-and-cakes biscuits chocolate-biscuits milk-chocolate-biscuits
0610708496007	Blueberries		150 g	
8994287316133	Sanqua			
8901207035623	DABUR ALOE VERA	Dabur		
8903023005255	Vedaka Carom (Ajwain)	Vedaka	100g	condiments ajwain
3947042054639	Dhokla			
8901512562609	Act II Popcorn	Act II		
8906112662766	Muesli	True Elements		
8904043905686	TY veg biryani	1		
8902102230472	Margo shop	Margo shop	100g	
8906034510015	Kanthil	Kushal		non-food-products open-products-facts ayurvedic lozenges
8901030930966	Comfort			
8908016029997	Fritts			
4084500488465	Deodorant	Old spice	50	
8906084413021	mom 3 cheese pasta	mom		meals pasta-dishes pastas instant-pasta
8901030807190	Horlicks Classic Malt	Horlicks	750g	beverages-and-beverages-preparations beverages
8901777082669	Vadilal moth dew bean sprouts			
8906078160085	Ene bohut jolokia sauce 210 g	Ene	200g	condiments sauces hot-sauces
8904293704343	Onion		2kgs	vegetables-based-foods culinary-plants fresh-foods fresh-plant-based-foods
8902433003738	Galaxy Milk Chocolate with Cookie Crumble	Galaxy		snacks sweet-snacks cocoa-and-its-products chocolates
1157567116275	Hazelnut	Cadbury	58g	
4902057468917	Mango thoku pickle	Ruchi magic		
8908002192018	Endura Mass Chocolate Flavour	Endura Mass		
0666538000365	Himalayan		500ml	beverages waters spring-waters mineral-waters
8997240890145	Npure			
0028161044275	Avocado oil	Indulgeoessentials	100ml	
8901030912344	Vaseline Intensive Care Cocoa Glow	Vaseline	100ml	non-food-products open-products-facts open-beauty-facts
8901138835163	Himalaya Moisturizing Aloe Vera Facial Wipes	Himalaya		non-food-products open-products-facts open-beauty-facts
8903664042480	IRIS			
8904042306019	Corn flour	Blue bird	100g	
8906078260563	butter bke	cremica	37g	
0799653261141	Cccccc			
8901304233717	Ginger Beer non-alcoholic			
8901063031807	Britannia Treat	Britannia		
8901233033570	Karthi Keyan	Cadbury	250 g	
8904037620120	Spaghetti N.12			cereals-and-potatoes cereals-and-their-products pastas spaghetti
8908013479092	double cocoa protien bar	The Whole Truth	52g	dietary-supplements bodybuilding-supplements protein-bars
8902901224047	Dry dates chuawara	Good life		
8901361330152	3M Corded Disposable Ear Plugs 1110			non-food-products open-products-facts
8901030807183	horlicks classic malt		2	
8904221697679	Whey Protein DRC	As It Is Nutrition		
8901781002622	Sunrise Sarsoo		50g	
8901781000376	Sunrise dhaniya powder		50g	
8901088064644	Body Lotion	Parachute		non-food-products open-beauty-facts
8901262153270	Amul tru orange juice 150ml tpk			
8901030966132	Dark soya sause	Knoor	200g	
8901441011049	Lijjat papad	Lijjat	1kg	
8901063162501	Britannia marie gold 1kg			
8902901224009	Cashew 2 piece	Good Life	200g (4 pcs)	
8901063014206	Britannia Vita Marie Gold	Britannia	400g	
8901748000043	RUCHI Turmeric Powder	Ruchi	100g	
8004004401247	HALDIRAM Farali Chidwa	Haldiram	200g	
8901748003372	RUCHI Anashfool gota	Ruchi	50g	
8902901222609	GOOD Life Chilli Guntur withstem		100g	
8904004400410	Ratlami Sev	Haldiram's	22g	namkeen
8901155113114	Gits vermicelli kheer	1		
8906002006113	Veg Mayonnaise	Dr. Oetker	400g	sauces vegetarian-sauces vegan-sauces egg-free-mayonnaises
8906066200038	Red chilli flakes	Keya	40g	
9781405234788	Hershey milk chocolate bars king-size 2.6Oz Bar 18 boxes of 12 bars			
8901262020268	Amul cheese chillers 1kg carton			
8901207020070	Anmol Gold	Dabur		vegetable-fats vegetable-oils fruit-and-fruit-seed-oils coconut-oils
0760412595135	Butter rusk	Milma	180gm	
8901058904321	Classic Black Roast	Nescafe		plant-based-foods-and-beverages plant-based-foods coffees
4804888792363	Agar Agar (Gulaman)	Fiesta Pinoy	22 Grams	
6044647004414	Real litchi			
8902042300501	AVT premium leaf tea	AVT	250	
8901138847326	Pure Hands Orange	Himalaya	85 ml	non-food-products open-products-facts
8908008742484	Rose	Neustar		non-food-products open-beauty-facts
8904091121427	Candid Renew	Candid	100g	non-food-products open-products-facts
8904132919600	Expelz		500 ml	non-food-products open-products-facts
8904011506693	Dates Pickle	Double Horse	200 g	plant-based-foods pickles plant-based-pickles dates-pickles
8902082000430	Garlic Pickle	Grandma's	400 g	plant-based-foods-and-beverages plant-based-foods pickles
8902905422418	Pepper Black	Best Farms	100 g	
0743724576900	Payar Vattal	Kanchana	100 g	dried-beans
7622201150303	Shots	Cadbury	18 g	cocoa-and-its-products confectioneries chocolate-candies chocolate-balls
8908005469261	Lemon Infused Honey	Honey Twigs	240g	bee-products sweeteners honey-based-preparations honey-and-royal-jelly-mixtures
8904145912049	PediaSure 7+	Abbott	400	beverages-and-beverages-preparations beverages
8901719116971	Milano		4	
6294017124031	KitKat Chunky Caramel	Nestlé	42 g	bars chocolate-candies bars-covered-with-chocolate coated-wafers
8903799000508	Bonne maman fraises	Bonne maman		
8906030680514	Gurujee Ompudi Mixture		150g	
4895199504547	Chhoti bachhi			
8904132919297	Desi kitchen sanje masala		100g	
8906042150579	Anil happala		150g	
8902901225754	green peas 500g	GoodLife	500g	seeds legume-seeds pulses peas
7622202023545	Fuse	Cadbury	45g	snacks sweet-snacks cocoa-and-its-products chocolates
7622201712617	Chocobakes choco chip	Cadbury	167g	
8901725003876	Dark fantasy	Sunfest	357.5	
8906033741441	Digestive mcvities		200	
0903443743346	Ginger nuts	McVitie's	120	
8904132933033	moong whole unpolished	GoodLife	1 kg	legumes seeds legume-seeds pulses
8906031310090	Detox Foot Patches	Vestige	10	non-food-products open-beauty-facts
8901138846411	Baby Lotion	Himalaya		non-food-products open-beauty-facts
8901207037955	Odomos Naturals	Dabur	23 g	non-food-products open-products-facts
8906135070258	ISO Ripped	Primabolics		
4045787725353	Bonacure Frizz Away Shampoo	Schwarzkopf	250 ml	non-food-products open-beauty-facts shampoo
8907790000031	winny Vanilla	Ribbons & Balloons		sweet-snacks biscuits-and-cakes cakes filled-cakes
8903996006372	Osteo Gel	L'Amar		non-food-products open-products-facts
8904132949744	Campa cola 200ml pet		17	beverages carbonated-drinks sodas
8904300201018	Coconut crunchy			
9907455093124	dal palak	Gits	300g	meals combination-meals ready-to-eat-combination-meals ready-to-eat-dal-palak
8906004562884	Chulbule	yellow diamond		snacks
8904335601937	Yoga bar 20g protein oats+	Yoga bar		
8906054110721	Good Bread			
8904132992313	Campa Cola		2L	beverages carbonated-drinks sodas colas
8906103400391	Benzo Cocoa with Creamy Flavour	Abhi		cocoa-and-its-products confectioneries chocolate-candies bonbons
8901848000059	Rasna			
8904759298621	Green Peas - Unpeeled		250 g	legumes vegetables-based-foods vegetables green-peas
8904132925694	Get Real Bathing Bar Aqua fresh 125g		9	non-food-products open-beauty-facts
8901888008008	Real masala mixed fruit juice			
8901207024542	Real masala Pomegranate fruit juice			
8906067029812	Fish oil		120	
8904209305015	Gram flour	Aachi		plant-based-foods-and-beverages plant-based-foods flours
8901030899355	Mayonnaise		2kg	
8906070320135	Khatta Meetha	Haldiram	200g	snacks
8906087777090	Hydrate		50g	non-food-products open-beauty-facts
8904293704978	Coccinnia		250g	coccinnia
9007395873258	Ginger Garlic Paste	Smith and Jones	200 g	plant-based-foods-and-beverages plant-based-foods condiments spices
8904103336306	Active Jeera	Gas-O-Fast	30g	
94943863	YogaBar protein oats+			
8902901029604	Sugar		1kg	
8903363011435	Premia nuts and seeds mix	Dmart	100g	plant-based-foods-and-beverages plant-based-foods nuts-and-their-products nuts
8901052087440	Tetley Green tea ORIGINAL long, leat			
8901571011001	Eno Fruit Salt - Regular	GSK	100g	fruit-salt
6045716550535	HAMMER THOR GERMAN FORMULA 60 Capsules			
8906069402675	Veeba mayonnaise			
0084562328000	Choco almond nutry cookies	Open Secret	2 , 25g	choco-almond-cookies
8901042971155	Idli Karam Podi	MTR	100g	condiments
8901052087402	Tetley Original			
8901052087785	Tetley GREEN TEA Immune with added Vitamin C Lemon & Honey			
8622262766016	Bourn Vita 5Star			
8901972060189	Dukes bourbon			
8901063017535	Britannia gol maal			
8906108530048	Inchi multigrain hakka noodles			
8908016793799	Garlic Chilli Crisp	Master Chow		condiments
8902579103354	Frooti	Frooti		beverages-and-beverages-preparations beverages
8993417390227	ESKULIN Kids DUCK			
8906064651702	Honey Mustard	Wingreens Farms		
8904132918375	Get Real 300 ml			
3142567883300	Compact powder	Me-on	20g	
0187291021171	Thyronorm 37.5mcg	Medicine		
8906009075600	Swaadesi shahi kaju katli	UNIBIC		
7622201763497	Tang lemon	Tang		
8901262202015	Amul Masala Buttermilk	Amul		dairies fermented-foods fermented-milk-products buttermilks
8906120106337	Seed Mix	Farmley	200 g	
7622201150242	Dairy milk chocolate fruit and nut	Cadbury		snacks sweet-snacks cocoa-and-its-products chocolates
8904132948174	Campa (cola) 500ml pet		500ml	beverages carbonated-drinks sodas colas
8901453000802	शरबत ROOH AFZA	Hamdard	30 ml	
0690225305754	IG daily pri basmati rice 1 kg		1 kg	
8904422701106	Patanjali black salt		100g	
8902901226867	GL dosa rice 1kg		1 kg	
8906067020840	100% Micellar Casein	MuscleBlaze		
8901036163351	Continental Xtra Coffee Powder	Continental		beverage-preparations coffees instant-beverages instant-coffees
8904293732995	Papaya Raw			fruits-based-foods vegetables fruits tropical-fruits
8901030882548	Brooke Bond Red Label NaturalCare	Brooke Bond		beverages hot-beverages plant-based-beverages teas
8904209322067	Aachi Mixed Masala Powder	Aachi	7g	plant-based-foods condiments spices spice-mix
8906097402562	Zoff Clove Whole	Zoff	25g	condiments spices cloves whole-cloves
8901063138469	Britannia Thin Arrowroot	Britannia	150 g	sweet-snacks biscuits-and-cakes biscuits-and-crackers biscuits
8904089921008	Total curd	Heritage	120g	dairy-desserts fermented-dairy-desserts yogurts curd
8901095001465	Masala Flavour Instant Tea Premix	Society Daily	14 g	beverages hot-beverages plant-based-beverages teas
8908002979671	Refined Wheat Flour Maida SRILALITHA	SRILALITHA	500g	flours cereal-flours wheat-flours white-wheat-flours
8908011844014	TS Girijan Honey	TS Girijan		bee-products farming-products sweeteners honeys
8906078260181	Marie Classic	Cremica	10 g	sweet-snacks biscuits-and-cakes biscuits-and-crackers biscuits
8480010092622	eroski pipas/piptak pipes gigantes	eroski	200gm	legumes-and-their-products flours legume-flours chickpea-flours
8906159750211	manati wafer	nabati	62 g	biscuits-and-cakes biscuits-and-crackers biscuits strawberry-biscuits
0908445454610	pio pulpy mix fruit pulp juice	pip pulpy	150	beverages-and-beverages-preparations beverages carbonated-drinks carbonated-fruit-soft-drink
8905507002606	Salted potato chips 50g(37)			salty-snacks appetizers chips-and-fries crisps
8904037212653	Chatpata Amla Candy	Soul Flavours	500g	snacks sweet-snacks confectioneries candies
8001048004953	Pichkoo	Maggie	75g	sauces tomato-sauces ketchup tomato-ketchup
8908012692065	Wellbeing Nutrition Apple Cider Vinegar	Wellbeing Nutrition	500ml	condiments vinegars cider-vinegars
8000500394854	Kinder Joy	Kinder		snacks sweet-snacks confectioneries candies
8902089020059	TilSona Gold	TilSona	500ml	cereals-and-their-products vegetable-fats vegetable-oils cereal-oils
8906021910200	dates	royal crown	500g	fruits-and-vegetables-based-foods fruits-based-foods fruits dates
8901058897838	Maggi	Nestlé		pastas dried-products-to-be-rehydrated noodles instant-noodles
8901262173506	Amul Ice Cream	Amul		frozen-foods frozen-desserts ice-creams-and-sorbets ice-creams
8902901224634	Good Life Kabuli Chana	Good Life	500g	seeds legume-seeds pulses chickpeas
8901058005233	Kitkat mini chocolate coated wafer	KitKat		biscuits-and-cakes biscuits-and-crackers biscuits chocolate-biscuits
8901652140637	Puff			snacks sweet-snacks confectioneries candies
8904320007027	DiSano Honey	DiSano	250 g	bee-products farming-products sweeteners honeys
7622201762582	Cocoa	Cadbury	150g	cocoa-and-its-products cocoa-and-chocolate-powders cocoa-powders
8906059636936	Epigamia Everyday Yogurt Mango			dairy-desserts fermented-dairy-desserts fermented-dairy-desserts-with-fruits yogurts
8906059861413	Kiwi Ice Cream Indian Jackfruit	Kiwi		frozen-foods frozen-desserts ice-creams-and-sorbets ice-creams
8901262130363	Amul Pro Plus	Amul		cocoa-and-its-products beverage-preparations cocoa-and-chocolate-powders malted-cocoa
8901725118846	Aashirvaad Vermicilli	Aashirvaad	850 g	cereal-semolinas wheat-semolinas durum-wheat-semolinas vermicilli
8906007292146	Mk Soya Chunks	MK	50g	legumes seeds legume-seeds soy-beans
8901725102760	B Natural Pomegranate Juice	B Natural	1L	plant-based-beverages fruit-based-beverages juices-and-nectars fruit-juices
8906031933602	Instant Coffee Strong	Levista	200g	beverage-preparations coffees instant-beverages instant-coffees
8901725005986	Sunfeast Yippee! masala magic	Yippee!		pastas dried-products-to-be-rehydrated noodles instant-noodles
8901030987342	3 Roses Natural Care Tea	3 Roses	250 g	beverages hot-beverages plant-based-beverages teas
8906010503987	Soft Imli	Balaji	100000	biscuits-and-cakes biscuits-and-crackers biscuits wafers
8901786410507	Kashmirilal	Everest	50g	condiments spices chili-peppers chili-powders
8901058002683	Spicy Garlic 2 Minute Noodles	Maggi	248 g	pastas dried-products-to-be-rehydrated noodles instant-noodles
0840205724765	Pran Potata Cream & Onion Flavoured Potato Biscuit	Pran	75Gm	sweet-snacks biscuits-and-cakes biscuits-and-crackers biscuits
8904067709369	Peanut Gud	Jabsons	210g	nuts-and-their-products nuts peanuts jaggery
8906013032187	WAI WAI	WAIWAI		pastas dried-products-to-be-rehydrated noodles instant-noodles
8903023006047	Premium Whole Methi (Fenugreek)	Vedaka	200 g	spices fenugreek-products fenugreek-seeds whole-fenugreek-seeds
8901058010701	Nestle Munch Vanilla Flavour	Nestlé	14g	confectioneries chocolate-candies bonbons chocolate-confectioneries-filled-with-wafer
8902080334179	Nimbooz	7up	350ml	fruit-based-beverages juices-and-nectars fruit-juices lemon-juice
8901248756136	Zandu Lean & Slim Juice with Honey & Apple Cider Vinegar	Zandu		condiments vinegars cider-vinegars
8904083320425	MilkyMist Pista Badam Ice Cream	MilkyMist		frozen-foods frozen-desserts ice-creams-and-sorbets ice-creams
8901491400008	Uncle Chips	Uncle Chips	11g(8.8g+2.2g Extra)	salty-snacks appetizers chips-and-fries crisps
8904293728851	Classic Till Regular	Flipkart Grocery	100 g	seeds cereals-and-their-products cereal-grains sesame
8901512500601	ACT II Original	ACT II	99g	snacks popcorn
8903023005903	Vedaka Red Chilli	Vedaka	200g	plant-based-foods condiments spices chili-peppers
8906044920712	Hallmark Byadgi Chilli with stem	Hallmark	100g	plant-based-foods condiments spices chili-peppers
8902080013845	Tropicana Cranberry Delight	Tropicana	1 L	fruit-based-beverages juices-and-nectars fruit-juices cranberry-juices
8906036675248	Double Toned Milk	Nandini		dairies milks
8901063142442	Nutri Choice Seeds	Britannia	75 g	snacks sweet-snacks biscuits-and-cakes biscuits
8901719122644	Happy Happy Choco-Chip Cookies	Parle	400 g	biscuits chocolate-biscuits drop-cookies chocolate-chip-cookies
8901052010615	Premium	Tata Tea	1 Kg	plant-based-beverages teas tea-based-beverages vegetarian
8901058006292	Maggie: 2 - Minute Noodles	Nestle	70 g	pasta-dishes pastas dried-products-to-be-rehydrated noodles
8906032019282	Rolled Oats	Patanjali	200g	seeds cereals-and-their-products breakfast-cereals cereal-grains
8906135090713	Honey	apis	500g	bee-products farming-products sweeteners honeys
8901725013882	Super Millets Cookies	Sunfeast Farmlite		snacks sweet-snacks biscuits-and-cakes biscuits
8906080603938	Swing+ Slurpy Mango	Paper Boat	250 ml	plant-based-foods-and-beverages beverages plant-based-beverages fruit-based-beverages
8906140202217	Arabian DATES	Nature's Choice	500 g	fruits-and-vegetables-based-foods fruits-based-foods fruits dates
8906019770328	Walnut Kernels	Nutraj	250g	nuts shelled-nuts walnuts walnut-kernels
8906140521103	Jackfruit	Mercely's Ice Cream	125 ml	frozen-foods frozen-desserts ice-creams-and-sorbets ice-creams
8901014000449	Schezwan Spicy Chilli Sauce Flavour	Top Ramen	70 g	pastas dried-products-to-be-rehydrated noodles instant-noodles
8901725005214	Yippee Atta Noodles	Aashirvaad	280g	pastas dried-products-to-be-rehydrated noodles instant-noodles
8908014814076	Premium Burger Buns	Mr Bakewell	250 g	breads special-breads hamburger-buns buns
8906007286978	Refined Sunflower Oil	Aadhar	1 L	vegetable-fats vegetable-oils sunflower-seeds-and-their-products sunflower-oils
8409992123322	White Eggs	GVR	30	farming-products eggs chicken-eggs
8904043905129	Sambar masala	Tata Sampann	100g	plant-based-foods condiments spices spice-mix
8901063012516	Milk Bikis	Britannia	100g	snacks sweet-snacks biscuits-and-cakes biscuits
8908010881003	Jaggery	Parth	950 g	sweeteners sugars cane-sugar jaggery
8904132948273	Bugles Tomato Flavoured	Alan's		salty-snacks appetizers chips-and-fries crisps
8901058902938	Nescafe Sunrise	Nestle	5 g	plant-based-foods coffees instant-beverages instant-coffees
8901719128547	Happy Happy Cakes Tutti Frutty Flavoured	Parle	120 g	sweet-snacks biscuits-and-cakes cakes fruit-cakes
8908003080437	Khari Sing	Santosh		legumes salty-snacks nuts-and-their-products nuts
8903363003980	Idli Rava	Premia	500 g	cereals-and-their-products flours cereal-flours rice-flours
8903363004222	Idli Rava	Premia	1 kg	cereals-and-their-products flours cereal-flours rice-flours
8906007285018	Chana besan	Fortune	500 g	legumes-and-their-products flours legume-flours chickpea-flours
8906023642048	Paneer	Thirumala	400 g	fermented-foods fermented-milk-products cheeses paneer
8902080000586	Ice Tea Lemon Flavour	Lipton	250 ml	beverages tea-based-beverages iced-teas
8906009075068	Atta Marie Thinz	Unibic	495 g	snacks sweet-snacks biscuits-and-cakes biscuits
8906006854178	Bavarian Chocolate Mega Saver Pack	Baskin Robbins	700 ml	frozen-foods frozen-desserts ice-creams-and-sorbets ice-creams
8901648026167	Classic Dahi	Mother Dairy	80 g	dairy-desserts fermented-dairy-desserts yogurts curd
8901648021629	Vanilla flavoured Medium Fat Ice Cream	Mother Dairy	48 g	frozen-desserts ice-creams-and-sorbets ice-creams ice-cream-tubs
8906142772763	Cashew nuts	R U Nutz	250 g	nuts-and-their-products nuts cashew-nuts unsalted-cashews
8906005506979	potato chips	bikaji	100 g	salty-snacks appetizers chips-and-fries crisps
8904089919135	cow milk	Heritage	500 ml	dairies milks
8901648021537	Classic Curd	Mother Diary	100 g	dairy-desserts fermented-dairy-desserts yogurts curd
8901052030330	Premium Tea	Tata Tea	250g	beverages hot-beverages plant-based-beverages teas
8902901224221	Raisins green	Good Life	200gm	dried-products dried-plant-based-foods dried-fruits raisins
8886467122422	Fusion Chutney Flavour	Pringles	107 g	salty-snacks appetizers chips-and-fries crisps
8908005658214	Plain Dahi	Osam		desserts dairy-desserts fermented-dairy-desserts yogurts
8904083525585	24 Mantra Organic	Organic peanut butter Creamy	450 g	plant-based-spreads oilseed-purees legume-butters peanut-butters
8902153000031	Apple	Maa	600ml	juices-and-nectars fruit-juices unsweetened-beverages apple-juices
8906144332583	Multiblist Syrup	Smartway		dietary-supplements
8908007344214	KITCHEN TREASURES Appam Idiyappm		1kg	
8904011507010	White Puttupodi			
8904011504156	Broken Wheat			
8906126550240	TOLINS Steam Puttu Podi			
8904043905648	Tomato Pasta	Yumside	285 gm	meals pasta-dishes instant-pasta
8901123005700	LOTTE Season's (Greeings			
8998898101119	Susu			
8901083012145	Allegra Suspension	Allegra	100ml	non-food-products open-products-facts
8901777768174	Vadilal butterscotch icecream			
8906065169831	Itc MASTER CHEF			
8993200664542	Mamayo			
8906047441405	Vanilla cake mix	American pancakes	500gm	
8902042141067	SUPREME	Avt	250	
8901063402270	BRITANNIA DAIRY			
8908000863668	Rock Salted peanuts 🥜	Pipo	130gm	
8901030927690	Holics	Hollicks	400g	
8901719122682	Parle 20-20 Nice	Parle		coconut-biscuits
9900409033573	UNIBIC Danish Coconut Cookies			
8901725019341	Sunfeast MOMS MAGIC			
8901058015409	Milk Chocolate	Milkybar		
4987176164360	TIDE TL	P&G	2L+200ml	
8901725016159	Dark Fantasy Choco Fills			
8901725017552	Sunfeast Nice			
8901928221756	Top Herbs	Bisk Farm	200g	
8902188407096	Soja déshydraté	Ramdev		
8904049710659	Cream			
8906059343612	Maxn Whey Protein	Maxn	1 kg	dairies whey-powder
8908004099025	Sunrich Aqua Packaged Drinking water	Sunrich Aqua	1 Litre	beverages-and-beverages-preparations beverages waters drinking-water
8901277018939	PARK AVENUE cool blue		500G	
9900419350103	Groundnut sweets peanut candy	Amalas	175g	
7173516041539	brand code Germany	Germany		
0745178166966	IYRA LIFE	IYRA	1L	beverages-and-beverages-preparations beverages waters
8904150503836	Pancake			
8886022941529	Periode			
8904335602323	Cashew	Yogabar	200g	dry-fruits
8904132943476	GL Matta vadi rice 10kg	Good Life	10kg	
8901207030482	KABZ OVER	Dabur	120	
8904300200844	INSTANT NOODLES CHICKEN Flavor - TRDP Mario - TRDP Mario			
8901052004669	Tetley GREEN TEA NATURAL MANGO FLAVOUR			
8901542000126	Complain 🍫 500	1932		
8906069651738	BRAVO	SR25	21g	
8853301400107	Whiskas Ocean Flavour 3Kg			
8908012692430	Wellbeing Nutrition Natural B12 + D3	Wellbeing Nutrition	2.4g	nutraceutical
8904103330717	EPIC pleasure condoms	Man force	10g	
8906009453019	Face pack	Bioteque	100gm	
8906005503596	Paneer Tikka Kathi Roll - Bikaji			
8908002008227	jagat toothpaste	jagat	100gm	toothpaste
8901648923039	Super T Milk	Mother Dairy	1L	dairies
8908018963206	Lite Chiwda	BABU	250g	snacks
8906013033337	Noodles shrimp flavour	RinTin		
8906116950005	Biozyme Whey Protein	Muscleblaze		
7901095094154	BRITANNIA Goodday			
8901063012738	BRITANNIA Milk Bikis			
8901063012721	BRITANNIA MiIk Bikis			
8906009070483	UNIBIC Choco Ripple Cookies			
0748927065817	Whey Protein	ON		
8904132975316	Campa energy drink 200ml			
8904004404685	Nutty Craze	Haldiram's		plant-based-foods snacks nuts-and-their-products nuts
0941959122187	Krack jack			
8904132925441	Desi kitchen dosa mix			
0700721646531	Advanced Mass And Weight Gainer	Doctors choice	2 kg	dietary-supplements bodybuilding-supplements protein-powders doctors-choice
4906638680330	GRJ SNACKS		150g	
8904304711599	Suggi classic salted peanuts		1	
0006612572096	Cornitos crisps		75g	
7174108607652	Sanifast Hand Sanitizer	Sanifast	1.5ml	non-food-products open-products-facts
8906005611147	winkies fruit cake	winkies	125g	snacks sweet-snacks biscuits-and-cakes cakes
8906078180823	Dev cumin	1		
8906027120535	Hakka noodle	Sams	180g	
8906013030145	Wai wai hakka	Wai wai		
8901107038526	Aptivate	LUPIN LIFE	450ml	
8908003338255	Dwibhashi Castor Oil	Dwibhashi	100ml	non-food-products open-products-facts open-beauty-facts oil
8908016363008	what's up eye health zeaxanthin & lutein gummies	what's up		dietary-supplements vitamin-mineral-combinations
8904256715492	Protein Bar	BB Good Diet		
8998866203272	Mie suksess 2 ayam geprek			
8904132946934	Joy land sweet chilli	1		
8902082803963	Green Chilli	Grandma's	200g	
0948669559388	Red chilli	Baker's		
8901725015442	Sunfeast all, rounder sweet			
8902102128076	Henko Staincare	Henko		non-food-products open-products-facts
8901030815911	Vwash Expert Intimate Hygiene	Vwash	100ml	non-food-products open-beauty-facts
8904091128556	Candid Prickly Heat Powder Menthol Cooling	Candid	120g	non-food-products open-products-facts
8903105010269	Yardley London English LAVENDER	Yardley	100 g	non-food-products open-beauty-facts
8904026636880	LACTO CALAMINE	Piramal	30 ml	non-food-products open-beauty-facts
8904352004070	BIOTIQUE Advanced Ayurveda Fruit Brightening Face wash	BIOTIQUE	150ml	non-food-products open-beauty-facts
8901030865381	Pond's Super Light Gel Hydrated Glow	Pond's	100ml	non-food-products open-beauty-facts
8901248121088	Powder Hair Colour			non-food-products open-beauty-facts
8902915001047	Club Excel Playing Cards	Club Excel		non-food-products open-products-facts
8903023305058	Mango Pickle	Kitchen's Promise		
8901725016265	Sunfest dark fantasy Bourbon	SUNFEAST	65g	
8906062262146	Cold Milled Low Carb Flour(Keto)	Jiwa		plant-based-foods-and-beverages plant-based-foods flours
8901314311832	Colgate Sensitive	Colgate	160 g	non-food-products open-beauty-facts
8908000537019	Kalyani Nature Pure			
8906142025920	Plix Super Multi Vitamin	Plix		dietary-supplements vitamins
8939118466588	Mango Whey Protein Isolate	Naturaltein		
8902901027310	Pulses moong dal 2kg	Reliance	2kg	legumes seeds legume-seeds pulses
7622201690502	Dairy milk hazelnut	1		
8906005502742	Bikaji falahari mix	1		
8904059150209	Kottakal Dasamula Rasayanam	Kottakal		
8906000921555	Daadi's Peri Peri Khakhra	Daadi's	180g	snacks
8901719112485	Parle Hide & seek black bourbon 100g(24)	Parle		
8901719124877	Parle Maire	Parle	250g	
8901719128264	PARLE ALOO BIKKI	Parle		
8901719128271	Parle aloo bikki	Parle		
8901719127359	Parle milk shakti	Parle		
8901719784040	PARLE COCONUT	Parle		
8901719126598	PARLE Krack Jack	Parle		
8901719126123	PARLE magic ORANGE	Parle		
8901662033509	Suhana Super garam masala	Suhana	50 g	plant-based-foods condiments spices garam-masala
8906145150629	Noto Hazelnut Crunch Bar	Noto		
8901030820168	closeup	fdi	150	tooth-paste
8901207032110	Real litchi juice 180ml		6	
8906078265926	Daily White Bread	English Oven		
8904272600055	Storia mango shake		3	
8906044999244	Alo Fruit mixed fruit			
8906008458039	diamond facial kit	Vlcc	60g	
8901138509941	Himalaya Rumalaya Gel	Himalaya	30 g	non-food-products open-products-facts
8905110003687	Nimyle		500 ml	
8908008011474	Milk			
8901207032493	Re real fruit power ping guava		1L	
8904091129478	candid clotrimazole dusting powder	candid	120g	non-food-products open-products-facts
8906081122520	Toasted and Salted Sunflower seeds	Happilo		
8901719131219	Parle g 800 g	Parle		
8904406102196	Belgian Chocolate Ice-cream	Get-A-Whey		
8906027140489	Delfrez Eggs	Suguna Foods		
3948764111259	Coke Zero	Coca-Cola		
8901248701129	Zandu		8ml	
8901248268592	He Perfume	Emami	100g	
0048107198046	Melatonin	Gnc	120n	
8906081921581	L glutathione	Carbamide forte	30n	
8901207900723	Shilajit	Dabar	30n	
8906011334733	Anti pimple neem baar	Aaryanveda	125g	
8906137370493	Pollen Honey	Last Forest		
8904043551609	modern milk plus bread	modern	350g	plant-based-foods-and-beverages plant-based-foods cereals-and-potatoes breads
4052770974179	PANTYLINER			
8908020335411	Washishti sweet lassi	Washishti		
8901030900129	Sweet Corn Vegetable Soup	Knorr	42 g	meals soups
8906116957356	Plant Protein	Muscleblaze		
8901030970696	Dreamflower	Ponds	200g	non-food-products open-beauty-facts
8901030865480	Ponds cold cream	Ponds	55ml	non-food-products open-beauty-facts
8901030886089	Dove hair therapi breakage	Hindustan	100ml	non-food-products open-beauty-facts
8901138512767	Himalaya baby lotion			non-food-products open-beauty-facts
8999999035532	Vaseline Night Repair HEALTHY BRIGHT&quot; 8+3AM&quot; 200 m			non-food-products open-beauty-facts
8906118413072	Plum niacinamide face pigmentation			non-food-products open-beauty-facts
8906118411658	Plum face mask		250 g	non-food-products open-beauty-facts
8901023010484	Cinthol soap	Godrej	100g	non-food-products open-beauty-facts
9220079597688	NATURAL HERBAL BEAUTY SOAP - LUXURY AROMA ENRICHED WITH SAFFRON EXTRAC	REYYA PREMIUM	85 GM	non-food-products open-beauty-facts
9220079597732	NATURAL HERBAL BEAUTY SOAP - LUXURY AROMA ENRICHED WITH LEMONGRASS & N	REYYA PREMIUM	85 GM	non-food-products open-beauty-facts
9220079597701	NATURAL HERBAL BEAUTY SOAP - LUXURY AROMA ENRICHED WITH SAFFRON EXTRAC	REYYA PREMIUM	85 GM	non-food-products open-beauty-facts
9220079597664	NATURAL HERBAL BEAUTY SOAP - LUXURY AROMA OF REAL ROSE ENRICHED WITH R	REEYA	85 GM	non-food-products open-beauty-facts
8904132945999	Get Real Sandalwood soap	Get Real	100g	non-food-products open-beauty-facts
8908000498952	ASWINI HOMEO Arnica HAIR OIL		360ml	non-food-products open-beauty-facts
8901526102068	DAMAGED HAIR			non-food-products open-beauty-facts
9220079597619	HERBAL HAIR TONIC	KESH VARDHAK PREMIUM	100 ML	non-food-products open-beauty-facts
8906087772491	Onion hair oil		250ml	non-food-products open-beauty-facts
8901399241161	SANTOOR GENTLE HAND WASH CLASSIC		buy1 get 1 free 200m	non-food-products open-products-facts
8901526593705	Garnier men turbobright face wash			non-food-products open-beauty-facts
8901399001833	SAFE WASH	Wipro	1L	non-food-products open-products-facts
8901399079108	SAFE WASH	Wipro	2L	non-food-products open-products-facts
8901399001840	SAFE WASH	Wipro	1kg	non-food-products open-products-facts
8901023022968	Good knight GOLD flash		4 refils	non-food-products open-products-facts
8901542001246	Nycil Germ Expert Prickly Heat Powder			non-food-products open-products-facts
8901030877292	Domex Fresh Guard 1L pet blue			non-food-products open-products-facts
8901396136019	Lizol Citrus 1 L			non-food-products open-products-facts
8901030700255	Tresemme smooth &shine			non-food-products open-beauty-facts
8906008450897	Skin whitening	VLCC	50g	non-food-products open-beauty-facts
8904417300345	Mamaearth green tea face scrub			non-food-products open-beauty-facts
8902979026888	Spin B B	Spinz	80g	non-food-products open-beauty-facts
3948248101585	Boro plus soft	Boro plus	200ml	non-food-products open-beauty-facts
0044440400648	Aloe vera gel			non-food-products open-beauty-facts
8904132918320	Get real Shower Gel		250Ml	non-food-products open-beauty-facts
8904109400643	Saundarya aloe vera gel			non-food-products open-beauty-facts
8904417307269	1% hyaluronic sunscreen Aqua gel	Derma	30g	non-food-products open-beauty-facts
8901725018993	Yippee	Sunfeast	480g	
8681277120244	Tatco oil			
8904057395503	Hatsun Curd	Hatsun		curd
8906018982104	Saloni Kacchi Ghani Mustard Oil	Saloni	1L	fats vegetable-fats vegetable-oils mustard-oils
8901499010704	Chocos	Kellogg's		plant-based-foods-and-beverages plant-based-foods cereals-and-potatoes cereals-and-their-products
8908007766030	Train Marka Mustard Oil	Train Marka		fats vegetable-fats vegetable-oils mustard-oils
0726684147373	Max Whey Isolate	ByBv		
8901542003035	Complan			
8908015836114	The Healthy Binge Moringa Jowar Crispies	The Healthy Binge		chips-and-fries
8901860835233	Dr. Fixit Kwik N Ezee Wall Gap & Crack Filler	Dr. Fixit	150gm	non-food-products open-products-facts
8906116956946	Protein Peanut Butter	Muscleblaze		
8906069400046	Caesar Dressing	Veeba		
8906147190012	Overnight oats	Miheso		
8904304353102	Bodypower Nutrition Whey Protein	Bodypower Nutrition		dietary-supplements bodybuilding-supplements protein-powders whey-powder
5056185745224	Impact Whey Protein (Cookies n cream)	My protein		
8904245706579	Nykaa Wanderlust Japanese Cherry Blossom Body Lotion	Nykaa		non-food-products open-beauty-facts
8906133402655	Little Joys Nutrimix Chocolate Flavour	Little Joys		beverages-and-beverages-preparations beverages energy-drink-mix
8906005274144	Cetaphil Moisturizing Lotion	Cetaphil	500ml	non-food-products open-beauty-facts
8906070000075	Soan papdi			
9900409072640	UNIBIC Snappers Potato Crackers	UNIBIC	300g	snacks
8908017525016	Bold Care Forever - Ashwagandha	Bold Care		dietary-supplements
8901058890716	Nestle Optifast	Nestle		dietary-supplements
8904130840883	Boat Bassheads	Boat		non-food-products open-products-facts
8908016002150	Full Moon Ghee	Two Brothers		
8901537079595	White basmati rice	Daawat		
8901012116821	Jhon son baby cream			non-food-products open-beauty-facts
8901725006839	Aashirwad Chakki Atta 5kg			
8904132919426	Desi kitchen kesari halwa		200g	
0081612954530	MTR rava dosa			
8908009918079	Nutritional meal oziva	Oziva		
8906001024712	Whey Protein Belgian Chocolate	Avvatar		
8906044999282	Alo Frut Kiwi	Alo Frut	300 ml	
8908006779000	Steam made Puttu podi	Ajmi	1 kg	
8908006000074	Aavin Chocolate Milk Shake	Aavin		beverages-and-beverages-preparations beverages dairies dairy-drinks
8901123000439	Lotte Jellies	Lotte		desserts jelly-desserts
8906010395407	PASTA MACARONI	True	500G	
8904406185076	SAMABA RAVVA	Dhanusu	250g	
8906030580111	Idiyambam flour	Nalaas	500g	
8906002080342	Sambar	Sakthi	500	
8908023404039	Coated Peanuts Onion And Garlic Flavour	Tong Garden		
8906107213416	Flyberry Spiced Okra Chips	Flyberry		snacks
8906045090902	Nature day	1		
8906005504449	Pudina treat chips	Bikaji	62g	
8906129220171	Buttermilk masala glass	Chhaswala	275 ml	
8906129220164	Special masala	Chhaswala	275 ml	
8906129220188	Buttermilk bottle	Chhaswala	900 ml	
8906129221246	Gauva lassi	Chhaswala	200 ml	
8906129221260	Paneer	Chhaswala	100 gm	
8906129220355	Kaju anjeer shek		275 ml	
9000417980088	Fortune soya bean 5ltr			
8904422700963	Patanjali Kacchi Ghani Mustard Oil	Patanjali	1 litre	fats vegetable-fats vegetable-oils mustard-oils
8902433001383	Pedigree BISCROK biscuits (with milk & chicken) 500g			
8906087772378	Mama Earth hair serum	Mama Earth	2.99ml	
8718699625719	Philips Ace Saver 9W Golden Yellow	Philips		non-food-products open-products-facts
8901030985973	Horlicks chocolate delight flavour 500g pet	Horlicks		
0890079014158	Macarrão instantâneo sabor pão na chapa			
8904221699277	Micellar Casein	AS-IT-IS		
0890234280404	Sundae chocolate			
8906125981731	Corn Chips	4700		salty-snacks appetizers chips-and-fries crisps
8901088051613	Parachute	Body lotion	250 ml	
8904287000345	Roasted Vermecilli	Bambino		
8904293723443	Flipkart Grocery White Peas	Flipkart Grocery	500g	seeds legume-seeds pulses dried-peas
8901207034220	Dabur Clove Toothpaste	Dabur		non-food-products open-beauty-facts toothpaste
8901058905656	Cerelac	Nestle		baby-foods
8904214503871	Khartoum mitha	Rawji		
8908009419101	Bauli Moonfils Croissant	Bauli		sweet-pastries-and-pies viennoiseries filled-croissants croissant-filled-with-cream
8906167241152	Byadgi Chilli Whole	Whole Farm	100 g	red-chillies
8906002080144	CHILLI POWDER	Sakthi	500	plant-based-foods-and-beverages plant-based-foods condiments spices
8901030989810	Pond's Bright Miracle Activated Charcoal Detox Face Wash	Pond's	200g	non-food-products open-beauty-facts
8901138851248	Himalaya Purifying Neem Face Wash	Himalaya	200ml	non-food-products open-beauty-facts
8901138837563	Himalaya Moisturizing Alo Vera Face Wash	Himalaya	100ml	non-food-products open-beauty-facts
8907122008520	Vlcc 3D Youth Boost Sun Screen Gel Cream	Vlcc	50g	non-food-products open-beauty-facts
42204169	Nivea Soft Light Moisturising Cream	Nivea	50ml	non-food-products open-beauty-facts
42419976	Nivea Soft Cream	Nivea	50ml	non-food-products open-beauty-facts
6297811169055	BioCare Aloe Vera	BioCare		non-food-products open-beauty-facts face-care-gel skin-care
8904293718166	Flipkart Supermart Dishwash Gel	Flipkart Supermart	2L	non-food-products open-products-facts
8904424804348	Party Snack	Happilo		
0806360651209	Lotus			
8901030803598	Comfort anti bacterial action 860ml			
8901725961176	Nimyle 2l + 500ml			
8904271200935	Mr muscle 1l			
8906064231621	Cuppa dal chawal	Suhana		
0839423004223	Potato Chips Salted	Samrat		
8901030781070	Green Tea			
8908007653095	Rachana Curd Chillies	Rachana	100g	snacks
8901023029516	Godrej magic floor cleaner 500 ml	Godrej		non-food-products open-products-facts
8906032010364	Ruchi NO. 1 Vanaspati	Ruchi No. 1		clarrified-butter
8901725121228	Aashirbaad 5kg select aata			
8908016809414	Afghani Soya Chaap	BlueTribe		
8901030825941	PONDS			
8904311903031	Wow skin science Thai body massage oil			
8904256005166	Nivea	Nivea	100ml	
8904035417005	face wash			
6924339210616	Strait glatt	Glatt	400mL	
0309979380145	Lipstick			
4987176077547	Vicks inhaler			
8904176301904	Chyavancap cap		1	
4987176200648	Whisper Bindas night	P&g	7pads	
4987176191205	Vics Vaporub	Vics	25ml	
9789356991460	Let's Talk Mutual Funds - Monika Halan	HarperCollins		non-food-products open-products-facts
8906021128735	Mango Ginger Pickle	Aachi	300g	condiments pickles plant-based-pickles spices
8906032490210	vsr bansi rawa fine	vsr	1kg	
8902102163732	Exo			
8901450011993	Denver Deodorant Body Spray	Denver	50g	deodorant perfume
0784927304785	Gd	Hd	88	
8901725110536	Ready To Cook Chapati	Aashirvaad		
0000490607260	Samrudhi Raisins yellow	Samrudhi	50	
6009544950523	Anabolic Amino Gold	USN		dietary-supplements suppliments-dairy
0754083603695	The Real Vitamin	BIG MUSCLES NUTRITION	30 caps	dietary-supplements multi-vitamins-capsules
8904008416851	feroglobin b12			dietary-supplements
8904063526007	Nutcrackers			
8901287208894	Mysore Sandal Herbal Handwash	Mysore Sandal	250ml	non-food-products open-beauty-facts
6291101138370	Caprice	Papadopoulos	115g	
8907316008817	Garlic&ginger paste			
8906080603914	Swing pomegranate	Paper boat	250ml	
8908007808587	Vanilla Hazelnut Spread With Belgian Cocoa Butter	Liso		
8901030978449	Vaseline deep mos			
8901058003000	Pazzta Cheese Macaroni	Maggi	75g	
8903071000042	MSG	Golden crown	500g	
7622202216916	Cadbury Chocobakes	Cadbury	17g	
8902346012414	Electral Orange	Electral	4.40g	beverages-and-beverages-preparations beverages
8901542002298	Complan	Complan	18g	
8906090572217	Too yummy	Too yummy	75 g	snacks
8901360237018	perfume spray	Jass	50ml	
8906076132886	Ragi Loaf Bread	The Bakers Dozen		
8901030899768	8901030899768&gt;	Dove		non-food-products open-beauty-facts
8908009851062	Red chili kutti (special)	Shri Kaila masale	200g	
8908000863460	Oleev active	Fssai	1L	
8901531700327	Suthol			
8903059606563	3 S Moong Dal Dhuli	3 S	500g	legumes seeds legume-seeds pulses
8902901069976	GL munakka		200gm	
8901030520198	Taj mahal tee bag	1		
8906014523004	Gokul	Gokul	0.81g	
8908004997857	Smoked Chicken Sausage	Prasuma	200 g	
8906115980218	Honey	Himalayan Natives		
8901399001666	Santoor skin softening	Sandal& almond milk	625g 4N	
8906069400527	VEEBA SANDWICH SPREAD THOUSAND ISLAND	VEEBA		spreads
8903163041731	HK Vitals Omega 3	HK Vitals		dietary-supplements
0241622543128	Popcorn act 2	Act 2	40g	
8906012890023	Baking Powder	Baker's	100 g	baking-powder
8904132932951	Good Life Unpolished Masoor dal	Good Life	1kg	legumes-and-their-products legumes seeds legume-seeds
8901058009422	munch	Nestle	332.8 g	
8904288621136	Custard power			
8901030695117	excel			
8904132920316	GRAPHITE after shave lotion		100ml	
8901396062400	Cherry BLOSSOM		01	
8710908458620	Domestos		55 g	
8901063016934	BRITANNIA 5050	BRITANNIA	69.2g	
8904293725539	Flipkart Grocery Kasuri Methi	Flipkart Grocery	25 g	condiments
0890330000630	Ta pronto!	Wickbold		
8904132927025	Enzo			
8901725006594	B Natural select coconut water 200ml pet			
8997209271015	Somethinc			
8906081151438	Rose water	Girnar	100 ml	
8906077361872	Roasted chana			
6902053413018	BRITANNIA TIGER Choco			
8908735007443	Yogurt intero cocco	Sterzing vipiteno		
0941001014019	Lizith moong papad		lizith	
4923126160334	Wonderland walnut		200g	
8906079010624	Luscious	Luvit	50g	
8906120109918	Farmley Date Bites	Farmley	18g	snacks
8906006430624	All out ULTRA		6× 45ml	
8901207033483	Dabur MESWAK PURE MISWAK EXTRACT		200×3	
8901157025071	HIT Fresh Frag ance		200ml	
8901157025255	Hit Fresh Fragrance COCKROAL		125ml	
8901248103251	Boroplus health skin	Powder	150g	
8901058869293	Nestea	Nestle		
8901399011016	SANTOOR Skin Softening Sandal & Almond Milk			
8904003202039	Spice	Sanjeev Kapoor's		
8906085410210	Ghdhs	Bns	350g	
8901058010602	Noodles BBQ	Maggi		
8908010213088	Nacho chips	1		
8906116957585	Protein	Muscle blaze		
8908001004152	Krishna	Krishna	1 kg	
8904293709232	Flipkart Grocery Classic Mustard (Rai Small)	Flipkart Grocery	200 g	condiments seeds spices mustard-seeds
8906087778462	Aqualogica Glow+ Sunscreen	Aqualogica		non-food-products open-products-facts
8906001025146	Avvatar Alpha Whey Belgian Chocolate	Avvatar		dairies whey-powder
8904132953581	Independence besan			
8908019726220	waffle cookies	Nova Nova	6 g	food
0843911140812	Whiskas 1.1KG			
8906087776420	FACE SERUM			
0890497000535	Nann crisps			
8901576010108	Modern potato wafers	1		
8901030681950	Knorr			
7790580983406	Jardinera con choclo	Arcor		
8908008742583	Conditioner			
8901526005208	Garnier Skin Naturals Vitamin C Face Wash	Garnier		non-food-products open-beauty-facts face-wash
5011832712776	MorphyRichards Kingsman Pro Body Groomer	MorphyRichards		non-food-products open-products-facts
8906007280990	Fortune mustard oil 5ltr			
8901972061025	Spicy crackers			
8901063160293	Britannia pure magic			
8901972056960	Dukes bourbon buy3 get2			
8901719130168	Parle hide&seek125g			
8901063158078	Britannia Good day			
8901719117213	Parle HIDEGSEEK			
7622201385064	CHOCOBAKES	Cadbury		
8901928112009	Bisk fram Bourbon150g			
8904422705272	Patanjali narigal			
8906033740833	Mcvities Digestive		400g	
8906025020042	Sona Sikka Refined Groundnut Oil	Sona Sikka		groundnut-oil
8901719129964	Parle hide seek			
8996001351888	Wafello butter caramel 2k			
4901229202755	Biskfram sugar free			
8906097402579	Premium Whole Spices Indian Bay Leaf	Zoff	50 g	
8992984820410	baking powder			
8908013746026	Cravova peach mojito			
8904109498800	FROM THE DATE OF MFG.			non-food-products open-beauty-facts
8901396393634	Dettol			non-food-products open-beauty-facts
8901399190810	Giffy 2x faster		900ml	non-food-products open-products-facts
8901399339080	Softouch fabric 2l			non-food-products open-products-facts
8901030888847	Sunlight liquit 800 ml			non-food-products open-products-facts
8901030863233	AXE after shave lotion		100ml	non-food-products open-beauty-facts
8901030901652	Peta	Univer	6ml	non-food-products open-beauty-facts
8904417311594	Mamaerth	Mama Earth	500g	non-food-products open-beauty-facts
8901012100554	John baby	JOHNSON'S baby powder	50g	non-food-products open-beauty-facts
8901526606405	L'OREAL Hyaluron Moisture	L'OREAL		non-food-products open-beauty-facts
8992761166052	Frestea			beverages-and-beverages-preparations beverages
8908020709007	Elemental Manga+	ELEMENTAL		beverages-and-beverages-preparations beverages
8901063166257	Chocolate Bar	Britannia Tiger Kreemz Choco		
8905507001227	500 g			
8901842333566	Dairy whitener	Nova		dairies
8901414006850	Bikano diet mixture 600g(9)			
9909284390405	GODFATHER	Beard oil	30ml	
8908008116018	Um Rupa	M/S Marwein group	1 liter	
8690504005179	Coco cream chocolate spread	ulker	40g	breakfasts spreads sweet-spreads chocolate-spreads
8904063218162	Haldiram's Punjabi tadka	Haldiram's	405g	snacks
8900740227137	ISO GOLD WHEY PROTEIN ISOLATE	One Science		
8904063218124	HaldiramS ALOO BHUJIA	Haldhiram	205g	snacks
8906019647477	Abbott Digene	Abbott		non-food-products open-products-facts
8997011931565	Desaku kunyit bubuk			
8901058852141	kitkat caramel chocolate coated wafer			
8904063218407	Haldiram's bhujia	Haldiram's	410g	snacks
8901030792168	Kwality Wall's Choco Cone	Kwality Wall's	70Ml	desserts frozen-foods frozen-desserts
8902351333092	Sobisco Desire Chocolate Cake Filled with Chocolate Cream	Sobisco	18g	snacks sweet-snacks biscuits-and-cakes cakes
8906002080311	Sambar powder	Sakthi	50g	
8904124113108	Paneer	Ananda		
8904180001623	ELMAC Lemon Juice	ELMAC		beverages-and-beverages-preparations beverage-preparations instant-beverages fruit-juice-concentrates
8904256700467	Tasties Hakka Noodles, Veg,		200g	tasties
8901192204011	CHATPATA CHAT MASALA catch	Catch	50gm	
8902167000362	BIRYANI MASALA. MDH	MDH	50gm	
8901192217110	JALJEERA	Catch	100gm	
8904145912346	Ensure Diabetes Care Chocolate flavour	Ensure	400 g	beverages-and-beverages-preparations beverages dietary-supplements
8009163000065	CHUNKY CHAT MASALA mdh	MDH	100gm	
8902167000492	BLACK PEPPER POWDER	MDH	50gm	
8902167000737	JEERA POWDER	MDH	100	
8902167000751	KITCHEN KING 10% EXTRA	MDH	50gm	
8902167000140	MEAT KA MASALA mdh	Mdh	100gm	
8901192101013	BLACK PEPPER POWDER Catch	Catch	50g	
8906048501894	Protinex diabetes care 200g cbd			dietary-supplements
8904351701383	SUBHASH Chaap Masala	SUBHASH	50gm	
8904351701352	SUBHASH kadhai paneer	SUBHASH	50gm	
8904351700218	SUBHASH Methi Powder	SUBHASH	100gm	
8903550002024	SUBHASH ACHAR MASALA	SUBHASH	100	
0946457815005	DESI GHEE Madhusudan	Madhusudan	500gm	
8901786130504	EVEREST Sabji Masala	Everest	10gm	
8901192208019	KITCHEN KING catch	Catch	50gm	
8901192214010	CHICKEN MASALA Catch	Catch	50 gm	
8901786100507	EVEREST Garam Masala	Everest	50gm	
8901725018917	Yippee noodles magic masala goat	Sunfeast	60g	
8906099250000	Bucket Jaggery	Rampura	500 g	jaggery
8901095000475	Sweet and spicy mango pickle		200 g	
8906014765985	Almond oil	Bajaj	300ml	
8903071006822	Tuna	Golden crown		
8904320007768	Elbow Pasta	Disano		
8904092400057	Kalory Brown Bread	Kalory		plant-based-foods-and-beverages plant-based-foods cereals-and-potatoes breads
8908001588560	Wheat Chapati	Asal	200 g	plant-based-foods cereals-and-potatoes breads frozen-chapatis
8908000233300	Plain Papad	Iyers	200 g	breads flatbreads special-breads papadum
8906029110060	Browny Whole Wheat Bread			plant-based-foods-and-beverages plant-based-foods cereals-and-potatoes breads
8906029605368	Parota	Ammamma's easy2cook	400 g	plant-based-foods-and-beverages plant-based-foods cereals-and-potatoes breads
4907748011014	Moong Papad	Lijjat		breads flatbreads special-breads papadum
0738759759947	Guruvayoor Papad	Kanchana	100 g	breads flatbreads special-breads papadum
8904085900137	Appalam Papad	Ambika Appalam Depot	150 g	breads flatbreads special-breads papadum
8908004896129	Aanamark pappadam	Guruvayoor	200 g	breads flatbreads special-breads papadum
8906030460239	Brown Bread	Moreish		plant-based-foods-and-beverages plant-based-foods cereals-and-potatoes breads
8908007653422	Pani Puri Papad	Rachana	200 g	snacks cereals-and-potatoes breads special-breads
8906012160423	White Slice Bread	Perfect		plant-based-foods-and-beverages plant-based-foods cereals-and-potatoes breads
8901648001119	White Bread	Mother Diary		plant-based-foods-and-beverages plant-based-foods cereals-and-potatoes breads
5059883230511	Clear Whey Isolate Cola flavour	My Protein		
8901246007162	Thousand Island Dressing	Del Monte		
0074060020445	Good life masal			
8906120100847	Makhana	Farmley		
8902080001156	Pepsi	Pepsico		beverages carbonated-drinks sodas colas
8901595961436	Sweet corn	1		
8908012731030	Dr brand mishri dana		200g	
8904083505532	Organic green mong whole		500g	
8904083506188	24 mantra jowar flour		500g	
8908007127060	Sugar Free Strawberry cookies	De Best	200gm	
8901648181866	dahi	Mother dairy	400 g	
8908005977001	Body oil	Jack olivol	100g	
8901512564306	Instant popcorn	ACT	120	
8906019642960	Abbott Solspre	Abbott	100ml	non-food-products open-products-facts
8901207043451	Pudina hara			
8902710500028	Crunchy Museli	Baggry’s		
0020412090475	Cheddar cheese	Kraft	190gm	
8908012605096	Heinze Beans	Kraft	415gm	
4005292008761	XYLITOL GUM LEMON FLAVOUR	Impact mints	30gm	snacks sweet-snacks confectioneries chewing-gum
8906130731192	FabBox Peri Peri Ragi Chips	FabBox		snacks
8908003623757	Dnv pickle			
8622287026461	Cadbury Bournvita 5star 500g			
8901058007435	Nescafe Classic Black Roast	Nescafe		plant-based-foods-and-beverages plant-based-foods coffees
8904272600871	Storia Mixed fruit juice 750ml		2	
8904272601533	Storia sugarcane 750ml pet	Storia	4	plant-based-foods-and-beverages beverages plant-based-beverages juices-and-nectars
0694189138724	BOURBON	BRITANNIA	50g g	biscuts
8906033530069	pnsta mix	Snapin	25g	
8907093004354	Light Meat Tuna Chunks In Extra Virgin Olive Oil	Tasty Nibbles		
8906017863169	Soan Papdi	Indiaah		snacks desserts sweet-snacks
8901262090469	T-Special Premium Dairy Whitener	Amul		dairies dairy-whitener
8906017774014	Thandaai Masala Powder	Ashok	50 g	thandaai-powder
8906039390100	Besan	Magic Cook		gram-flours
8903736417680	Pure Cotton Ladies Handkercheifs	Max		non-food-products open-products-facts
8902080001170	Mirinda	Pepsico	475 ml	sodas carbonated-fruit-soft-drink carbonated-fruit-soft-drink-with-sugar sweetened-beverages
8908023922021	Jodhpuri Jeera			beverages-and-beverages-preparations beverages
8906010501228	Scoopitos Masala Flavour	Balaji Wafers		salty-snacks appetizers chips-and-fries crisps
8901262202046	Amul Lassi	Amul		beverages-and-beverages-preparations beverages
4014162249104	JBL CALCIUM MARIN 500GR	JBL	3	
8902901001808	GL lapsi rawa	GL	500g	
8908000385252	Ghee muruku	Dev		
8908000385108	Pakkavada	Dev		
8908008820052	Masala peanut	Crunchy snacjs		
8906108240299	Sweet kuzhalappam	Magic bite	200 g	
8908008820533	Rice murukku	Crunchy snacks		
8906019350339	Peanut masala	Amalas	175	
8906165780660	Pre-workout WrathX - Voodoo Black Flavour	MuscleBlaze		
8904293704077	Cucumber English		500g	plant-based-foods fruits-and-vegetables-based-foods vegetables-based-foods vegetables
8902080002047	Tropicana guava	Tropicana	180ml	
6754642603597	Punk apple flavour	Candy stick	40 g	
9556032027832	Almonds	SAPPHIRE	200 g	
9556995120939	Butter cookies gold collection	SAPPHIRE	400g	
3558632603689	Punk cola flavour	Candy stick	40g	
8496097540420	Butter cookies	SAPPHIRE	150g	
8908020501045	CRANBERRY	Orino	200g	
96200384	Kitkat	Nestle	20.7g	
9556995120953	Chocochip	SAPPHIRE	400g	
13204150	Swiss classic	Lindt	100g	
8904132917064	danedar assam tea	Arrambh	250	
8901531300305	Boroline	Boroline	1kg	non-food-products open-beauty-facts
6989636903159	WRDBEAUTY			
8906008815528	Kohinoor biryani	1		
4906403090883	nivaran	Healthy cough syrup	7 ml	
0005537835804	Pulpy	Coca cola	250ml	
8904059120073	Kalyanaksharam	Kottakkal	50g	
8904293728578	Flipkart Grocery Bansi Rawa	Flipkart Grocery	1kg	cereals-and-their-products cereal-grains wheats broken-wheat
8904132920330	Expelz pack of 3			
8901719123795	Parle monaco(200g)	parle		
8906145150377	Fudgesicles	NOTO		
8904352004063	Facewash	Biotique	100 ml	
8906064655700	Garlic sauce	1		
8902246014310	Zesty Orange	Santé		
8901782335064	Horlicks Classic Malt	Horlicks		suitable-for-children
8997024460656	Mc lewis spaghetti sauce			
8904250303831	CAMFLORA Champa and camphor	shubh kart	250ml	
8901157021028	Good Knight Power Active	Godrej		non-food-products open-products-facts
8992796211307	Eniched with Collagen, Aloe Vera G Whte			
8906017861486	Bisk Farm Burst	Bisk Farm		snacks
8901030922770	OTHER			
8906080600135	Peperboat			nuts-and-their-products bars nut-bars peanut-bars
8904004401172	Khatta Meetha	Haldiram	1	condiments salty-snacks sweet-snacks appetizers
8901063162365	Marie Gold	Britania	45g	snacks sweet-snacks biscuits-and-cakes biscuits
8901192000101	catch sprinklers Table Salt	catch	100g	condiments salts table-salts groceries
8906084410617	mom chinese fried rice	alimento agro	87 g	cereals-and-their-products cereal-grains rices chinese
8901058859331	milkybar ( choo - mix fruit )	nestle	308 g	sweet-snacks cocoa-and-its-products chocolates white-chocolates
8906023413501	Fantasia Ice Cream Sandwich	Cream Bell	80 ml	frozen-desserts ice-creams-and-sorbets ice-creams ice-cream-sandwiches
8904065212540	Orange Cake	Milka Wonder Cake	150 g	sweet-snacks biscuits-and-cakes cakes fruit-cakes
8902268003972	Yummy Elaichi Flavoured Sandwich	Anmol	100 g	snacks sweet-snacks biscuits-and-cakes biscuits
8904340503288	Pulse	Pass Pass	209g	snacks sweet-snacks confectioneries candies
8901512541901	ACT II Butter Delite Flavour	ACT II	70g	snacks popcorn
8902901222685	Good life fennel		200g	seeds hot-beverages plant-based-beverages spices
7622201801878	Oreo Original	Cadbury	500 g	snacks sweet-snacks biscuits-and-cakes biscuits
8904320002565	OATS	Disano	1 KG	seeds cereals-and-their-products breakfast-cereals cereal-grains
8901030865855	Knorr soupy noodles mast masala	Knorr		pastas dried-products-to-be-rehydrated noodles instant-noodles
8901207029912	Odonil Jasmine Mist	Dabur	50g	non-food-products open-products-facts
7800122000420	Misso			plant-based-foods-and-beverages plant-based-foods legumes-and-their-products misos
8904422702707	Honey			bee-products farming-products sweeteners honeys
8904089929110	Fresh Paneer	Heritage	200g	desserts dairy-desserts fermented-dairy-desserts plain-fermented-dairy-desserts
8908001631211	Kpn mtp	Aroma	200 gm	fermented-foods fermented-milk-products cheeses paneer
8901030926457	Orange marmalade	Kissan	500g	plant-based-spreads sweet-spreads fruit-and-vegetable-preserves citrus-jams
8908000231016	Mozzarella	Choudhary cheese bazar	200g	fermented-foods fermented-milk-products cheeses cheeses-for-kids
8905507002590	First crop Cream onion potato chips 50g			salty-snacks appetizers chips-and-fries crisps
8904335600312	YogaBar Muesli+	YogaBar		cereals-and-potatoes cereals-and-their-products breakfast-cereals health
8901499008787	Cornflakes	Kellogg's		cereals-and-their-products breakfast-cereals flakes cereal-flakes
8901725013318	Aashirvaad svasti Paneer Slices	Aashirvaad	200g	fermented-foods fermented-milk-products cheeses paneer
8908019118100	Elephant Dates	Elephant		fruits-and-vegetables-based-foods fruits-based-foods fruits dates
8908010900384	Pintola Peanut Butter	pintola	1kg	nuts-and-their-products plant-based-spreads oilseed-purees legume-butters
8901888008411	Dabur Real activ 100% juice cranberry	Dabur	1L	beverages-and-beverages-preparations beverages
8906009077420	Pineapple cookies (sugar free)	UNIBIC		snacks sweet-snacks biscuits-and-cakes biscuits
8901393019889	Alpenliebe Juzt Jelly Cars & Planes	Alpenliebe	71.5g	spreads sweet-snacks confectioneries plant-based-spreads
8904132948631	Independence Sunflower oil 5l	Independence	5 l	vegetable-fats vegetable-oils sunflower-seeds-and-their-products sunflower-oils
8906120107181	Raw Sunflower Seeds	Farmley	200g	nuts sunflower-seeds-and-their-products sunflower-seeds roasted-sunflower-seeds
8901030877124	Brooke Bond Red Label	Brooke Bond		beverages hot-beverages plant-based-beverages teas
8906126830007	Refined Sunflower Oil	Hello Life	1 L	vegetable-fats vegetable-oils sunflower-seeds-and-their-products sunflower-oils
8906032010616	Refined Sunflower Oil	Sunrich	5 l	vegetable-fats vegetable-oils sunflower-seeds-and-their-products sunflower-oils
0710859306245	Yum Nuts Roasted & Salted	Vittal	60 g	nuts-and-their-products nuts roasted-nuts salted-nuts
8904004402421	Halke Fulke Salted Potato Chips	Haldiram's	15 g	salty-snacks appetizers chips-and-fries crisps
8908016793911	Dark Soya Sauce	Master Chow	210 g	condiments sauces soy-sauces
8901722066355	Frozen Sweetcorn	Safal		frozen-foods frozen-plant-based-foods frozen-cereals frozen-corn
8901499011305	Kellogg's Special K Original	Kellogg's		cereals-and-their-products breakfast-cereals flakes cereal-flakes
8541810205206	Bagrry's Corn Flakes Plus	Bagrry's		cereals-and-their-products breakfast-cereals flakes cereal-flakes
8904132946323	Masti Oye Poha	Masti Oye!		cereals-and-their-products breakfast-cereals flakes cereal-flakes
8908002579413	Cardamom Chai	Chai Point	14 g	beverages hot-beverages plant-based-beverages teas
8904064622517	Sona Masuri Rice	Kalyani	5 Kg	seeds cereals-and-their-products cereal-grains rices
0690225101134	India gate basmati rice dubar	India Gate	1 kg	cereals-and-their-products cereal-grains rices aromatic-rices
8901440023395	Eastern Chilli Powder	Eastern	250g	condiments spices chili-peppers chili-powders
8905507001180	First Crop Corn Flakes	First Crop	500g	cereals-and-their-products breakfast-cereals flakes cereal-flakes
8905507001166	First Crop Fruit & Nut Muesli	First Crop	500g	cereals-and-potatoes cereals-and-their-products breakfast-cereals mueslis
8906058611194	Oats	Gaia	500g	seeds cereals-and-their-products cereal-grains oat
8901719125263	Parle-G Kismi Dal Chini Cinnamon Biscuits	Parle-G		snacks sweet-snacks biscuits-and-cakes biscuits
8901030781063	Green tea Honey Lemon	Lipton	100g	hot-beverages plant-based-beverages teas green-teas
8901058904338	Nescafe Classic	Nescafé		beverage-preparations coffees instant-beverages instant-coffees
8901030781087	Lipton GREEN TEA PURE & LIGHT 250 g	Lipton	250	hot-beverages plant-based-beverages teas green-teas
9017761826474	Curd Chilly	Kanchana	100 g	plant-based-foods condiments spices chili-peppers
8906030061535	Sliced Black Olives	Romera	440 g	olive-tree-products plant-based-pickles olives black-olives
8904055900679	Chicken jumbo hotdog	Meatzza	500g	chicken-and-its-products poultries chickens chicken-hotdogs
8901719123092	Hide&Seek Black Bourbon	Parle	300 g	biscuits-and-cakes biscuits chocolate-biscuits dark-chocolate-biscuits
8906072845483	Roasted peanut	Jack & Jill	120 g	nuts-and-their-products nuts roasted-nuts peanuts
8901262071703	Twilight Tryst Single Origin Dark Chocolate	Amul	125	cocoa-and-its-products chocolates dark-chocolates dark-chocolate-bar
8906024480175	Dodla milk	Dodla		dairies milks
8901553111040	Metro Rich Milk	Keventer		dairies milks
8901719101007	Parle G Gluco Biscuits Milk wheat	Parle	188g	snacks sweet-snacks biscuits-and-cakes biscuits
8902490199030	Greenland Kappalandy Peanuts	Greenland	250	legumes nuts-and-their-products nuts peanuts
8901207038648	Pomegranate Mini Goodness	Real	125 ml	plant-based-beverages fruit-based-beverages juices-and-nectars fruit-juices
4901034831706	Mixed Fruit Jam	Kissan	500g	plant-based-spreads sweet-spreads fruit-and-vegetable-preserves jams
8902901100723	Cashew Broken	GoodLife	200	plant-based-foods nuts-and-their-products nuts cashew-nuts
8901262151269	Amul Moti	Amul	140ml	dairies milks cow-milks
8904132907829	HEALTHY LIFE PURE GRADE HONEY	RELIANCE	500 g	bee-products farming-products sweeteners honeys
8904296902104	Fabsta Peanut Butter Creamy	Tata	420g	plant-based-spreads oilseed-purees legume-butters peanut-butters
8901725015565	Digestive	Sunfeast	800g	snacks sweet-snacks biscuits-and-cakes biscuits
8906112993228	Keto Dark Chocolate	Lo!	40 g	cocoa-and-its-products chocolates dark-chocolates keto-chocolate
8901248749039	Zandu pure Honey		500g	bee-products farming-products sweeteners honeys
8906036674265	Desi Cow Milk	Nandini	500ml	dairies milks
8904097150445	Eggless Cake Rusk	Pankaj's		plant-based-foods cereals-and-potatoes breads rusks
8901262300117	Chocolate Crackle Ice cream	Amul	540gm	frozen-desserts ice-creams-and-sorbets ice-creams ice-cream-in-a-box
8906016413112	Thick Shake Chocolate Flavour	Godrej Jersey	180 ml	dairies dairy-drinks flavoured-milks chocolate-milks
7622201759742	Dairy Milk Silk Ganache	Cadbury	146 g	cocoa-and-its-products chocolates milk-chocolates milk-chocolate-bar
0840205718573	Potata	Pran	75g	snacks sweet-snacks biscuits-and-cakes biscuits
8906032018506	Doodh Biscuits	Patanjali		snacks sweet-snacks biscuits-and-cakes biscuits
8906009077802	Shortbread	Unibic		biscuits-and-cakes biscuits shortbread-cookies shortbread
8904344620462	Cinnamon & Brown Sugar Biscuits	LaVida	126 g	snacks sweet-snacks biscuits-and-cakes biscuits
8901512935304	Peanut butter	Sundrop		plant-based-spreads oilseed-purees legume-butters peanut-butters
8901262150217	Taaza	Amul	500ml	dairies milks toned-milk
8901648014843	Fruit Yoghurt Mango	Mother Diary	100g	dairy-desserts fermented-dairy-desserts fermented-dairy-desserts-with-fruits yogurts
8904083505396	Kabuli Chana	24Mantra	500g	seeds legume-seeds pulses chickpeas
5900114490627	Ragi Bites	Tata Soulfull	375g	seeds cereals-and-their-products breakfast-cereals cereal-grains
8903363004710	Kaju 240	Premia	100 g	plant-based-foods nuts-and-their-products nuts cashew-nuts
89009871	Polo	Nestle		snacks sweet-snacks confectioneries candies
8901014000432	Manchurian	Top Ramen	70 g	appetizers dried-products pastas dried-products-to-be-rehydrated
8901030986888	Instant	Bru	50 g	plant-based-foods coffees instant-beverages instant-coffees
8906137490146	Coconut Dreamz	DiamondR		snacks sweet-snacks biscuits-and-cakes biscuits
8906031310014	Vestige Noni Capsules			
8901030726910	lifebouy			
6194013816025	Yaourt nature			
8901560600223	Soya chunks		100g	
8901288230306	vicco turmeric cream		30 g	
8906016420257	Roasted Peanuts plain			
8901764935206	Minute Maid Orange Juice			
8901207019036	Coconut oil			vegetable-fats vegetable-oils fruit-and-fruit-seed-oils coconut-oils
8904110301243	Chips banane épicées	Kwality market		
8901262040013	Srikhand			
8901662024224	suhana			
8906009993423	plum pudding cake			sweet-snacks biscuits-and-cakes cakes plum-cakes
4101530003397	Milder Rahmjoghurt Haselnuss			
6294003548711	Kitkat chunkie mini break 26+6	KitKat		
6294003571672	Kitkat hazelnuts crunch	KitKat		
8906059638503	Greek yogurt smoothie			
0043000303863	Tang	Kraft foods	2.5 kg	
4260467598526	Tavuk Salam			
8906019630059	Noodles			
8906009200538	Oat Granola	Express FOODS		
8906001210146	Sarson ka saag	Sohna		
8904003900928	Soya rich		45ग्राम	
8901233026657	Cabruary Bourn Vita	Cabruary	1 Kg	
8904206207596	Lait de soja	Bon Déjeuner		
8901088155915	coconut oil	parachute	30ml	
0944029303776	Aachi lime pikle	Aachi	10 pieces	
8906113470186	Boules de Sésame sucré	CHITTI		
8904063256812	Medu avada	Minute khana	283 g	
8904109469152	Doodh Biscuits			
8904083506119	Organic Besan-500g		500g	
8906010070243	Ganesh Maida-500g		500g	
8904043926025	Tata Sampann Urad Whole-500g		500g	
8901088074865	Saffola Medlmaker Soya Chunks-170g		170g	
8906010070076	Ganesh Chakki Ata-1Kg		1Kg	
8901808000396	WeiKFiELD Freeze ICE Butterscotch Flavour		100g	
8901058875744	munch nuts	nestle	78kcal	
8904132916975	Living		5o	non-food-products open-products-facts
04626183	hira tabaku			
8901972060165	Dukes Cream 4 Fun Pineapple		1	
7524341327808	veda digestive	itc	100g	
8901719902482	Rusk	Parle	273 g	
8901719108532	Parle cream n onion chips			
8904067710990	Tandoori Roasted Chana (Chick Peas)	Jabsons	140 g	
8906022370843	Cashews			
8908000385016	Banana chips			
8908006168118	Classic Lemon Flavoured Ice Tea			beverages
8901207030352	Glucose c			
8906064701018	Banana chips	Kozhi		
0846203001150	Patal Poha Chivda (Indian snack)	Chitale	200 g	snacks
8908000384132	Dev kuzalappam		175g	
8901719124600	Parle Monaco can 150g	Parle	12	
8904132911475	Yeah mixed fruit		2	
8902901222210	Good life turmeric powder		1	
8901216812260	KS Spark			
8906009078847	Unibic Choco ripple biscuit		100g	
10132456	Helthy life Choco stars		1.2kg	
8904085900090	Ambika papad		225g	
8904112704141	Durga Cornflax mixture		150g	
8902901001761	Broken wheat		500g	
8906005500243	fatafat Bhelpuri	Bikaji	60g	
8908000385269	Dev snack mullu murukku		175g	
8908001954068	Sanjay Avrebele masala		200g	
8901262070379	Bindaaz			
8902901031225	Good life rozana rice 1kg		1kg	
4906400009444	Fortune kachi ghani mustard		500 ml	
8906063890560	Pork Bockwurst Sausages	La Carne	280 g	
8906140203450	Natural choice mixed dry fruits 400g		25	
8906018250227	Good Morning Cow Ghee	Good Morning	500 ml (451 g)	
8901262090353	Amulet deity whitener		200g	
8904132930308	Healthy Life Chocostars			
8908005767756	Kitchen trresures hot and sweet		1	
8908015543005	Pineapple flavoured pea protein			
8901063363793	Britania cake pineapple	Britannia	50 g	
8906062261231	White quinoa raw	Jiwa		
8901088077095	Soya Chunk	Saffola		
8906070020400	Sharvas mixture		180g	
8991998111422	Gadjah Kopi Tubruk 10x24g			
8901207042102	Chyawanprash			
8903875394019	Milk n sugar bun	Bread House		
4906244560101	diamond puff	Diamond	00.24grams	
8904738600650	Thon au naturel pêché à la ligne	U		
7904145521198	Agro fresh Ragi flour		500g	
8906119530099	Zuggi chikki		200g	
8901088002530	Soffala tasty		1l	
8906000212325	Pillsbury multi, grain flour	Pillsbury		
8904132944695	Campa orenge		600ml	
8901725001315	Bingo		1	
8904132944671	Campa cola		600ml	
8908018045070	Disney chocos pack of 6		26	
8906042150616	Anil Happala		200g	
8904132937246	Campa cola		2 l	
6521542541270	Maida		500g	
8906080678998	Xlx hakka noodels		450g	
8902901027303	Pulses Urad Daal		1kg	
8906009993188	Elite cake			
4904230505808	24 Mantra organic Tur Dal		1kg	
6284651163343	Toliven spanish olive oil		400ml	
8902901224092	Good life chironji		200g	
8906066201356	Keya sea salt grinder		7	
8906006330184	Gemini soybean oil		1l	
8901063146204	Winkin cow milk shek	Britannia		
8904132917088	Aarambh Classic Dust tea		500g	
8906082371279	Kesar pista kulfi	Cream pot		
8901725115845	Sunfest caker	Sunfeast		
8902269503198	Oflokem D		10 ml	non-food-products open-products-facts
8904083503972	24 Mantra chilly powder 200g		15	
8902901222593	Good life chilli guntur sttemless		200g	
8901552023481	Garluc Naan	Ashoka		
4906435641435	Mcvities 1kg			
8906001024880	gowardhan cow ghee		1let	
8906003381431	Honey maple syrup	Little bee	400 g	
8906024370155	Jeeru			beverages carbonated-drinks sodas
8908000738287	Meriba	Daily Fresh Fruits India Priva	1 l	beverages waters
8902979025843	Chik shampoo			non-food-products open-beauty-facts
8906463679031	Nandini chocolate Milk shake		3	
8906071887781	CrèmeCups	Lávian Exotique		sweet-snacks biscuits-and-cakes cakes cup-cakes
8901207028311	Glucoplus c			
8904109400902	Patanjali soyabin oil		2	
8904340700076	Pass pass			
8906005618580	rich butter fruit cake		1	
8906006434806	all out all night			non-food-products open-products-facts
8939113045474	Dark Chocolate Wafflings	Waffle lov		
9169176581001	Blutears ultra		10 ml	
8908000385030	Dev rice murukku		1	
8906073790539	Frunchys		1 pound	
8901262200004	Butter milk amul	Amul	500ml	
8902041020448	pickwick strawberry wafer		1	
8904132929630	Roasted chana	Snactac	500g	snacks roasted
8902901222869	Good life mustard yellow		100g	
8906084412291	Roasted Makhana			
8906002007547	Salad Mayonnaise		1kg	
8901035061955	Peppermint Infusion			
8906001021063	Milk		1ltr	
8906033740574	Oat cookies			
7622201636012	Tang Lemon		500g	
8906080602085	mixed fruit	paperboat	150 ml	fruit-drink mixed-fruit-juice
8904132918238	Vinegar		190g	
8901042970417	Garam masala		6g	
7937378068536	Elibliss ubtan face wash			non-food-products open-beauty-facts
8901058002324	Polo			
8906100181224	shinzAp			
8992802108126	Chil-go pwd 3+ vanila box 700G	Morinaga	1	
8993175556651	Richess mie goreng richiken		20	
8904272600147	Storia strawberry shake			
3948248703246	Zandu chavanprash			
8901688915124	Sumeru sweet corn 500g+500g			
0230826705517	Britannia cheese spread			
7560102886504	ghee		500g	
4901434975178	bru			
8904268866908	I gain		60	
8905507001845	FC Papad urad (24)			
8905507000817	Fb strawberry jam 500			
8905507017822	Pre Almond			
8901778448853	Real apple 1ltr (8)			
3047393020946	Alpenliebe juicyfills (12)			
8905507002811	Pure burst Desi ghee 1ltr(15)			
8905507002347	Besan 500g(20)		500 g	
51008741	It lal mirch 50g			
8904232858588	Oven roasted turkey	Meal simple		
8905507025186	Mix dal 500g(2)			
8905507019482	Roasted jeera powder 100g(20)			
8901063094246	Britannia gd pista badam cookies 600g	Britannia		
9252369322335	Ragi atta 500g (9)			
8905507002231	Brown chana		1 kg	
8905507025179	Utad whole black 500g(18)			
8905507002477	Full bloom juice guava 1L			
8901063325760	Britannia Toastea 200g	Britannia		
8901066813943	Britannia bourbon (3)		100 g	
8905507016030	Sweet corn veg soup			
8905507025100	Matar dal 500g (8)			
8905507020457	Chana brown 1kg (6)			
8905507025025	Urad chilka 1kg (10)			
8905507002156	Pulses masoor malka 2kg (8)			
8905507002880	Imli tree authentic paneer masala 100g(6)			
8901721000695	Prabhuji aloo bhujia 1kg(24)			
8906108531403	Inchi veg halka noodle		200g	
8905507401942	Imli tree tasti black salt 100g(8)			
8901138819729	Himalaya baby gift pack (3)			non-food-products open-products-facts
0966409970040	Sudha		1 Kg	
8906035141065	Chipo orange halwa		400g	
8906047529554	Peanut butter		1 kg	
8902979002035	Chik shampoo		6ml	non-food-products open-beauty-facts
8901393024494	Alpenlibe gold(system) 351g			
8901393024760	Alpenlibe eclairs plus(5)			
8906081121646	Peanut butter			
7908002590006	Mksj		jsjj	
8904043901329	Tata Salt Flavoritz Flavoured Salt		40g	
8905507010014	First crop navratan 1 kg			
8906005500786	Bikaji khatta meeta 400 g			
0041218716581	Saffola Gold 5 Ltr(40)		5 Ltr	
0005540022901	First crop aloo bhujia 150g			
8905507009995	First crop khatta meetha 1kg			
4905501002590	First crop cream onion potato 50g			
0040210015524	Bikano shahi mixture 1kg			
0251921100519	Kurkure		20g	
4901001432141	Real guava			
8901148239876	tab.nacplus		nn	
8935311110488	Vifon		65g	
8901063092631	Britannia Good day (60g)	Britannia		
5550762026381	Imli tree veg mayonnaise 300g			
8904132912977	Snactac Atta noodle		75g	
8908019150575	Bombay hot bhelpuri masala 130g		130g	
8908019150520	Bombay hot bhuna chana 500g		500g	
8906020491946	Lal Shahi mysore pak		200g	
8901414000551	Bikano soan papdi 250g		250g	
7622201762896	Cadbury chocolairs gold 557.5g	Cadbury	557.5 g	snacks sweet-snacks confectioneries
7622201762919	Chocolairs Gold coffee	Cadbury	577.5g	snacks sweet-snacks confectioneries
8452433000232	Snickers Almond	Snickers	20g	snacks sweet-snacks confectioneries bars
7622201452674	Dairy milk chocolate fruit and nut 55g		55g	
8901414001640	Bikano all time mixture 250g			
8905507000824	Full bloom strawberry 200g			
3589008712001	Fortune export total balance oil 5l		5ltr	
8908019150568	Bombay hot bhelpuri salted 130g		130g	
8901414001190	Moong Dal	Bikano	1kg	
7622201762490	5 Star Bites Home Treats	Cadbury	191.9g	snacks sweet-snacks confectioneries
8905507017785	First crop almond 500g			
8906030680415	Gurujee fryums salt		1	
8906058380427	Tholoor mango pickle		200g	
8943440002833	Dhara mustard oil 1ltr		1ltr	
0890287000042	Sugar Cream Coulis	Délifruits		
8908019150469	lahsun chura	Bombay hot	400g	snacks
8901414010499	Bikano tasty 220g		220g	
8906158650123	Rabgrace chana dal 350g		350g	
0682564048096	Kaleva boondi 110g *2		220g	
8908019150421	Bombay hot Panjabi mix 400g		400g	
8901095003018	Society tea 500 g			
8904258703237	Raw guav chilli			
8906003928957	Pasta		0.29g	
8901207043017	ttt		100gm	
8901719128837	Parle happy happy cake 30g			
8905507016986	First crop masala cashew 35g			
0748927063332	SERIOUS MASS		330	
8904043926322	Tata smp unpo moong dal 500g		500g	
8904132932913	GL unpo toor dal 1kg		1 kg	
8908000911048	Gyan Desi ghee 1 ltr		1 ltr	
4906402091034	Anik ghee 500ml		500ml	
0690125103801	Unity biryani rice 1 kg		1 kg	
4000210000063	Bikano Aloo bhujia		1 kg	
8906007283205	Fortune biryani spe basmati rice 1 kg		1 kg	meals rice-dishes
8906007287883	Fortune rozana basmati rice 1 kg		1 kg	
8902901034431	GL wada kolam rice 1kg		1 kg	
8901781002257	Sunrise ajwain		50g	
8906158650185	Rabgrace gathiya 350g		350h	
3948725000370	Sunfeast marie light active		600g	
8902901001822	samba rawa		500	
8904304711568	red chilli peanut		1	
8905507017006	First crop roasted almond 35g			
8904132932920	GL unpo moong dal 1 kg		1kg	
8902901214840	Urad whole 500g		500g	
8902901127027	GL soya bean yellow 200g		200g	
8901262030175	Amul pur ghee 5 ltr		5 ltr	
8906007282475	Fortune super basmati rice 1 kg		1 kg	
0690225109000	Bemisal Shahi pakwan pri rice 1 kg		1 kg	
8902901226959	GL Sona masoori rice 1kg		1 kg	
8902901231014	GL surti kolam rice 1 kg		1 kg	
8906017670804	Shalimar coconut oil		175ml	
8901781000369	Sunrise jeera powder		50g	
8901781000352	Sunrise Lal mirch powder		50g	
8906099360150	Herald's Soybean sauce		200g	
8901012116715	Johnson's baby oil with vitamin e		100ml	non-food-products open-beauty-facts
8901030681547	Taj Mahal tea bags			
8906013960442	Bioline		25g	non-food-products open-beauty-facts
0659800892119	Quality Street	Quality Street	180g	
8859292992584	Froza vit c dietary supplyment		37.85g	
8901277014481	Park avenue		167g/220ml	non-food-products open-beauty-facts
8904149103245	Fhjkgcvkk		23	
8901314077059	Mouthwash	Colgate MaxFresh	500ml	non-food-products open-beauty-facts
8904239603303	Gee			
8906040411542	Jal jeera		50g	
8904089993562	Heritage ghee 750ml		750ml	
8901052000937	Tata Gold Tea		20 g	
8904150500811	pancake mix		1	
8904300201568	Cake rusk			
8901399049101	Santoor soap		60g	non-food-products open-beauty-facts
8906015501827	Veg Nuggets	Disney Delights	400g	vegetable-nuggets
8901030807237	Classic Malt	Horlicks	2 kg	beverages
8901058798487	nestle Nan pro formula milk			
8901036393185	Malgudi fresh filter coffee	Continental	500g	plant-based-foods-and-beverages plant-based-foods coffees
8902901223064	Good life pepper powder		100g	plant-based-foods-and-beverages plant-based-foods condiments spices
8904899923025	Poker	Lago		
8901088193801	parachute			vegetable-fats vegetable-oils fruit-and-fruit-seed-oils coconut-oils
8908003799285	Mineral Water	Ice	200 ml	waters spring-waters mineral-waters natural-mineral-waters
8906004563478	YD magic masala chips			
8908007271114	Coconut chutney		1	
4796008921084	Real mixed fruit		180ml	
8904113522003	Agro fresh jaggery		1kg	
8908000137035	Peanut Chikki	BMS Sweets		peanut-brittles
8908000137073	Peanut Chikki	BMS Sweets	200 g	peanut-brittles
4904059826405	Chekkalu	Tasties	150 g	snacks
8908012692096	Daily greens	Wellbeing nutrition		
0748927060041	Gold Standard 100% Whey Extreme Milk Chocolate Flavour	Optimum nutrition	907 g	dietary-supplements bodybuilding-supplements protein-powders whey-powder
8908001876018	Kesar		0.5	
8902246015942	Energy Drink 250ml	Hurricane	3	beverages energy-drinks
8903241110281	Lime pickle		1	
8904089974981	Butterscotch Crunch	Heritage	60 ml	desserts frozen-foods frozen-desserts
8904001800244	Idhayam gingelly oil		1ltrs	
8906002006489	Sandwich spread		1	
8904675029842	Milk chocolate			
8908016304070	This			
8906033530045	Snapin		oregano	plant-based-foods-and-beverages plant-based-foods condiments herbs-and-spices
8904063223050	Punjabi Sarson Da Saag	Haldiram’s		
8902901027839	Desi kitchen millats		500g	
8901207043239	Real guva sip & win		180ml	
8904002500570	Badam Milk	MASQATI	1	
8906062814451	Nutritin ultra		200g	
8903241110090	Mixed Pickle	Pravin	200 g	plant-based-foods-and-beverages plant-based-foods pickles plant-based-pickles
8902901225082	Good life rajma chitra		1kg	
8908004010556	Chand biscuits	Karachi bakery		
8902351998871	desire milk bikis		200g	
8904320018245	Pasta	Di sano		plant-based-foods-and-beverages plant-based-foods pastas
8906080603303	Swing	Paper Boat	1.2 L	plant-based-foods-and-beverages beverages plant-based-beverages juices-and-nectars
8908015592355	Khatti PREMIUM SEEDLESS TAMARIND	De Naturel	1kg	tamarind
5079292460446	Dharwad Peda	Lal	200g	desserts
8906097400278	Meat Masala	Zoff	50g	condiments
8904041500500	Thalipeeth Mix Flour	K-Pra Foods	200 g	plant-based-foods-and-beverages plant-based-foods flours
0890150002678	Barramundi	The Better Fish		
0793591862477	kerala chips	beyond snacks	85gm	
8904083100485	Chicken breast	Zorabian		
8901153008757	Karmiq kaju			
8901537077485	Daawat Cuppa Rice Rajma Chawal	Daawat		
8901725115654	Sunfeast yippee 70g	Sunfeast	37	
8901721000022	Prabhakar bhujia 200gm		4	
6908918023705	Eat fit thin arrowroot 300g		15	
8901153007347	Tasty treat 600g		22	
8906040980673	natural sugar		500 g	
3948207019234	Hajmola anaardana 120Tabs		5	
8906381919097	Salted Caramel	Häagen-Dazs		
8901063363281	Roll Yo!	Britannia		
0926883111551	Nimbu pani	Jalani		
8901393018943	happydent		16.5	sweet-snacks confectioneries chewing-gum sugar-free-chewing-gum
8901725119508	Chat at matar	Bingo		
8908017139176	Nutrela			
8903662000451	suhel	suhel	9670185097	9670185097
8904071704541	Loading…			
8902710100471	Steel cut oats			
0710779116313	Labrada muscle mass gainer	Labrada	3kg	weight-gainer
0962600000227	musa khan			
8906006721753	LION Layina dates	Lion		
8901207039966	Glucose			
0701098216310	Soya milk powder		500 g	
6291100930630	Just pomegranate			
0613070715486	dark compound chips			
8906044992603	Mixed Berries alovera juice			
8901058894547	Maggi Pichkoo	Maggi		
8900095067648	Marinierte Sardellenfilets	Medusa		
8901808000495	Weikfield jelly crystals		1	
8938527759809	Fresh rice vermicelli	Bun Tuoi	200 g	plant-based-foods-and-beverages plant-based-foods
8903664054100	Room freshner		140g	non-food-products open-products-facts
8906112666474	Chocolate Wheat Flakes			
8904063215154	Taka tak		100g	
8906082524255	Kerala virgin coconut oil			
7906026538950	Max Protein Chips Peri Peri	RiteBite		
8906017080306	Sweet Lemon Pickle			
8901063337169	Sandwich bread			
8901063026254	nutri sugarfree cracker			
8901058894615	every day			
8901063094185	good day	Britannia		
9788120288034	book			
8901058897500	Nan pro2			
8906005913456	Akash peanut			
8906009071909	choco cookies			
3608580719007	Confiture cherry reserve			
8904256714099	Fresho Frozen Green pea	Big basket	500g	legumes vegetables-based-foods frozen-foods vegetables
8908009475022	Chochofan		10g	
8902979007412	strawberry milkshake			
8901542006234	Glucon-D		500g	
5411361325506	Purée de céleri rave		1000 g	
3653584142078	acetic acid	sarwar		acid
8000105000853	Tindy	Asolo Dolce		
8901233022574	Bourn Vita	Cadbury		
8901030795756	Horlicks		18g	
8908012477006	cornado			
8904089802987	Aroma Magic	Blossom		
8901044124900	Ma			
8902579000967	Smoodh			
8901721000756	Prabhuji mix 350g		14	
8901123005762	Caramilk bars			
8901725115029	Marie Light	Sunfeast		
8901012320242	Guruji ompudi		1	
8904145911820	Pedia Sure	200g		kids
8906001387015	English oven		400g	
8902393003700	Bikasul		500 mg	non-food-products open-products-facts
8904327600931	Myfitness Chocolate peanut butter		510 g	
8906066700521	Kettle corn			
8901058902372	Maggi pazzta	Maggi		
8907003505124	Mini Thenkuzhal	Adyar Anand Bhavan	250g	snacks
8906006783614	Tomato ketchup		900 g	
8902901126464	Yeah mango juice		1L	
8908000233232	Iyer's Punjabi Masala Papad		2	
4902443544492	Cheetos	Cheetos		
8906015614978	Hangyo Pink Guava Icecream			
3018764061257	Diet coke		7	
8906010368722	Townbus masala peanut		1	
8906009531335	Max protein active choco fudge bar			
8906054102092	Uzhunnu Vada	Tony’’s delight	10.5 oz	frozen-foods
8901262175074	Amul nutty ice ceam	Amul		desserts frozen-foods frozen-desserts
8902901033557	Good life Chana brown big 500g		500g	
8904132912823	Snactac bikaneri bhujja 1kg		1 kg	
8904304711582	Suggi peanut masala		5	
8902433003677	Galaxy smooth Milk		30g	
8906014085601	Brahmins appam powder		500g	
8901725003128	B Natural Mango bitz		1L	
8906070492009	Ojin ring ring		1	
8902042111077	AVT PREMIUM		500g	
8906030680361	Gurujee Cornflakes Masala		150g	
8906030680033	Gurujee Kharapuri Masala		150g	
3538280055931	Chewing gum Green Fresh pack de 4	Hollywood		
4901465098334	goodat	britannia	39g	
8904004400090	Soya chips	haldirams	50g	snacks
8854761800537	Mixed Berry Fruit Jam	Chabaa	240g	
8901063164017	Sharma	Ji ka biskit	1	
8901393016147	Centre Fruit	Centre Fruit	510	
8901393017205	Alpenliebe	PERFETTI	73 g	
8901725181420	Sunfeast Yippee Noodles	ITC Sunfeast	70 g	
8901764112706	Coca Cola Zero	Coca Cola	600ml	diet-beverages colas diet-sodas diet-cola-soft-drink
8902519002211	Note	Classmate		non-food-products open-products-facts
8902579131029	fizz	Appy Fizz		
8904067700762	Khakhra			
8906090370189	dairy fresh shah anjeer ice cream	dairy fresh	66gms g	
8908000998827	Danone Sweet Lassi	Danone	1	
8901542001857	Glucon-d	Glucon-d	200g	
8904113900177	Egless chocochip Cake	Kidys Oven Fresh	250 g	
8904258700533	Guava Fruit Juice	Raw Pressery	1	
8906006330726	Natural fresh Acti-lite refined soybean oil	refined soybean oil	1 litre g	
8906020730472	Dalia	savour	300	
8906088280025	wagga wagga	Riverina Oils	500 ml	
8908002206364	Mineral water	Krushnai aquq	1 ltr	
94447750	double horse lime pickle	double horse	150 g	lime-pickle
0664648120256	LADDU	Daily Delight	454g	
8904057396739	Flaovoured Milk - Chocolate	Hatsun	200 ml	dairies dairy-drinks flavoured-milks sweetened-beverages
8904787201723	Spicy (Masala) Noddles Khakhara	Maniarr's	45g	indian-snacks wheat-crisps
8901063401457	Britannia Cheese	Britannia	250gm	
8901233031309	Coated Wafer Layers	Perk		
8852117380146	Milk Candy Coffee Flavour	My Chewy	360 gram	
8904103040296	sabji masala	swastiks	50 g	plant-based-foods-and-beverages plant-based-foods condiments spices
8906104470072	sattviko	sattviko	28gm	
8901725135485	Mom's Magic	Sunfeast	100g	fruit-and-milk-cookies
8904089804394	aroma magic toner	aroma magic	100ml	
8901262071277	Amul			
0191069161280	Omega 3			
8904004411348	Chikki Bar	Haldiram's	45 g	
8904156710191	Rice Kodubale	Maiyas	40	
8906081923172	Whey Isolate Matrix	Carbamide Forte		
8906059636004	Greek yogurt	Epigamia		
8906038784306	Rasam Powder SriSri	SriSri		condiments
8904049111647	Triphala Churna (B.P.N)			
8908009587114	Roasted muesli super seeds	The Rooted co		cereals-and-potatoes cereals-and-their-products breakfast-cereals mueslis
8901088050159	Nihar		400ml	
8908018414005	oswal Soap	oswal	1 kg	soap
8902901027280	Urad Dal	Good Life	2kgs	seeds legume-seeds pulses black-grams
8908012586074	My Kitchen Urad Dal Whole	My Kitchen	1kg	seeds legume-seeds pulses black-grams
8902901225174	Good life urad dal	Good life	1kg	seeds legume-seeds pulses black-grams
8904039701193	Conscious food urad dal	Conscious Food	500 g	seeds legume-seeds pulses black-grams
8902901224825	Good life urad dal chillka	Good life	500g	seeds legume-seeds pulses black-grams
8904004408034	Mo'plleez Vermicelli	Haldiram's	1kg	wheat-vermicelli vermicelli
8622262438371	Cadbury	Cadbury	177g	
7108328656459	activated charcoal	Glamveda	100g	non-food-products open-beauty-facts
8901023029509	Godrej Magic Ready to Mix Floor Cleaner	Godrej Magic	55ml	non-food-products open-products-facts
8904385409750	Lifelong Electric Kettle, 1.5 Litres LLEK60	Lifelong		non-food-products open-products-facts
3924130072812	Goldmedal LED Batten	Goldmedal		non-food-products open-products-facts
8904293709751	Flipkart Grocery Kasuri Methi	Flipkart Grocery	100g	condiments
5056379681215	Impact Whey Isolate Salted Caramel	Myprotein		
8904406097256	Mango Ice Cream	Get-A-Way		
8901063401136	Cheese Slices	Britannia		
8906116959473	Muscle Blaze Coolies And Cream 20g	Muscle Blaze		
8901030976094	Horlicks	Horlicks	200g	beverages-and-beverages-preparations
8904004401981	Cornflakes Mixture	Haldiram's	200g	namkeen
8908016793409	Chilli Oil	Master Chow		
8908012811824	Hzaelnut Mini Ice Cream	Minus 30		
4901034779312	Green tea Tulsi natura	Lipton	25N	
8906021972284	Matta Aval	Major		
8904258703640	Coconut Water	Raw Pressery		plant-based-foods-and-beverages beverages plant-based-beverages coconut-waters
0089046000076	Raspberry lemonade sustain electrolyte hydration			
8906036673947	Nandini Good Life	Nandini	180ml	dairies milks-liquid-and-powder milks
8901058896381	Nescafe sunrise coffe 200g	Nescafé		
8901262200271	Amul dahi	Amul	200g	dairy-desserts fermented-dairy-desserts yogurts curd
8901725004422	Chips			
8901719922626	Sugar free soda cracker by parle			
8901248270847	Refined Soyabean Oil	Emami	1L	vegetable-fats vegetable-oils legume-oils soybean-oils
7622201129170	Lemon tang	Tang	375	
8906006651234	Dates Powder	Lion		fruits-based-foods fruits dates dates-powder
8901030864575	Lakme blush &glow kiwi			
0941041223983	Good life w320 cashew	Good life	500g	
8901595963461	Manchow Instant Noodles	Capital Foods	60 g	dried-products pastas dried-products-to-be-rehydrated noodles
8901014004942	Cup Noodles Spiced Chicken	Nissin	55 g	pastas dried-products-to-be-rehydrated noodles instant-noodles
8901030743146	sweet corn veg soup	Knorr	10g	fruits-and-vegetables-based-foods meals soups vegetable-soups
8906033531394	Snapin Chilli Flakes	Snapin	7g	spices chili-peppers chili-flakes chilli-flakes
8904132926806	Good life besan	Goodlife	1kg	
8903023006016	Vedaka Mustard Seeds Small	Vedaka	200g	condiments seeds spices mustard-seeds
8906009079127	UNIBIC Milk Cookies			
8901071704199	HERSHEY'S choco tubes			
8903553103292	Rambandhu BIRYANI MASALA			
8903553124297	Rambandhu JALJIRA POWDER			
8901448902463	Milk More MILK WAFER			
8904477300385	Bambino Soan Papdi Orange Flasour			
8901719130014	Happy happy biscuit - Parle - Parle			
8901262080033	Amulspray Infant Milk Food	Amul		dried-products dried-products-to-be-rehydrated dehydrated-beverages milk-powders
8502004010495	Double delight	Karachi bakery	400gm	
8906065794613	Mr.Noodles	PRAN	50g	plant-based-foods-and-beverages plant-based-foods pastas noodles
8850477028852	DOGTREAT SH CHICSTK CHICK W VEG FLV4X15G	Smart heart	10552051	
8901277018922	Park avenue pure Luxury			non-food-products open-beauty-facts
8901120143139	Sugar free mature 300 p pet	Sugar free	300 pellets	
8906133026783	Nakpro Plant Protein Powder	Nakpro		
7610632976494	Bio-Sprossen Mix	Migros		
8901826301512	Verka Cow Milk Fat Ghee	Verka	1l	animal-fats dairy-spreads milkfat butters
8908010819044	Vastu Ghee	Vastu		animal-fats dairy-spreads milkfat butters
8901012162026	Tampons Regular		20n	non-food-products open-products-facts
8901396153009	Harpic white&shine 500 l	Harpic		non-food-products open-products-facts
8901396152804	Harpic Disinfectant Bathroom Cleaner lemon fresh	Harpic	1 l	non-food-products open-products-facts
8901030928734	Dandruff Treatment Shampoo	Indulekha	340 ml	non-food-products open-beauty-facts
8902979053990	Anti-Hairfall shampoo	Nyle	400 ml	non-food-products open-beauty-facts
0850003569543	Tropical Punch Flavour	Prime Hydration	500 ml	
8901138513627	Neem face wash	Himalaya	15ml	non-food-products open-beauty-facts
0081555969905	L.A.Girl			
8906001025269	Whey Protein (Malai Kulfi)	Avvatar		
8906117090045	Potato Popped Chips - Spicy Chipotle	Brb		
8906083037037	High Protein paneer	Organic MANDYA		
8901030650888	DOMEX 1 L Active Green			non-food-products open-products-facts
8901030815928	V wash 200 ml Expart		200ml	non-food-products open-products-facts
8901120143733	Sugar Free Gold No.1			
8901120143771	Sugar free gold	Sugar free	300 pellets	
8906014762830	Bajaj coconut oil		300ml	
8901526101504	Exp. : 01/2027 396 ml			
8901012133064	Listerine Cool Mint	Cool mint	500ml	
8901248240284	Kesh King emami anti hfl	Emami	340ml	
0748927061123	ON 100% Gold Standard Whey Chocolate Peanut Butter	Optimum Nutrition		
8906009072906	UNIBIC Cashew Cookies	Unibic		biscuits cooking-helpers dessert-mixes pastry-helpers
8868504111507	MADHOOTH MASALA	CITY MASTER CHEF	25g	
8904132952645	Campa Orange 2ltr pet		18	
8904256721202	whole wheat paratha	fresno		
0117790000391	Low Carb Chicken Caesar Wrap	Redefine		
8906125982561	Cheese And Caramel Popcorn	4700 BC		
8906010502171	Gathiya	Balaji	300g	
8904271200287	Baygon max mosquito &fly killer 400ml			
8904082760277	UTTAM RAVA	Uttam	500G	
8901071706841	HERSHEYS			
8906116956014	Cookies And Cream Whey Concentrate	Fuel One		
8901262172400	Two In One. Strawberry And Vanilla	Amul		
8906116954119	Zinc complex	Healthkart vitals		
8906044992610	Alo frut Berries 1ltr		23	
8902080013296	Tropicana Orange Delight juice 1ltr	Tropicana		
8901542000102	Complan Pista Badam Flv 500g cbd		3	
7622202026683	Cadbury Bournvita Shakti 75g pp		9	beverage-preparations chicken-and-its-products poultries chickens
8901542000225	Complain royale chocolate Delight 1kg			
8901030986048	Chocolate Delight flavour	Horlicks	200g	beverages
7622202026607	Bournvita Shakti 1kg Pet		26	
8901719125072	Parle Happy Happy			
8993351120614	Greenfield Yog plain non sugar	Greenfields	500g	desserts dairy-desserts fermented-dairy-desserts yogurts
8993207568393	Fiesta golden nugget		500gr	
8906080601934	Swing Juicier Drink Yummy Guava	Paper boat	125 ml	fruit-based-beverages juices-and-nectars fruit-juices guava-juices
8908001705196	Paper Boat Jaljeera Drinks 200ml	Paper Boat		
7499221124146	Heavenly blush Yog Greek peach		100gr	
8906170520008	Active Multivitamin Men	Nutrabay Pro	30 Tablets	dietary-supplements
8901396388913	Intense	Durex	10	non-food-products open-products-facts
8904103330908	Manforce chocolate flavoured			non-food-products open-products-facts
8906004680939	fixation tape soft	Hansaplast		non-food-products open-products-facts
8906075110533	Super wash	Super Woosh	4 kg	non-food-products open-products-facts
8901042954721	Sambar Powder	MTR	100 g	scent spice-mixes
8901248705134	Nityam Ayurvedic Laxative	Zandu	30	dietary-supplements
8906154300220	Patanjali Navratan Mixture	Patanjali		snacks salty-snacks
8904132976351	Campa energy drink 185ml			
8902080524044	Gatorade orange flavour 500ml pet	Gatorade	2	
8902080002337	Gatorade orange flv	Pepsico		beverages energy-drinks energy-drink-without-sugar-and-with-artificial-sweeteners sweetened-beverages
8906144570527	Cool berg high on Malt 330ml btl			
8908017962224	Wicked Gud Noodles	Wicked Gud	69 g	pastas dried-products-to-be-rehydrated noodles instant-noodles
8901719128325	Milk Shakti	Parle	75 g	sweet-snacks biscuits-and-cakes biscuits-and-crackers biscuits
8903023188675	Saunf Gujrati	More	200g	seeds beverage-preparations spices herbal-teas
8903023004449	Fennel (Saunf) Lucknow	More	100 g	seeds beverage-preparations spices herbal-teas
8904221694814	Creatine Monohydrate	Atom	100 g	plant-based-foods-and-beverages plant-based-foods dietary-supplements gym-supplement
8908001705127	Paper boat jamun	Paper boat	200ml	beverages-and-beverages-preparations beverages
8868504111156	TANDOORI MASALA	CITY MASTER CHEF	50g	
8906024511022	Bharath Snacks Groundnut Chikki	Bharath	80g	snacks sweet-snacks
8906009072678	Unibic Choco nut Cookies	Unibic		sweet-snacks biscuits-and-cakes biscuits-and-crackers biscuits
8908003197265	Tea masala	Vichare	50gm	plant-based-foods condiments spices spice-mix
8904011504828	EASY PATHIRI POWDER	DOUBLE HORSE	500gm	
8906019340262	Sweet Corn	Trimurti Kings		
8903059610737	3S Ragi	More	500 g	
8904132953413	Campa cola 185ml			beverages-and-beverages-preparations beverages carbonated-drinks sodas
8906112995406	high protein burger buns	protein chef		
8901058006124	Maggie chicken noodles	Nestle	284	
8901491703055	Rolled Oat Flakes	Quaker		
8904052506089	Paneer	Dinshaw's		
7901140002080	tandoori chicken masala	Badshah	100gm	
8901774002011	Badshah tea masala	Badshah	100gm	
0001540002059	Badshah rajwadi masala	Badshah	100gm	
8901774002134	Badshah chat masala	Badshah	100gm	
8901786170524	Everest tandoori chicken masala	Everest	50gm	
8906159660633	Dehaat Honest Clove	Dehaat Honest	50	
5521765330553	Jaggery powder	Lotus Foods	500g	sweeteners sugars cane-sugar jaggery
8906036670977	Nandini Paneer	Nandini	200	fermented-foods fermented-milk-products cheeses paneer
8901747001553	Premium leaf tea	Wagh bakri	250gm	beverages hot-beverages plant-based-beverages teas
8907734008291	Idly / dosa batter	Fresheys	1kg	cereals-and-potatoes cereals-and-their-products dosa-batter-mixes idly-batter-mixes
8906066200076	Travancore Nutmeg Powder	Keya	60g	condiments spices nutmeg-tree-products nutmeg
8901036173459	Continental Xtra 200g Jar | Instant Coffee | South Indian Blend with C	Continental Coffee	100g	beverages-and-beverages-preparations beverage-preparations coffee-beans instant-coffee-with-chicory
8909106018327	Boost	Boost		beverages-and-beverages-preparations beverage-preparations
8906009780214	Chikki	Maganlal	250g	
8901747001546	Premium leaf tea	Vagh bakri	500gm	
0890539001995	Pizza vegetarienne			
8908015467646	Kimia dates			
8901747003892	Masala te			
8908010864020	PMC			
8901719911712	Choco rings biscuit			
8907931000708	Sweet Potato Spiced	Terra		
8906036302199	Peanut chikki			
8901725018757	Hot and spicy Korean style - Bingo - Bingo			
8906127700668	Jeera Khakra - Talod			
8908013393329	Bullet coffee	Mad coffee		
8906067029959	Muscleblaze		4kg	
5909449414056	Ghee	Godrej	1 lit	milks spreadable-fats animal-fats dairy-spreads
8908022080098	Ghee	Ashtavinayak	450 g	animal-fats dairy-spreads milkfat butters
8901648090151	Strawberry Crush Ice Cream	Mother Dairy		
8904132919563	Expelz ultra clean 500l			
8905110003205	Nimyle herbal floor cleaner 975 L			non-food-products open-products-facts
8904271200348	Mosquito & fly killer Baygon max 625 ml			
8901030915857	Junior Horlicks Vanilla flavour 400g Cbd		5	
8906058611439	Fruit And Not Granola Bar	Gaia Sport		
8904145912377	Pedia Sure Vanilla Delight Flavour	Abbott	400g	dried-products dried-products-to-be-rehydrated dehydrated-beverages milk-powders
8906078180397	Kalai bori	Dnv		
3948747000938	Strong dust tea	Wagh Bakri	500g	beverages hot-beverages plant-based-beverages teas
8909106014572	Red label natural care	Brooke bond	575g	beverages hot-beverages plant-based-beverages teas
8906001367253	MOHANI Red Tea	MOHANI	500g	beverages hot-beverages plant-based-beverages teas
8908000796119	Suji	Commander	500g	
8901063094208	Good Day Biscuit	Britania	120g	
8903363004260	Masoor Whole	Align Retail	1kg	seeds legume-seeds pulses lentils
8908005080305	Manpasand Tarka Dal	Manpasand	200g	
8908019758344	Prov select Fard Dates	Prov	500g	dried-products fruits dried-plant-based-foods dried-fruits
8903664007632	Air kampure	Air freshner	60g	
8901648095163	Mother Dairy UHT Toned Milk	Mother Dairy		homogenized-milks pasteurised-products uht-milks uht-milk-fortified-with-vitamins
0787099825362	whole wheat sourdough	la folie		
8904422700284	Patanjali Alovera juice 1L		1L	
8901030535895	Bru Instant Coffee	Bru		beverage-preparations coffees instant-beverages instant-coffees
8999898975397	Biokul Yog Greek mango	Diamond	100g	
8904288612868	Tops Gold Stuffed Red Chilli Pickle	Tops		plant-based-foods-and-beverages plant-based-foods pickles
0421240368277	Khara boondi	Town bus	135g	
8901393026146	Rockats	Chupa Chups		
8901030953262	Lifebuoy handwash 1L			
8903553112102	Ram Bandhu Punjabi Chole Masala	Ram Bandhu		
8906020492776	Dharwad peda	Lal	80g	
8906009071183	Chocokiss	Unibic	20g	
8902901223057	Good Life Dry ginger powder	Good Life	100g	condiments spices ginger ginger-powder
8902901241211	Good life turmeric powder	Good Life	200g	condiments spices turmeric turmeric-powder
8901023019883	Godrej Rich creme black brown	Godrej	20g	
8903553601439	Ram Bandhu Mango pickle	Ram bandhu	200g	plant-based-foods-and-beverages plant-based-foods pickles plant-based-pickles
8904083505334	Brown chana	24 mantra	500 g	legumes seeds legume-seeds pulses
8904477300972	Mysore pak 150 mrp	Bambino	250gm	snacks sweet-snacks
8906020580138	Whole Wheat Chapati	iD	400 g	frozen-chappatis
7622202237973	Dairy milk		6.3gm	
8903363011527	Josh Kadak tea	D Mart	1kg	
8903363003058	Tea masala	D Mart	50gm	
8901207044502	Dabur Vatika	Dabur		
8901725100032	B Natural Litchi Juice 1ltr tpk			
8904104705033	Jk poppy seed	Jk	250 g	
8902901223385	Popcorn maize	GL	500 g	
8908017778832	PL Walnuts In shell 1 Kg			
8902901222838	Mustard fine	GL	100 g	
8904221694982	Whey Protein	asitis ATOM		
8901719127113	Hide & seek Milano chocolate chip	Parle	150g	
8904083505501	Organic green moong dal split	24 mantra	500 g	
8906055442012	Cumin whole	Organic tattva	100g	
8902901222951	Coconut dry powder	GL	250g	
8904083505914	Organic Urad Dal White Split-500g	24 Mantra	500g	seeds legume-seeds pulses black-grams
8906066701467	Lime And Chili	Kettle Studio Chips		
8902901223347	Good life poha/aval mota	Good life	500g	cereals-and-their-products breakfast-cereals flakes cereal-flakes
8906007288408	Fortune dubar basmati rice	Fortune	1 kg	
8904037207758	All Plant Protein	Modicare		
8901808005032	COCOA POWDER			cocoa-and-its-products cocoa-and-chocolate-powders
0732940998412	Strawberry Greek Yogurt	agápi		
8901764051128	Gluco Charge	Limca	150ml	instant-beverages fruit-juice-concentrates lemon-juice-concentrates sweetened-beverages
8908019386462	Protein Bar Choco Fudge	Whey91		
7622202398735	Dairy Milk Chocolate	Cadbury		
8908018023115	Patanwala Pure ghee	Patanwala	500ml	animal-fats dairy-spreads milkfat butters
48023078	Patanwala Mango Shrikhand	Patanwala	200g	snacks sweet-snacks
0002448023023	Patanwala Kesar & Nuts lassi	Patanwala	200ml	fermented-milk-products dairy-drinks fermented-drinks fermented-milk-drinks
9916403046006	Patanwala Mango lassi	Patanwala	200ml	fermented-milk-products dairy-drinks fermented-drinks fermented-milk-drinks
8906031064887	Mixed Frozen Berries			
8906001024798	Four Cheese	Go		
8901157045116	AIR SPRAY (COOL surf blue)	Godrej air freshner	220ml	
8904132926745	Freshner	My home	280 ml(160g)	
8901157045147	Aur spray	Godrej	220ml/126g	
8906066701030	Kettle Studio Potato Chips	Kettle Studio		salty-snacks appetizers chips-and-fries crisps
8901071702102	Hershey's Cocoa	Hershey's	70g	cocoa-and-its-products cocoa-and-chocolate-powders
8906009075204	Unibic Dates & Carrot cake 140g	Unibic		
8904145912360	Pediasure vanilla	Pediasure	200 g	beverages-and-beverages-preparations
8906073782046	DOMS Drawing Pencils	DOMS		pencil
8906001051343	Mother's Recipe Stuffed Red Chilli Pickle	Mother's Recipe		plant-based-foods-and-beverages plant-based-foods pickles plant-based-pickles
8908013172443	Mini Chocolate Brownie Bar	Phab		
8906009200811	Chocolate Chip Cookies	Express Foods		
8906005910578	Aakash Hing Chana	Aakash		snacks variety-packs
8906002080038	Sakthi Turmeric Powder	Sakthi		condiments spices turmeric turmeric-powder
8904043926612	Himalayan Rock Salt	TATA Salt	1 kg	condiments salts rock-salt
8906055440643	Organic brown sugar	Organic tattva	500 g	
8904256000956	Nivea shower gel	Nivea	250ml	non-food-products open-beauty-facts
8908003249025	Curd	Akshaykalpa		
8904132973121	Raskik 2ltr			
8904132925731	Snactac 950g			
8901030976100	Horlicks classic Malt	Horlicks		beverages-and-beverages-preparations beverage-preparations instant-beverages
8904293731158	Daily Pour Instant Coffee	Daily Pour	200g	beverage-preparations coffees instant-beverages instant-coffees
8901123004758	lotte			
8906033741366	Digestive Biscuit	McVities		
8901725015916	Sunfeast Dark Fantasy	Sunfeast	562.5	
0048107008468	Pure Isolate Protein	GNC		
8908001658041	Ocean Fruit drink Peach passion fruit flavour 500ml		5	beverages-and-beverages-preparations beverages energy-drinks energy-drink-without-sugar-and-with-artificial-sweeteners
8901725016876	juice	b natural	1l	
8901725105167	B Natural Guava juice	b natural	180	
8906036070470	Rajesh Chole Masala	Rajesh		plant-based-foods-and-beverages plant-based-foods condiments spices
8906014762465	Coconut Oil	Bajaj	600 ml	vegetable-fats vegetable-oils fruit-and-fruit-seed-oils coconut-oils
8901030929489	indu lekh hair oil			
8901058005608	Maggi	Maggi	may/24/jan/25-D	
8906003656126	Three Mango Lime Pickle	Three Mango	300g	lime-pickle
8901725019761	Sunfeast Sitaphal Smoothie	Sunfeast		
8902901230963	raw peanut	good life	500g	legumes nuts-and-their-products nuts peanuts
8906144331753	respi rub	smartway wellness	50 ml	
8906080600647	Santra	paper boat	1L(1000ml)	juices-and-nectars fruit-juices fruit-juices-from-concentrate orange-juices
8901058005905	KitKat Dark Chocolate Coated Wafer	Nestle	150g	cocoa-and-its-products confectioneries biscuits chocolate-candies
7754171001238	Bluedots Blueberries	Bluedots	125 g	fruits-based-foods fruits berries blueberries
8906033741465	McVitie's Digestive	McVitie's	959.1g	sweet-snacks biscuits-and-cakes biscuits-and-crackers biscuits
8901030959776	Kissan Peanut Butter Crunchy	Kissan	350g	nuts-and-their-products plant-based-spreads oilseed-purees legume-butters
8903363007636	Nutri Delite 2 in 1s	Nutri Delite	25 g	breakfasts cereals-and-potatoes cereals-and-their-products breakfast-cereals
8906127550294	Alpino unsweetened super oats	Alpino	1 kg	breakfasts cereals-and-potatoes cereals-and-their-products breakfast-cereals
8906112662803	Muesli	True Elements		cereals-and-potatoes cereals-and-their-products breakfast-cereals mueslis
8901725007102	Bingo	Itc	21g g	salty-snacks appetizers chips-and-fries crisps
8901648920120	Cow Milk	Mother Dairy	500ml	dairies milks-liquid-and-powder milks cow-milks
8901063028210	Britannia Nice	Britannia Industries Ltd	59.4g	sweet-snacks biscuits-and-cakes biscuits-and-crackers biscuits
8901725001124	Sunfeast Dark Fantasy Chocolate Shake 300ml		8	dairies dairy-drinks flavoured-milks milkshakes
8901648002444	Mother Dairy Probiotic Tadka Chach	Mother Dairy	270ml	butter-milk probiotic-drink
8903023270752	More Atta Bread	More	400g	plant-based-foods-and-beverages plant-based-foods cereals-and-potatoes breads
8902901044447	Sure water 500ml btl			beverages waters spring-waters mineral-waters
8906082650206	ATHAWALE CHEESE PEPPER BITES	ATHAWALE	200G	salty-snacks appetizers chips-and-fries crisps
8901491003704	Puff Balls Pudina Punch Flavour	Kurkure		cereals-and-their-products breakfast-cereals puffed-grains puffed-cereals
8902901223019	Sesame seeds (Til)	Good Life	500g	seeds cereals-and-their-products cereal-grains sesame
8901207037795	activ 100% Coconut water	Real	1 l	beverages plant-based-beverages waters coconut-waters
8901063093393	Good day cashew cookies	Britannia	200	snacks sweet-snacks biscuits-and-cakes biscuits
8904422702233	Patanjali cow ghee 1 ltr	Patanjali	1 ltr	animal-fats butter-fat clarified-butter ghee
8904043926728	Tata Sampann Besan	Tata Sampann	500g	seeds flours legume-seeds pulses
8906108893549	Go Desi Ice Popz	Go Desi		desserts frozen-foods frozen-desserts ice-pops
8906107170054	Chicken Sausage	Prasuma		meats chicken-and-its-products poultries chickens
8906030460055	White Sliced Bread	Moreish		plant-based-foods-and-beverages plant-based-foods cereals-and-potatoes breads
8906058710286	hoppits	scmitten	40g	snacks sweet-snacks cocoa-and-its-products chocolates
8906069400473	Cheese and Jalapeno dip	Veeba	300g	dips salad-dressings dressings-and-dips-shelf-stable emulsified-dip
8901512562906	Act II Caramel Bliss	Act II	70g	snacks sweet-snacks popcorn popcorn-with-caramel
8906133100063	Snacky	Karachi bakery	75g	snacks sweet-snacks confectioneries
8904067712475	Jabsons Garlic Mix	Jabsons		snacks
8906069401920	Bhut Jolokia Hot Sauce	Veeba		condiments sauces hot-sauces
8906160650722	Mr Makhana (Black Salt)	Mr Makhana	1, 60 grams	fox-nuts makhana popped-lotus-seeds
8901088722964	Crunchies Millet Cones	Saffola	45g	chips-and-fries
8906010090739	D'lecta Mozzarella Cheese	D'lecta	140g	dairies fermented-foods fermented-milk-products cheeses
8908002605303	roasted and salted almonds	kharawala's	250g	nuts almonds salted-almonds roasted-salted-almonds
8906081120007	Happilo Turkish Apricots	Happilo		fruits-and-vegetables-based-foods fruits-based-foods fruits apricots
8904043906584	Chia seeds	Tata Sampann	200g	seeds cereals-and-their-products cereal-grains chia
8906135091048	apis Corn Flakes	apis	1kg	cereals-and-their-products breakfast-cereals flakes cereal-flakes
8904327600337	CHOCOLATE PEANUT BUTTER	MYFITNESS	510	chocolate-peanut-butter
8908013950232	Super Strength Plant Protein Shake - Raw Chocolate Flavour	Plix	1 kg	dietary-supplements bodybuilding-supplements protein-shakes
8906091723199	BeeYogi Honey	BeeYogi	50 g	bee-products farming-products sweeteners honeys
8906084521597	Low Fat Paneer	Desi Farms	200g	fermented-foods fermented-milk-products cheeses paneer
8901071732796	soya drink	sofit	180 ml	legumes-and-their-products dairy-substitutes milk-substitutes plant-based-beverages
8907459000365	Kopiko	Kopiko		snacks sweet-snacks confectioneries candies
8908013252015	Crunchy Granola	Fit & Flex	275g	cereals-and-potatoes cereals-and-their-products breakfast-cereals mueslis
8901047001055	Riz basmati			cereals-and-their-products cereal-grains rices aromatic-rices
8906094320548	Ghari	Krishbhog		snacks sweet-snacks
8901052005604	Tata Tea Chakra Gold	Tata Tea	250g	beverages hot-beverages plant-based-beverages teas
0841541000032	Protein+ Soy Beverage	So Good	1L	dairy-substitutes milk-substitutes plant-based-beverages fruit-based-beverages
8904335601890	Yoga bar		850g	cereals-and-their-products cereal-grains oat museli
8901063162648	Britannia Marie Gold	Britannia		sweet-snacks biscuits-and-cakes biscuits-and-crackers biscuits
8908003249827	Akshayakalpa Spiced Buttermilk	Akshayakalpa	200ml	dairies fermented-foods fermented-milk-products buttermilks
8904340700137	Pulse Shoots Kacha Aam	Pulse		snacks sweet-snacks confectioneries candies
8906016413259	Jersey Curd		500 g	jersey
8908022521010	Evocus	Evocus	500 ml	beverages-and-beverages-preparations beverages waters
8904293731189	Daily Pour Gold Tea	Daily Pour	500g	beverages hot-beverages plant-based-beverages teas
8901262070058	Amul Fruit 'N&quot; Nut	Amul		sweet-snacks cocoa-and-its-products chocolates dark-chocolates
8902901224962	Masoor dal	Goodlife	1 kg	seeds legume-seeds pulses lentils
8902901001730	Maida	GoodLife	1kg	flours cereal-flours wheat-flours white-wheat-flours
8906020580084	id Organic Rice Rava Idly Batter	id		plant-based-foods cereals-and-potatoes cereals-and-their-products idly-batter-mixes
8908014814397	Idly and Dosa Batter	Mr Bakewell	1kg	plant-based-foods cereals-and-potatoes cereals-and-their-products dosa-batter-mixes
8901042958361	Idli/Dosa/Chilly Chutney Powder	MTR	100g	condiments
0850015415975	Unmutton Dhaba Curry KIT	Gooddot	Net Quantity: 520g a	seeds legume-seeds meat-alternatives meat-analogues
8906074827012	Fruit Biscuit (Vegan)	Karachi Bakery	400gm 7 serving	biscuits-and-cakes biscuits-and-crackers biscuits vegan-biscuit
8901719122316	parles's potato piri piri chips	parles's	1	salty-snacks appetizers chips-and-fries crisps
8904083301394	MilkyMist Double Toned Milk	MilkyMist	1L	dairies milks-liquid-and-powder milks
8906042150067	Anil Roasted Short Vermicelli	Anil	450g	wheat-vermicelli
8664522556555	Himzberg Kiwi	Himzberg	250ml	beverages-and-beverages-preparations beverages
8904474000004	Bonn Brown Bread	Bonn		plant-based-foods-and-beverages plant-based-foods cereals-and-potatoes breads
89000601	limca	coco-cola	500ml	beverages-and-beverages-preparations beverages carbonated-drinks sodas
8906020461307	Crem Bites	Harvest Gold		biscuits-and-crackers biscuits cakes wafers
8904063258410	Yellow banana chips	Haldiram's		dried-products dried-plant-based-foods dried-fruits dried-bananas
8904293707948	Classic Kachi Ghani Mustard Oil	Flipkart Grocery	1kg	fats vegetable-fats vegetable-oils mustard-oils
8902579002299	Smoodh	Parle Agro	80ml	beverages dairies dairy-drinks flavoured-milks
8901928350456	Googly biscuit	BISK FARM	10 biscuits & 35 gra	biscuits-and-cakes biscuits-and-crackers biscuits biscuit-sugar
8906143891302	The Whole Truth High Protein Peanut Cocoa	The Whole Truth	67g	dietary-supplements bodybuilding-supplements protein-bars
8901648923138	Mother Dairy Super-T Milk	Mother Dairy	1L	dairies milks-liquid-and-powder milks
8903553601613	Pickel	RAM BANDHU	1kg	plant-based-foods-and-beverages plant-based-foods pickles
8908018651172	troovy The Nutri stir fry sauce	troovy		asian-sauce
8904057396883	Hatsun Yoghurt Shake Mango	Hatsun		fermented-milk-products desserts dairy-desserts dairy-drinks
8996001312490	Mayora Malkist Chocolate Flavored Sandwich Cracker Biscuits	Mayora		sweet-snacks biscuits-and-cakes biscuits-and-crackers biscuits
8906112661790	7-in-1 Mix	True Elements		fruits-based-foods dried-products dried-plant-based-foods dried-fruits
8901088034593	SAFOLA ACTIVE - MULTI-SOURCE EDIBLE OIL	Saffola	1l	fats cereals-and-their-products vegetable-fats vegetable-oils
8906010503611	CHRUNCHEX	Balaji	135g	salty-snacks appetizers chips-and-fries crisps
8903363010988	Udid Dal	DMart Premia	500 g	legumes-and-their-products legumes seeds legume-seeds
6942836723576	Hershey's 49% Dark	Hershey's	100 g	sweet-snacks cocoa-and-its-products chocolates dark-chocolates
8908008674846	nabati wafer	nabati	30g	biscuits-and-crackers biscuits wafers cream-wafer-biscuits
8906078183206	Sabudana Papad	DNV	100g	vegetables-based-foods vegetables breads flatbreads
8904109443107	Patanjali Moong Dal	Patanjali		snacks
8901071732802	Sofit Soya Chocolate Flavor Drink	Hershey's		legumes-and-their-products dairy-substitutes milk-substitutes plant-based-beverages
8906080349652	Murmura, Kurmura	Vijay	500g	cereals-and-potatoes seeds vegetables-based-foods cereals-and-their-products
8904327600955	MYFITNESS Peanut Butter - Chocolate	MYFITNESS		plant-based-spreads oilseed-purees legume-butters peanut-butters
8904083300953	MilkyMist Strawberry Milk Shake	MilkyMist	220ml	beverages-and-beverages-preparations beverages dairies dairy-drinks
8908018729017	Suchali's Artisan Sourdough Multigrain	Suchali's	600 g	plant-based-foods cereals-and-potatoes breads sourdough-bread
8906046850703	Mount Blue Bread Sticks Whole Wheat Sesame	Mount Blue		plant-based-foods-and-beverages plant-based-foods cereals-and-potatoes breads
8901063341241	Atta Kulcha Bread	Britannia		plant-based-foods-and-beverages plant-based-foods cereals-and-potatoes breads
8908014665258	French Yogurt Strawberry	Mamie Yova	400g	dairy-desserts fermented-dairy-desserts fermented-dairy-desserts-with-fruits yogurts
8906021062466	Molsi's Cashew Pepper Dry Roasted	Molsi's		nuts-and-their-products nuts roasted-nuts roasted-cashew-nuts
8906142772848	Black Dates Arabian	Molsi's	500g	dried-products fruits dried-plant-based-foods dried-fruits
8908002984965	Millet muesli	Tata Soulfoul	500 g	cereals-and-their-products breakfast-cereals mueslis cereals-with-nuts
8906048500903	protinex mama	Danone	250 g	dietary-supplements
8901071302111	Soya Chocolate Flavor Drink	Hershey's Sofit	1L	plant-based-foods-and-beverages dairy-substitutes milk-substitutes
8906016415178	Godrej My Farm Cow Milk	Godrej My Farm	500ml	dairies milks-liquid-and-powder milks
8906130900574	Turtle chips spicy devil	Orion	70g	appetizers chips-and-fries crisps corn-chips
8902351333146	Sobisco Desire Vanilla Cream	Sobisco	18g	snacks sweet-snacks biscuits-and-cakes cakes
8901153039874	Golden harvest dates	Golden Harvest	500g	fruits-and-vegetables-based-foods fruits-based-foods fruits dates
7406105470688	Kimia dates	apple		fruits-and-vegetables-based-foods fruits-based-foods fruits dates
8901725004682	farmlite oats & chocolate Cookies	Sunfeast	150 g	biscuits-and-cakes biscuits-and-crackers biscuits chocolate-biscuits
8906036676290	Santhrupthi Milk	Nandini		dairies milks-liquid-and-powder milks
8908003249728	Milk Organic	Akshayakalpa	1L	milks homogenized-milks pasteurised-products uht-milks
8906143890497	The Whole Truth Almond Raisin Dark Chocolate	The Whole Truth		sweet-snacks cocoa-and-its-products chocolates dark-chocolates
8906143890510	The Whole Truth Hazelnut Dark Chocolate	The Whole Truth		chocolates dark-chocolates chocolates-with-hazelnuts dark-chocolates-with-hazelnuts
8906121111170	Pitaara Masteez Chatake Masala	Pitaara Masteez		snacks
8906017815038	DESI GHEE	MADHUSUDAN	1 Litre	fats animal-fats butter-fat ghee
8901138846596	Himalaya Quista Active	Himalaya		dietary-supplements
8908010525051	Maruti Whole Wheat Brown Bread	Maruti	400 g	plant-based-foods-and-beverages plant-based-foods cereals-and-potatoes breads
8906016410128	Godrej Jersey Rich Toned Milk	Jersey	500ml	dairies milks-liquid-and-powder milks
8904335600671	Peanut butter	YogaBar	400g	plant-based-spreads oilseed-purees legume-butters peanut-butters
8906117403623	Peanut Butter Creamy Unsweetened	The Butternut Co		plant-based-spreads oilseed-purees legume-butters peanut-butters
8906127550003	Alpino Peanut Butter Unsweetened	Alpino	1kg	nuts-and-their-products plant-based-spreads oilseed-purees legume-butters
8906143890053	Unsweetened Peanut Butter	The Whole Truth		plant-based-spreads oilseed-purees legume-butters peanut-butters
8906002008544	Dr. Oetker Funfoods Peanut Butter	Dr. Oetker		nuts-and-their-products plant-based-spreads oilseed-purees legume-butters
8901262180146	Amul Malai Paneer	Amul	1kg	fermented-milk-products cheeses cottage-cheeses paneer
8901030976735	Korean Ramen	Knorr	96 g	pastas noodles korean-ramen ramen
8906006850828	BaskinRobbins Cotton Candy Ice Cream	BR	450ml	frozen-foods frozen-desserts ice-creams-and-sorbets ice-creams
8903023005378	Popular Whole Almonds	Vedaka	200 g	plant-based-foods nuts-and-their-products nuts almonds
8906127551086	Alpino Super Oats Chocolate	Alpino		seeds cereals-and-their-products breakfast-cereals cereal-grains
8908005144311	yoga bar 20g protein hazelnut	Yoga bar		dietary-supplements bodybuilding-supplements protein-bars
8906015724486	Butter cookies	Big Mishra	200g	variety-packs biscuits-or-cookies-variety-packs petit-beurre biscuits-or-cookies-perishable
8906076131612	Baker's Dozen Fresh Orange Cake	Baker's Dozen		snacks sweet-snacks biscuits-and-cakes
8901826903105	Pio' - Badam	Verka	180 ml	dairies dairy-drinks milks flavoured-milks
8906023491455	Kodo Coco Fun	Cave Man		snacks sweet-snacks biscuits-and-cakes biscuits
8906000921753	Mootichoor Ghee Laddoo	Daadi's	200 g	pulses-based-sweets
8902579002589	Smoodh Chocolate Hazelnut	Parle Agro	80 ml	chocolate-milkshakes
8908004740057	Potato chips Star		14g	salty-snacks appetizers chips-and-fries crisps
8908018251389	Artos Drinking Water	Artos	1L	beverages-and-beverages-preparations beverages waters
8906021925716	Select Dates	api's	500 g	dried-products fruits dried-plant-based-foods dried-fruits
8906005611055	cream delite	winkies	15g	choco-cake-with-vanilla-cream
8906005618887	Layer Cake with Mixed Berry Cream Filling	winkies	15 g	snacks sweet-snacks biscuits-and-cakes cakes
8901042970738	Minute Fresh Idli Batter	MTR	750 g	cooking-helpers idli-batter
8901042970745	Minute Fresh Dosa Batter	MTR	850 g	dosa-batters
8901030898105	Hellman's Real Mayonnaise	Hellman's	250g	condiments sauces mayonnaises
5060746508470	MyProtein Impact Whey Protein - Coffee Caramel	MyProtein	1kg	dairies whey-powder
8901058000702	Munch	Nestle	18 and 100g	cocoa-and-its-products confectioneries bars chocolate-candies
8901090328574	Tata Coffee Grand Classic	Tata		plant-based-foods-and-beverages plant-based-foods coffees
8904004420227	Haldiram's Mathura Peda	Haldiram's	250g	dairies desserts dairy-desserts
8906010366575	Masala Pori	Town Bus	28 g	snacks
8906006854901	The Brooklyn Creamery Vintage Vanilla Giant Cookie Sandwich	The Brooklyn Creamery	108g	snacks
8907083112021	Makhana popped fox nuts	Snack factory		snacks
8906130900994	Orion K Snack Rings 3x Spicy	Orion	70g	salty-snacks appetizers chips-and-fries crisps
8908006849086	Priya Gold Refined Palmolein Oil	Priya Gold	1L	vegetable-fats vegetable-oils palm-oils palm-oil-refined
8908017084001	Dosa-Idly Batter	Ammamma's	1kg	dosa-batter idly-batter
8906116956571	Muscleblaze Biozyme Whey	Muscleblaze	1.75kg	dairies whey-powder
8901014000012	Top Ramen Masala Noodles	Nissin		plant-based-foods-and-beverages plant-based-foods pastas noodles
8906035030222	Freedom Refined Sunflower Oil	Freedom	500ml	vegetable-fats vegetable-oils sunflower-seeds-and-their-products sunflower-oils
0941458000702	Munch	Nestle	160.2g	chocolate-biscuits wafers stuffed-wafers chocolate-stuffed-wafers
8901499010759	Kellogg's Multigrain Chocos Chhota Laddoo	Kellogg's	391 g	breakfasts cereals-and-potatoes cereals-and-their-products breakfast-cereals
8901262153348	Protein Lassi - Rose Flavour	Amul		dairy-desserts fermented-dairy-desserts fermented-dairy-desserts-with-fruits yogurts
8906081123619	Californian Almonds	Happilo	450g	nuts-and-their-products dried-products nuts dried-plant-based-foods
8901063146297	Britannia Winkin cow thick lassi	Britannia	180ml	beverages-and-beverages-preparations beverages dairies
0811307031761	Roasted Makhana Sriracha Spice	Taali	22g	snacks
8901063365384	Britannia Cake Gobbles 35g	Britannia	35g	sweet-snacks biscuits-and-cakes biscuits cakes
8901030960451	Horlicks Mothers Plus	Horlicks	200g	beverages-and-beverages-preparations beverages
8902041020417	Creamy Water Biscuits	Pickwick	75g	biscuits wafers thin-crunchy-wafer-biscuit-with-chocolate chocolate-flavoured-wafer-biscuit
00630399	Organic Spicy Avocado Hummus	Trader Joe's	8 oz	
8906003161613	doctor			
8908002373370	Aajhree		1	
8906002085286	pickles	shakthi masala	300g	plant-based-foods-and-beverages plant-based-foods pickles
8906009653235	Max Protein Daily Choco Almond Bar	Max Protein	50 g	dietary-supplements bodybuilding-supplements energy-bars protein-bars
8901453045926	Sualin	Hamdard		
8901063162495	Marie gold		190	
8901719129346	Hide and seek finest choco filled			
8906009072012	Pista badam	Unibic	75	
3948063160293	Pure magic chocolush	Britannia	100	
8908008553738	Hydrolyzed Bovine Collagen	Myfitfuel		
8901088209885	Aloe vera	Parachute	75ml	non-food-products open-beauty-facts
8901088136945	100% Pure Coconut Oil	Parachute		vegetable-fats vegetable-oils fruit-and-fruit-seed-oils coconut-oils
8904246930331	Chicken Masala	Priya	100g	plant-based-foods-and-beverages plant-based-foods condiments spices
0890282001440	Lemon Almond Bar	Step One		
8905507001913	Soya chunks	First crop	200	
8908005667049	Roasted Makhana	Gorgon Nut		snacks roasted-fox-nuts
4411183387677	Sugar free natura	Sugar free	100 pellets	
8901548430033	Sugar free natura sweet drops	Sugar free	200 props	
8902080002214	Tropicana Guava Delight	Tropicana		beverages-and-beverages-preparations beverages
8901814004722	Groviva	Groviva		beverages-and-beverages-preparations beverages
8906078160078	Bohut jolokia	ENE	200 g	condiments sauces hot-sauces
8901537007123	Dwt rozana supr basmati rice 1 kg		1kg	
8905110005513	Vivel VedVidya			non-food-products open-beauty-facts
8906120070225	Kachhi Ghani Mustard Oil Agmark Grade-I	Shahi Pariwar	1 Litre (910g)	fats vegetable-fats vegetable-oils mustard-oils
8901670294404	Banarasi mix paan	Aekshea		
3948764052279	Limca line lemon flv 750ml	Coke	14	
8902579228170	Frooti mango drink			
8901248773065	Dantveer Toothpaste	Zandu	400g	non-food-products open-products-facts open-beauty-facts
8904132946330	Upma	Masti Oye!	60g	instant-foods upmas
8901030915963	Horlicks Classic Malt	Horlicks	900g	beverages-and-beverages-preparations beverages
8901314765352	Colgate Dental Cream	Colgate	100 g	non-food-products open-products-facts open-beauty-facts
6923700977264	SL	All	45	
8906145191561	Keva Acai	Keva		beverages-and-beverages-preparations beverages
8904089927383	Vanilla Milk	Heritage	200 ml	dairies dairy-drinks flavoured-milks vanilla-milkshakes
8901764211256	Original Ginger Ale	Schweppes	300 ml	artificially-sweetened-beverages sodas sweetened-beverages ginger-ale
8903227023055	Agmark Chilli Powder Grade: Standard	Sanchay		red-chilli-powders
8904004401066	Khatta Meetha	Haldiram's		sago-and-rice-flake-snacks
8906031310472	Calcium Tablets	Vestige		dietary-supplements
8901207024566	Masala Guava	Réal	1 l	guava-juices
8906106360647	Mysore Rasam Powder	SriVaraha Foods	10g	condiments
8902901127140	Lobia Red	Good Life	500 g	seeds legume-seeds pulses black-eyed-peas
8904293117747	Mango Totapuri		500g	plant-based-foods fruits-and-vegetables-based-foods fruits-based-foods fruits
8906047001616	Organic Castor oil	Phalada	500 ml	fats vegetable-fats vegetable-oils castor-oil
0810113510811	Collagen Peptides	Gorilla mind		
4906406532502	Active Peanut Butter Protein Bar	Max Protein		
9556439880344	Munchini			
8901262172363	Amul Ice Cream	Amul	2L	desserts frozen-foods frozen-desserts
8007001658034	Ocean Fruit drink pink guava fruit flavour 500ml		3	
8906069400466	Veeba sandwich spread	1		
8904053505777	Snack sause			
8901526005178	Garnier bright complete serum cream	Garnier skin naturals	45g	
8904089318242	Choco Brownie Cone	Hawmor		
8908003317878	Pani Puri masala Net Wt.:100g for the pecket once opened			
8809454981734	Cleansef	Farmer	100g	
8902080364060	Mountain dew	Pepsi	1l	beverages-and-beverages-preparations beverages waters
8904132927018	Enzo			
8907316003966	Ginger garlic paste			
8908012926894	Fitspire aspire to fitness	Whey	1 kg	
8901786551002	Everest hingraj powder	Everest	100g	
8904132922174	Mopz 200 Ml			
8904132920415	Freshener	My home	300	
8993002010318	Scarlett			
8906010750114	Premier Paper Handkerchief	Premier		non-food-products
8901063338494	Britannia Pav	Britannia	200g	plant-based-foods-and-beverages plant-based-foods cereals-and-potatoes breads
0743724576535	Guruvayoor Special Pappadam	Kanchana	300 g	breads flatbreads special-breads papadum
8908004896013	Pepper pappadam	Guruvayoor	80 g	breads flatbreads special-breads papadum
8906076131490	Banana Bread	The Baker's Dozen		plant-based-foods-and-beverages plant-based-foods cereals-and-potatoes breads
0946602150616	Happala	anil	200g	breads flatbreads special-breads papadum
8905507001852	Amritsari papad	First crop	200g	breads flatbreads special-breads papadum
8908000385139	Kuzhalappam	Dev Snacks	175 g	plant-based-foods-and-beverages plant-based-foods cereals-and-potatoes breads
8908020646456	White Bread	Kelson Breadman	200gm	plant-based-foods-and-beverages plant-based-foods cereals-and-potatoes breads
8908014814045	White Bread	Mr Bakewell	400g	plant-based-foods-and-beverages plant-based-foods cereals-and-potatoes breads
8908014814151	Premium Pav Bun	Mr Bakewell	160 g	plant-based-foods cereals-and-potatoes breads buns
8906020460959	Brown Bread	Harvest Gold	50 g	plant-based-foods-and-beverages plant-based-foods cereals-and-potatoes breads
8908007728113	white bread	Bakeman's Soft bread	250g	plant-based-foods cereals-and-potatoes breads white-breads
8908002332551	Whole Wheat Bread	Metro	350 g	plant-based-foods-and-beverages plant-based-foods cereals-and-potatoes breads
8906078263298	Biscuit			
8146007283090	Fortune mini soya chunks	Fortune	200	
8906143891791	Mango Whey Protein	The Wholetruth		
8908010150000	Free Range Eggs	Farm Made Eggs		
8906001953807	Chicken chunks in gravy			
8904145912414	Pediasure Vanilla flavour 22g pch	Abbott	20g+2g extra 4pic	health
8906017815632	plain chaach	Madhusudan		
8902268008748	Anmol			
0903049071782	Unibic			
0890497000177	Italian Soft Artisan Roll	Ace Bakery		
8901248101585	Boroplus soft 200 ML	Boroplus	200	
9595902300668	Garantea Jasmine melati			
8908016501172	Hello tempay	Hello tempay		
8901396054009	Cherry blosom	Shoe polish	15g	non-food-products open-products-facts
8901396053002	Cherry BLOSSOM 2.0	Dark TAN	40g	non-food-products open-products-facts
8906084790955	Beardo detan facewash	Beardo	100ml	non-food-products open-beauty-facts
8903363010995	Udid	Dmart Premia	1 kg	seeds legume-seeds pulses black-grams
8904240715521	Syska Hair Clipper	Syska		non-food-products open-products-facts
8901512680204	Sundrop Heart blnd edbl oil 1ltr	Sundrop	1l	ricebran-oil
8904063218414	Haldiram's BHUJIA	Haldiram's	205 g	snacks namkeen
8901725006143	Marie light	Sunfeast	75g	
8901725002237	Digestive	Sunfeast	50g	
8906017861769	Ruskit	Bisk Farm	60g	
8901725015480	Bounce Day&Night	Sunfeast	32g	
8901030758300	Lipton GREEN TEA LEMON ZEST	Lipton		
8901030850578	Lipton GREEN TEA HONEY LEMON	Lipton		
6900096705183	UNIBIC Cashew Badam Cookies			
8906009073286	UNIBIC Biscott Caramel Cinnamon Flavou			
8906009078687	UNIBIC Pista Badam Cookies			
8901396040408	VANISH oxi action		400G	
4902430633086	Ambipur	Room fresh	180g	
8908008213007	Tofu	A.V.K enterprises		
8906108530062	Inchi veg chow mein noodles			
8901725113551	Sunfeast Glucose Biscuits			
8906009075952	UNIBIC maámiul 25% Date-filled			
8901725001728	Dark Fantasy Sandwich Crème			
8901725003036	Bounce	Sunfeast	32g	
8904132973091	Raskik mango flavour 200ml			
8901928370706	Cheese licks	Bisk Farm	45g	
8908001705806	Paper Boat Chilli Guava			
8901248164252	Dermi cool			
8906009068886	UNIBIC Choco Nut Cookies			
8902102194910	Jyothy Labs Ujala Supreme	Jyothy Labs Ujala		non-food-products open-products-facts
8906131681137	Multigrain macaroni	Slurrp		
8902080534043	Gatorade blue bolt flavour 500ml pet	Gatorade	6	
8994452390289	BASE - GLOSS & GO LIP TINT	BASE	5ml	
6957148431705	HALOCA BEAUTY - CHROMOSOME	HALOCABEAUTY	250g	
8906143891678	Whey Protein Isolate	The Wholetruth		dietary-supplements bodybuilding-supplements protein-powders
8908006217090	Millet Pancake	Slurrp farm		
8908000863309	Italian Pizza peanuts 🥜	Pipo	130gm	
8901721000008	Prabhuji bhujia 1kg (12)			
8901030817281	BOOST			
8908007140502	Sandwich bread	Aabad	sandwich bread	
8992933444216	Mom's Recipe: silky pudding taro flavour			
8901725115340	AASHIRVAAD			
8908005767473	KT TREASURS Puttu Podi			
8904011508109	Semolina Roasted Rava			
8906060270433	RAGI POWDER			
8906091687057	KITCHEN Corn Puttu Podi			
8904010698887	NIRAPARA Oats Puttu		500 g	
8905507000749	Pure burst orange candy			snacks sweet-snacks confectioneries
12345762	California Walnut			
8901123005236	LOTTE Seasons Greeings			
8902102163831	PRIL tamarind		750	
0890962071749	Biscoito Wafer - Balduco - Balduco - Balduco			
8906002770694	Mini classic cold coffee			
8901071702195	Exotic dark	Hershey's		
8902901222937	Good life black salt 200g		200g	
8904256717830	Brown rice chips		1	
6084010320161	Dana	Dana		
0850015415876	Veggie Chicken	Good dot	250	
8906037060012	Suji Rusk	Veer jee		
8906005618030	Winkies chocolate swiss roll			
8906002130016	Toor dhal			
8901595862825	Red chilli sauce			
8906070020455	Sharvas Sev nice chilly		2	
8901030881411	Tomato Sauce			
8904293723504	White Peas/Matar	Flipkart	1kg	seeds legume-seeds pulses peas
8906030992099	Chach Masala	Jimri		plant-based-foods-and-beverages plant-based-foods condiments spices
8904263800105	Lip Balm	Blue Chip		non-food-products open-beauty-facts
8901058900118	Nescafe Sunrise 50g pp		5	
8906001050704	Manggo pickle200g			
4905501027234	Khata meetha 150g (20)			
8905507027234	Khatta meetha 150g(24)			
7905553002620	Masala potato chips 50g (50)			
8901414000797	Bikano lajawab mixture 500g(16)			
8901786140107	Everest Shahi biryani masala		10g	
8902042212583	gold cup			
9556032232892	Almond heart shape	SAPPHIRE	160g	
8901314011183	Colgate Visible White, 50 g	Colgate	50 g	non-food-products open-beauty-facts
8904293704770	Mango Banganpalli		1kg	fruits tropical-fruits fresh-fruits mangoes
4901069901153	nestlelactogen formula 1	Nestlé	400g	
8901670811076	Chana salted roasted gram with skin	SARAS flavors of Asia		
8906013032613	Wai xpress delight			
8906072845414	Peanut ball	Jack & jill	100 g	
8906009510798	Ayush Cane Jaggery Powder	VVD	500 g	jaggery
8901560053036	Green chilli sauce	Nilon's	80g	
8901560274547	Nilons Ginger Garlic	NILIONS	20g	
6900258701282	Protein Milkshake- Choco mint flavour	Raw Pressery	200ml	dietary-supplements bodybuilding-supplements protein-shakes
8904132926738	My Home Air Freshener		160g	
8901542001611	Glucon d orange 1kg		1kg	
8906008350388	Ragi Malt	Manna	200 g	flours cereal-flours malt-flours finger-millet-flours
8902102231042	Margo	Jyothy Labs		non-food-products open-products-facts
4014162251572	JBL DETOXOL 250ML	JBL	1	
8901262050173	Khoa	Amul		dairies desserts dairy-desserts
8906048501900	Protinex diabetes care			
8904037247600	Rolled oats	Soulful	400g	
0487559401869	Pizza pasta saus3	Veeba	100g	
4906230320290	Rose syrup	Rallish	700ml	
8901042970868	Mutter panner ready masala	MTR	12g	
8901848002275	Jaljeera	Rasna	25g	
8901848001094	Rasna Insta	Rasna	750g	beverages-and-beverages-preparations beverages
8901248756037	Amla Health Juice	Zandu	1 l	dietary-supplements
8904011503258	Fish Pickle	Double Horse	200 g	plant-based-foods-and-beverages plant-based-foods pickles fish-pickles
8906132960835	Lime Pickle	Lovely	500 g	plant-based-foods-and-beverages plant-based-foods pickles plant-based-pickles
8902979026093	Indica easy SHAMPOO HAIR COLOR			non-food-products open-beauty-facts
8901399190223	Giffy			non-food-products open-products-facts
0001047546360	Room Freshner	Odonil		non-food-products open-products-facts
8904132922334	Mopz		5L	non-food-products open-products-facts
4937577033710	CoughDrops Menthol	Vicks	20 pis	snacks sweet-snacks confectioneries cough-drops
8901396118305	Lizol Pink		750 Ml	non-food-products open-products-facts
8908000385184	Madhura seva	Dev	175	
8906016579993	Homelites	WIMCO		non-food-products open-products-facts
8902901034400	Gobindbhog atap rice		1kg	
8906010369804	Pineapple	GRB	100gm	
8906010369613	Sona cake	GRB	100gm	
8908000770980	Bakery rusk	Aditi marvel	175	
9556032232915	Hazelnut ♥️	SAPPHIRE	160 g	
8908009116550	Butter cookies	Colombia	114g	
8850632603658	Punk blueberry flavour	Candy stick	40 g	
3530020101045	CRANBERRY	Orino	200g	
8906017970980	Sugar free almonds	Honey dukes	100g	
9556032027825	ASSORTMENT	SAPPHIRE	175g	
8906097543920	CRANBERRY	SAPPHIRE	90g	
9556032027917	Almonds covered with milk chocolate	SAPPHIRE	350 g	
8901088724197	Munchiez Ragi Chips	Saffola	80g	salty-snacks appetizers chips-and-fries crisps
8901499008411	Muesli With 21% fruit & nuts	Kellogg’s		
0745604685917	ORIGINOTE			non-food-products open-beauty-facts
8906007280693	Rice Bran Oil	Fortune	1L	cereals-and-their-products vegetable-fats vegetable-oils cereal-oils
8997023140641	Qiansoto.id			non-food-products open-beauty-facts
8908001925020	Wet Idly Batter	Tiffin	1L	batter ready-to-cook-batter
8904083310112	Cheese Slice	MilkyMist		
8906033742936	Dark cookies cream	McVitie’s		
8906081128836	Dryfruit Bar - Choco Almonds	Happilo	15g	snacks sweet-snacks bars
8991001802132	Dark Chocolate			
6294017118887	Kit kat			
8000500367599	Seeds saunf flavoured	tic tac	7.2 g	green-dot-india
8907234008142	Cello pen		20 gm	non-food-products open-products-facts
8906019350032	Amalas		175g	
8906002660704	Coconad Edible Coconut Oil	KLF (https://coconutboard.nic.	1 litre (912g)	vegetable-fats vegetable-oils fruit-and-fruit-seed-oils coconut-oils
8901888007780	Real Mixed fruit juice 180ml			
8904293704725	Carrot		500g	plant-based-foods fruits-and-vegetables-based-foods vegetables-based-foods vegetables
8901440013020	BIRYANI MASALA	Eastern	100g	condiments
7622201763213	Silk Oreo Red Velvet	Cadbury	130 g	bars chocolate-candies chocolates bars-covered-with-chocolate
8905507023519	Matar Green		500	
8906144491426	Intense Java Xpresso	Sleepy Owl		plant-based-foods-and-beverages plant-based-foods coffees
8904293704091	Capsicum Green		500g	
8904250601029	Pilo go medicine			
8906017290064	Packaged Drinking Water	Bisleri	2L	spring-waters mineral-waters natural-mineral-waters packaged-water
8901063029248	Jamhljam			
8901220600136	Baidyanath HONEY ASLI AYURVED			
8906053813166	Jaggery Powder	Paawak	500g	jaggery
8906013183223	Dr. Vaidyas - Dr. Vaidyas Plant Protein Chocolate			
8906125520428	Pure cult		500 ml	non-food-products open-products-facts
8901044404026	Litchi Crush	Mapro	1 L	litchi-syrups
8904013460016	Goodrick Thurbo DARJEELING TEA WHOLE LEAF			
8906016013428	Energy Mix Nuts-Seeds	Gourmia	200g	seeds nuts-and-their-products nuts prepared-unshelled-nuts-or-seeds
8904004408911	Yellow Banana Chips	Haldiram's		snacks banana-chips
8906064701155	Special Murukku - Kozhikoden			
8904132943704	Water with Minerals	Sure	250 ml	beverages waters spring-waters mineral-waters
9001962200942	Kool Badam Flavour	Amul		beverages
8906108530000	Veg Hakka Noodles	Inchi		plant-based-foods-and-beverages plant-based-foods pastas noodles
7906018730478	Dalia	Savour	300	
8901041000313	salty			
8901052021284	tata tea gemini			
8901233028361	Dairy Milk	Cadbury	Good	
8901440013044	Sambar powder	Eastern	Good	
8901725136031	Delishus gourmet cookies nuts & raisins			
8901725198558	Mad Angles - Achaari masti	bingo	one	
8904037203873	Noni juice	Modicare	1 litre	
8908002485042	Khova		200 g	
8901058817836	Nescafe Classic Coffee	Nestle	100g	
8901262151429	Amul kool Cofe	Amul	200 ml	
8901491103060	Kurkure Hyderabadi Hungama	Kurkure	47 g	
8901764022807	Fanta	Coca Cola	2L	
8904150200155	Almonds	Nutty gritties	100g	
8906002000104	Sandwiche Spread	FunFoods	300g	
8906002004553	Salsa	Dr. Oetker	300 g	
9421025405822	Butter cookies	Connoisseur	Good	
8906062600375	e-Millet cookies	Moon Foods	150g	ragi-biscuits
8901246003058	Brewed vinegar	Del Monte	180 g	
8904077201419	Pizza Khakhara	Maniarr's	45 g	indian-snacks wheat-crisps
8908002846034	Goodrich	pizza topping	200 g	mozzarella-cheese
0039978738158	Organic Coconut flour	Bob's Red Mill	453 g	
8901764031106	Sprite			
8906057022151	Periperi nachos &salsa dip	Colonel & co		
8906041711528	Vezlay Veg Meat			
8906044992337	Mango			
8901652140071	Butter Bite			
6009606260270	Weetabix		450 g	
0701098266216	Nutriplato Roasted 5 Seeds Blend	Nutriplato	300 g	plant-based-foods-and-beverages plant-based-foods seeds
8904063209849	Takatak Baked Chilli Cheese	Haldiram's		salty-snacks appetizers chips-and-fries crisps
8904226700077	N2H GULKAND			
3033490165420	Yaourts Gervais Aux Fruits, 24x50g 18+6 Gratuits	Gervais		
8901058842906	Tarmarind Sauce	nestle	90 g	condiments sauces groceries
8901393017311	chupa chups	chupa chups	12 g	
8908011491119	Walnuts	Proventus Retail Pvt Ltd.	500 g	dry-fruits
8906006170711	O'Yes			
8906000610930	veggiee fingers	McCain	175g	frozen-foood
8902979023146	meera			
3266140061852	Raviolis aux tomates confites et romarain	Saint-Jean		
8993175540902	richchoco napati			
8906021123129	Aachi Turmeric Powder		100gr	
8901248121071	Navratna cool talc		100g	
8908003439044	Kuthu vilakku		wheat flour (atta)	
8906067810250	On The Run Energy Bar Choco Crunch			
8904221699291	Protein powder	ASITIS		
8906020491939	Milk Cake	Lal		
8906024450659	Refreshing Green Tea Morocan Mint			
8901030795824	Horlicks Classic Malt 500g Cbd	Hindustan Unilever Ltd	4	
8904063211392	Fried Rice with Chilli Paneer	Haldiram		
8901725105174	Mango	B Natural		
8904192215902	Rice cakes mix masala		84 g	
8904296908557	Rice crisps			
8901207032158	Litchi	Real		
8906006854031	Chocobar chocoholic	The brooklyn creamery		
8901725132682	Dark fantasy	Sunfeast		
8905863064416	Krombachers Fassbrause Zitrone	Krombacher		
8901063146334	Winkin Cow	Britannia		
0841541000223	Boisson soja			
8902346050072	Enerzal			
8908000861336	Sago ball	Gopal		
8901030080319	Bru original		5	
8901058893083	Rich Tomato Ketchup	Maggi		
0890364006196	Milk Chocolate Chickpea Snacks	Lebby		
8904063201942	Cocktail Samosa	Haldiram’s minute khana	500 g	
4792024001069	Coconut Milk Powder	Maggi		
8906065793227	Mr noodles			
8901063032323	Treat Cream Wafers	Britannia		
8906069411721	Fit mix	Jewel farmer		
8901063093485	Good Day	Britannia		
8909104845970	Peanut satay Chunky sauce	F.Whitlock and sons		
8901414000346	Natkhat Nimbu Lemon Hit Namkeen			
8901725118457	Dark fantasy	Sunfeast		
0890969002005	Eggs	Mae’s Eggs		
8901826332332	Lassi			
3760034710883	Galette Oignon Lardon			
8906112660540	Antioxydant mix			
8904246930515	Garam Masala	Priya	100 g	plant-based-foods-and-beverages plant-based-foods condiments spices
8908004896709	Arpana bun		3	
8906091520361	Chicken tikka	Sardar		
8901512910707	Popz			
8906009532844	Max Protien	RiteBite		
0890761008243	Strawberry milk	SHATTO		
8904124312136	life time vanila			
8908017784246	Premium milk taste elachi			
8901063028166	Britania Nice time	Britannia		
8901725114985	Marie Light Veda	Sunfeast		
8901063014152	vita marie gold	Britannia		
8901063325586	toastea bilk rusk	Britannia		
8901063098657	good day	Britannia		
8901063142299	Nutrichoice	Britannia		
3948063031869	britania treat			
8901725102876	mom's magic	Sunfeast		
8902756431102	CHICKEN NUGGETS	Godrej	500g	tyson
8901052020386	tata chakra gold bottle			
8908008998126	Shrimp			
8904022990023	Sandwich plus			
12033393	Total war pre workout			
8906019564132	Ratlam sev			
8908013172269	Strawberries & Cream Protein Milk Shake			
8908007167028	Cream & Onion			
8001724107381	Dark fantasy		300g	
8906130900185	Orion The Ultimate Choco Chip Cookies	Orion	100 g	
8908005144175	Yoga Bar			
8901491002134	Gourmet Vintage Cheese & Paprika Chips	Lay's		
8906080601620	aamras			
8906027713546	Dahi			
8901030876981	Red Label		500g	
8901648092599	india	all	1pound	
8908001956925	Tofu	Mooz Formaggio	200 g	
8697530993869	manuella			
8904063214768	Chatpata Dal	Haldiram's		
8902433004117	Orbit Sepermint Flavour			
8901648018186	Classic Dahi	Mother Diary		
8906028791147	Green Chilli		200g+50g	
8901262171557	Chocolate family pack	Amul		
01133479	moisturizer	mamaearth	80g	
1947547011702	Glucon-D		India's No.1	
8902433003165	orbit			
6991586420051	mars			
8906013032644	wai wai		200	
8909509283339	Kinder CereAlé - Kinder	Kinder		
8901725113490	sunfe			
8908010270005	Golden corn			
9556001280046	MAGGI VEGETABLES NOODLES	Maggi		
8901719258633	Hide and seek -bourbon	Hide and seek	150 g	
8904043552088	cake	modern	1	
8906014080064	Brahmins Fied Rawa		500g	
8902433003585	Galaxy Crispy Chocolate		9g	
8904132912779	Bikaneri Bhujia		150g	
80972945	Kinder joy	Kinder	20g	
8906035140181	Chipo snow flakes mix		6*	
8906119530112	Zuggi Crushed peanut Chikki		100g	
89007716	Orbit sweet mint sugar free gum		22g	
8901393018073	Juzt Jelly			
8908001503099	Taza Salt	Tatsa's	1kg	
8901972075688	Waffy			
8906019711604	Gluten Free Rice Maize Penne Pasta	Wheafree	250 g	specific-products pastas products-for-specific-diets products-without-gluten
8901071702935	Exotic Dark	Hershey’s		
8901725111465	Bingo potato Chips		100g	
4901260222613	Minute maide gritty guav		1l	
8906009072661	Unibic Snapper potato		18	
8901522000023	100 Pipers	Seagram’s		
8908010907147	Jaw dropping skin			
8904113521457	Agrofresh green cardamon		25g	
0722777382591	Venetian Spritz			
8906006853867	Sweet cream vanilla			
8902901223002	Good life jeers powder		100g	
8906070020431	Sharvas pepper sev		180 g	
8904063240286	Moon daal	Haldiram's	1 kg	namkeen
8906035872341	Kafma		1	
8901648001386	MD Mishti Dai		80g	
8904258702421	Alphonso Mango juice			
8908001954075	Sanjay Congress		200g	
4796008920070	Cranberry			
8901063023956	Marie Gold 400g (1)	Britannia		
0840205709366	Special dry cake			
8904067711874	Gachak			
8906069416573	Fruit candies			
8902433003196	Orbit	Orbit		snacks sweet-snacks confectioneries chewing-gum
8904109420092	Tulsi Ghanvati	Patanjali	60N	
4901263042270	Thums up 759 ml		52	
4901265094147	Britannia good day pista		4	
8901441017027	Lizzath punjabi masala papad		250g	
8901207019999	Dabur glucoplus	Dabur	400 gm	
8906151420075	Lakshminarayan cornflakes		250g	
8908014124038	stevia powder			
8906087777229	Chicken Fettuccine	comfort cravings	262 g	
8906009531212	Ritebite nutrition bar			
8904067709482	Jablonski cocktail nuts		120g	
8908001954082	Khara Groundnuts		200	
8901414003286	Khatta meetha 1kg (10)		1kg	
8909192808277	Sokoliki	Sokołów		
8908011423035	Classic cola			
0754523755670	Roasted almond			
8901192108128	Jeera pwdr		1	
8904112704356	Durga peanut chakra		150g	
8906006051362	Vijay maze flour		500	
8901207035517	Dabur garlic chutney		200g	
4901448954176	Mtr idli dosa chilly chutney power		200g	
8906069692540	Manga			
8902901222197	Good life chilli powder		100g	
8902901222272	Good life turmeric power		500gpp	
8908004203033	Ghee		500	
8906091860252	Kiwi pack of 6		6	
4908278001605	Frooti		1l	
8901088034616	Saffola active		500 l pet	
3948764362309	Minute maid pulpy orenge		1l	
8901747003861	premium spiced tea	vagh Bakari	500g.	100
8901764011634	Coca cola pack of 6	Coca-Cola	300x6	
8904132944688	Campa lime & lemon		600ml	
8906077122411	milk		5	
8906005610836	Winkies muffins		10	
8901063146181	Brtn wnkn cow vanila milk shake	Britannia		
8901063325036	Britannia toastea	Britannia	250g	
8904113521228	Agro fresh sooji rawa		500g	
8908000233225	Iyers Punjabi masala papad 200g		200g	
8904132919242	Desi kitchen Idli Chilli powder		100g	
8904132917163	Snac tac Gulab jamun 1kg		1	
8906066854187	Nature Land Organics Pure Kachi Ghani Mustard Oil Cold Pressed			
8908014705381	Italian mini bun roll			
6937721224641	Good life masoor whole		500g	
8908014705343	Dark Belgian protein rusk			
8902901222258	Good life chilly powder		500 g	
4987173864249	Vaporub		4	non-food-products open-products-facts
4800024572509	Delmonte pineapple slices		15	
8904004416619	Haldiram Matka Jhatka		100	
8904056240187	Aloo bhujiya	Haldiram's	10g	
8902579002022	appa fizz		1	
8901435006969	Taina Eco friendly best quality tissue paper		100	non-food-products open-products-facts
8901063325746	toastea premium rusk	Britannia	6	
8993470490063	Ojin nice katti			
8908010900698	Brown Rice Cakes			
8908002753639	Red Cow PASTA PENNE		80g	plant-based-foods-and-beverages plant-based-foods pastas penne
8906020492066	kaju katli		1	
8992753700103	FF COCOBUT DELIGHT TP 250		3	
8907005753639	Red Cow Pasta Penne		80g	
8901719121418	Monaco	Parle	34.8g	snacks salty-snacks appetizers
8906027121006	Soya sauce		100g	
8906015614749	Butterscotch cone	Hangyo		
8904132925656	Enzo			non-food-products open-products-facts
8906098831224	bajra chips			
8901207503559	Ofomas			
8904145912483	Pediasure chacolate		1 kg	
8902188812050	Hing	Ramdev		
8901058847789	Nestle Resource High Protein	Nestle	1Kg	dietary-supplements bodybuilding-supplements protein-powders
8904063211477	Hot&Spicy Samosa	Haldiram		
8904057302556	aruna ice cream	aruna ice cream	30ml	
06112196	mario masala noodles			
8908010898094	Mustard oil	Nature Active		
8806358509248	Tonymoly	Tony moly		
8904063257468	Paneer onion paratha	Haldiram	400 g	
0748927056372	ON Gold Standard 100% Whey Protein	Optimum Nutrition	2.27 kg	dietary-supplements bodybuilding-supplements protein-powders
4099200428963	Cashew Mandel Mix - chili	Snack Fun		
8904083506393	Organic Rice Flour-500g		500g	
8906010071042	Ganesh Wheat Dalia-500g		500g	
8901808004783	WeiKFiELD Falooda Mix Strawberry Flavour		200g	
8904083505938	Organic Urad White Whole-500g		500g	
8906010070465	Ganesh Besan-500g		500g	
8901808000341	Ice cream mix		100g	
8906010505431	Pop Rings	Balaji		
0948417736061	Krunchy wheels		25	
8908004791837	Simba lagar			
8697459292234	GLORY			
8906010500085	Chevdo			
8908010856001	goa dairy	fssai	500 ml	
8906012240323	Methi pachak		500g	
0717273505384	American Garden Pancake Syrup	American Garden		
7901789120657	Parle peri peri chips			
8904304365877	Coolberg Non Alcoholic Beer			
8908000295186	Mukharochak chira bhaja			
8904359401841	Banana chips Peri-Peri	Ol’tymes		
8908013746040	Organic Mojito			beverages
8906032341093	Milk-Ma Butter Cookies	Milk Ma	200g	snacks sweet-snacks biscuits-and-cakes biscuits
8908002026467	Jeera Special	BTW	400 g	sweet-snacks biscuits-and-cakes biscuits cumin-biscuits
8901058895322	Nescafe Sunrise	Nescafe	5.5g	coffees instant-beverages instant-coffees instant-mix-of-chicory-and-coffee-powder
8901719100956	Parle G	Parle-G	80g	snacks sweet-snacks biscuits-and-cakes biscuits
8901030577697	Lipton green tea honey lemon	lipton	25 N * 1.6 g	hot-beverages plant-based-beverages teas green-teas
8901058845617	Chilly Chow Cuppa Noodles	nestle	70 g	dried-products pastas dried-products-to-be-rehydrated noodles
8901246002075	Del Monte Tomato Ketchup	Del Monte	1 kg	sauces tomato-sauces ketchup groceries
8901233020624	Dairy Milk - Home Treats	Cadbury	100 g	sweet-snacks cocoa-and-its-products chocolates milk-chocolates
4792024000079	maggi coconut milk powder	Maggi	25g	
8906009993065	Elite good for you		200g	
8901088081191	Saffolamayo90 g			
8904272600574	Storea 100%guava juice		200ml	
8902901222791	Moti Rai			
8902901225761	white peas dry	GoodLife	500g	seeds legume-seeds pulses peas
8906167243873	Panchmeva Dry Fruits Mix	Whole Farms Everyday Essential	200g	
8901071702201	HERSHEY'S EXOTIC DARK	Hershey's	100g	sweet-snacks cocoa-and-its-products chocolates filled-chocolates
8901063155466	Tiger crunch 20	Brita		
8906086690413	Bhelbhatta	Simla		snacks
8906073786419	My Activity & Colouring Book	Doms	1	non-food-products open-products-facts
8901030655081	lux Shampoo			non-food-products open-beauty-facts
8906070320319	Jhal Chanachur	Haldiram	400g	snacks
8901972057714	Nice			
8902041034520	Pickwick			
8906001050650	Mango pickle 500 g	Mother's Recipe		plant-based-foods-and-beverages plant-based-foods pickles
8904293703148	Chilli Green		200g	
8905110003700	Nimayl			
8906064451005	Elements	Multi action fairness cream	100g	
7622202026584	Bournvita Shakti 1kg pp		5	
8906007750158	K P Namboodiri's Mint Fresh Herbal Gel	K P Namboodiri's	80 g	non-food-products open-products-facts toothpaste
8906023415383	Chocolate corneto ice-cream	Cream bell		
8904120401384	Barbecue Sauce	Abbie’s		
8993207730028	KEEP FROZEN (-18C)			
3948595961443	Chings veg soup			
8906080601248	Paper boat coconut water 200ml pet		200ml	
8904132917248	Snac tac tomato soup			
8906067025371	Choco Almond Protein Bar	Muscle Blaze		
8901764052309	Linca	Coca Cola	1L	beverages-and-beverages-preparations beverages carbonated-drinks sodas
8904057396968	Yogurt shake	Hatsun		
0004614504046	AQUAFINA			
8906064655649	Wingreens ketchup			
8906121300079	Herng nimbu pickle	Aamra	190	
8904103330755	EPIC passion	Premium condoms	10g	
0853414006454	ch			
8902901001723	Maida		500	
8906137050029	Pasteurised Homogenised Toned Milk	Milma		
8090011773514	HYOXY MINERAL WATER 200 ML 5 RS.			
0890497000542	Naan crisps	Stonefire		
3947460850578	Lipton GREEN TEA HONEY LEMON			
8906128101082	For Sensitive Skin) | Non Irritating Non X001YQ13KV FACE SERUM Sticky 			
8901216406803	Orgas MAX			
8090011773538	HYOXY MINERAL WATER 1 LTR 20 RS.	Hyoxy	1000 ml	beverages-and-beverages-preparations beverages
8906021121149	garam masala			
8906013200104	Chicken masala	Dilbahar	50g	
8906104694652	Rice Bran Oil	Zama	500 ml	
8901117078659	Cipla nasowash starter kit	Cipla		non-food-products open-products-facts
8901207033551	Home made emli sauce		100g	
4901412250006	prolyte ors			electrolytes
8904132919778	Mopz Aqua Fresh			
4906245672032	Teju chikki	Teju	15g	
8901148251830	Zedex			
8903680030003	Cacao pépites	Gerble sans sucres		
8904083522249	Sona masoori organic	24 mantra		
8906078180724	Dnv red chilli sauce		700 g	
8906145030044	Lyon Muli-purpose Cleaning Wipes	Lyon		non-food-products open-products-facts
8905035001935	Malabar Black Pepper	GITAGGED	1 kg	spices mixtures-of-herbs-and-spices groceries indian-spices
1948167800646	Prolife probiotic buttermilk	Amul		
8901058870008	Koko crunch	Nestle	350	
8904132907669	Healthy life Chocho			
8906002000111	Pizza Topping Dr.Oetker			
8901725013691	Bingo mad snack		200g	
8904011503487	Jaya rice	Double horse	5 kg	
0754083602667	Liver detox	Bm	42n	
8902901224788	Good Life urad washed gota	Good Life	500g	legumes seeds legume-seeds pulses
8901440013136	Eastern fish masala	Eastern	100g	condiments
8901063029323	Jim jam Britannia biscuit	BRITANNIA	68.5g	
8906010910389	Dairy day mini cone magic	Dairy day	35g	
8901246002945	Dried Cranberries	Del Monte		dried-products dried-plant-based-foods dried-fruits dried-cranberries
7622202030871	Temptations - Almond Treat	Cadbury		
9089898000003	BOBY SAFFRON	J.S. VARAKHWALA	CUSTOMER CARE NO. 93	plant-based-foods-and-beverages plant-based-foods condiments spices
8901207006869	Dabur Sat Isabgol			
8901042955094	Mango Sliced Pickles	MTR	300 g	plant-based-foods-and-beverages plant-based-foods pickles
0813210000001	Fresh Catch Basa Fish Fillets	IFB	1kg	frozen-foods frozen-seafood frozen-fishes frozen-fish-fillets
8901537074415	Sona Masoori Rice	Daawat	5 kg	vegetables-based-foods vegetables spanish-vegetables rice
3948764052910	Limca			beverages-and-beverages-preparations beverages carbonated-drinks sodas
8904117510112	Pizza bread	Super pizza bread	200 gm	
8906078180908	Mosur bori			
6001374081033	Clere	AMKA PRODUCT (PTY) LTD	500ml	
0690225101127	Basmati rice (raw)	India Gate	1 kg	
8901030903380	Horlicks Lite Regular Malt Flavour	Horlicks	1kg	beverage-preparations artificially-sweetened-beverages instant-beverages sweetened-beverages
0890237006681	Pineapple coconut milk	Ricco’s		
8901719125799	Parle hide and seek milano jazelnut	Parle	60g	
8904258703541	Raw pres mango	3541	750	
8904132916982	Snac tac wafers			
8901058890860	Milky bar	Nestle	10g	
8904132966963	Whl moong	GL	1 kg	
8901725971816	Handwash	Savlon	80ml	
8901248268165	HE	Emami	150ml	
8904132920941	Jive	Reliance retail maeket	100ml	
8901725135225	Yippee			
8906055440018	Organic moong green dal 500g	Organic	500g	
8901030985829	3roses			
8904132918856	Snack tak soup			
8904117900081	Pro Nature org moong yellow 500g		500gm	
8904013451243	Goodrick Symphony GREEN TEA GINGER AND TULSI			
8903553178290	Ram bandhu chakali masala		50g	
8902080404179	Slice			
8991749000005	KOPI KENANGA			
8906030580029	Rice flour		500g	
0890237000870	Pupusas Queso con Loroco	Mi Cantón		
8901030932069	Kissan squeeze			
8904293703223	Baby Potato		250g	plant-based-foods fruits-and-vegetables-based-foods vegetables-based-foods vegetables
8901748003327	Ruchi Dalchinigota	Ruchi	50g	
8901207026492	Ashwagandha teblets	Dabur	60 tablets	
8904132934610	Pure & tenders	Get real	375	
0941247444052	ROGHAN BADAM SHIREEN	Dabur	100g	
8906044993112	Alo Frut anaar 300ml pet			
8906044992498	Alo Frut mixed fruit 300ml			
8907516130653	Na	Na		
8908017902008	kacchi ghani mustard oil	sarfa	1litre(910g)	mustard-oil-free-from-argemone-oil
8908004383896	Mangalam Bhimseni Camphor	Mangalam	50g	non-food-products open-products-facts
8906002482986	Pedigree		1kg	
8901012116807	Johnson's baby cream			
0045485120003	vj8			
8906099980297	Roasted Garlic And Chilli Dip	Saucery		
8904113522386	Agro fresh chiroti rawa			
8902080001354	Pepsi Black	Pepsi		
8904132925564	Snac tac masala noodles		560g	
8901030825705	Horlicks Chocolate Delight flavour 500g Cbd		8	
8904004403671	Shing Bhujia	Haldiram's		masala-peanuts
8901287101010	Mysore Sandal GOLD		125g	
8901399105166	SANTOOR Skin Moisturising		4× 150 g	
8908001158381	Whitelone Soft & Smooth		25g	
8901030653667	Lux ADVANCED Radiant Glow VITAMIN C+E		150× 3	
8901052005086	TATA AGNI TEA STRONG LEAF 1KG			
8904063213297	Gujiya		380 g	
8904123515088	Macroons	A1	100 g	
8904293726918	Classic Suji / Rawa	Flipkart Grocery	500g	granulated-wheat
8908013479368	Coffee cocoa mini	The whole truth		
8906014920025	Kundan namkeen sev			
8904132949751	Campa Cola 1ltr pet		6	
8901808000990	Caramel Custard	WeiKFiELD	70g	
8908002984194	Tata Soulfull Ragi Bites Choco Fills 250g			
0034000871766	Hershey milk chocolate bars king-size 2.6Oz Bar 18 boxes of 12 bars			
8901030795855	Horlicks Classic Malt 1kg Pet		10	
8904132917545	Kaffe Instant coffee 50g po		3	
8904132917552	Kaffe Instant Blend 50g pp		1	plant-based-foods-and-beverages plant-based-foods coffees
8901014012619	Cup noodle paneer butter masala	Nissin		
8908001347471	Milma strawberry	Milma		beverages dairies dairy-drinks flavoured-milks
8901030926549	Hazelnut Choco Peanut Spread	Kissan	350g	spreads
8901052022106	Tetley Immune Classic	Telly	25N	
8906036572431	corn flour	prime	120g	
8904132934559	Utsava	GoodLife		
84504517	Kinder Joy	Kinder		
8901103171326	Oxylife			
8901262153331	Amul Protein Blueberry Shake	Amul		
8906173680020	Choice bread			
8906151482400	Nutritin Ultra Protein Shake	Nutritin Ultra	200g	dietary-supplements whey-protein
9556562002958	Sugar free oat meal	IKO	200gm	
0551590126149	PINEAPLE TANG	Tang	375	
8901063146488	Britannia Winkin' cow Vanillicious Thick Shake	Winkin' Cow		vanilla-milkshake
8901058865660	Gold Cappuccino	Nescafe	125g	plant-based-foods-and-beverages plant-based-foods coffees
8906080602672	Paper boat Slurpy Mango 750ml pet		3	
8906009071848	Unibic Fuirt & Nut			
8381012118016	MILK JUNNU POWDER		100g	
8906079010617	Luvit:Luscious	Luvit Roasted Almonds	50g	
8526078180885	Dnv garlic papad		70g	
8904256001762	NIVEA pearl &beauty Smooth & beautiful		150ml	
8901262070010	amul			
8908002811001	Sing dana	Premia	500 gm	
0890304001359	Érable Vinaigre balsamique	Oliv		
8901689030123	Www.malasfruit.com			
6288084624853	Roasted Jowar Puffs	Heka Bites		
8901063142619	Britannia nutri choice	Britannia	120g	
8904083307112	Cheese Cubes	Milky Mist		
0890000360361	Iorgute	Nestlé Grego		
8908015352676	OBRIL GOLD SKIN serum	Brinton	30ml	
8904103325331	Acne Star			
8901663104000	Gala No Dust Broom	Gala		non-food-products open-products-facts
5056533862740	Red chilli sauce	Chings	200g	
9327693005428	4 AUSTRALIAN MADE YCRUELTY FNEE			
8901499010537	Granola - chocolate and almonds	Kelloggs		
8906017815656	Madhusudan Curd	Madhusudan		curd
8901103171678	Oxylife Shave Gel	Oxylife		non-food-products open-beauty-facts
8901542001796	Explore Knowledge world	Complan	500 g	
8906055442524	Organic Tattva mustard oil	Organic Tattva	1l	fats vegetable-fats vegetable-oils mustard-oils
8908009918635	Oziva Plant Protein	Oziva		dietary-supplements bodybuilding-supplements protein-powders
8906090572903	Too Yumm! chips classic salted			chip
0200043820126	PRINGLES	PRINGLES	165g	
0890237000047	Cuajada hondureña	La cremosita		
8904258703466	Raw Pressery Raw Power	Raw Pressery		beverages-and-beverages-preparations beverages energy-drinks
8901262153423	High Protein Milk	Amul		
8906146030555	Kaju Katli	Haldiram's	500 g	
8906000610176	Mecam crazy fries			
8904063220295	Somosa	Trader Joe’s		
8906034900168	CRUST & CRUMB WHIPPING CREAM POWDER	Crust & Crumb	100 GM	
8904083300120	milky mist fresh cream	milky mist		fresh-cream
8903071001575	Cornstarch	Golden crown	1kg	
7907349003316	Bhelpuri chutney	Mothers recipe	200g	
8908012605119	Worcestershire sauce	Lea & perrins	325g	
8901725117481	Bingo Cheese Curlz	Bi go	16g	snacks variety-packs snacks-variety-packs
8901120141036	Everyuth naturals face scrub	Everyuth	200g	non-food-products open-beauty-facts
8901399333200	Softouch fabric conditioner	Wipro	2L	
8901399000065	Softouch pink2L			
8901725005979	Yippee	Sunfeast	480g	
0961650702921	Hydra miracle	Ponds	100ml	non-food-products open-beauty-facts
8901030950452	Ponds Bright Beauty 200g v-b3			non-food-products open-beauty-facts
8901030937507	Ponds pure detox face wash			non-food-products open-beauty-facts
8901030524042	POND'S SANDAL radiance talcum power		100g	non-food-products open-beauty-facts
8901030523939	Pond's			non-food-products open-beauty-facts
8901030877070	Pond's Bright Beauty Serum Cream	Pond's	35g	non-food-products open-beauty-facts
8901138500153	Anti wrinkle cream	Himalaya	50g	non-food-products open-beauty-facts
8904256009812	Nivea Body lotion Aloe Hydration	Nivea	600ml	non-food-products open-beauty-facts
42204268	Nivea 200 ML	Nivea	200g	non-food-products open-beauty-facts
8901030790751	lakme			non-food-products open-beauty-facts
8906118416486	Plum niacinamade serum	Plum	30 ml	non-food-products open-beauty-facts
4987176131263	VapoRub	Vicks		non-food-products open-products-facts
4902430496230	Vicks			non-food-products open-products-facts
8901030715303	Soap	Lifeboy	50	non-food-products open-beauty-facts
8901138836955	Himalaya Extra Moisturizing Baby Soap	Himalaya		non-food-products open-products-facts open-beauty-facts
9220079597770	NATURAL HERBAL BEAUTY SOAP - LUXURY AROMA WITH NATURAL VITAMIN E & AQU	REYYA PREMIUM	85 GM	non-food-products open-beauty-facts
9220079597725	NATURAL HERBAL BEAUTY SOAP - LUXURY AROMA OF REAL ROSE ENRICHED WITH R	REYYA PREMIUM	85 GM	non-food-products open-beauty-facts
9220079597633	NATURAL HERBAL BEAUTY SOAP - LUXURY AROMA ENRICHED WITH LEMONGRASS & N	REEYA	85 GM	non-food-products open-beauty-facts
9220079597626	NATURAL HERBAL BEAUTY SOAP - LUXURY AROMA ENRICHED WITH LAVENDER OIL	reyya	85 GM	non-food-products open-beauty-facts
8904422901773	Haldi chandan soap	Tac	125g	non-food-products open-beauty-facts
8901012116920	Johnson's Baby Shampoo	Johnson's	100ml	non-food-products open-beauty-facts
8901088038799	Mediker	Shampoo	5ml	non-food-products open-beauty-facts
8906014201308	hair oil	Keo karpin	200ml	non-food-products open-beauty-facts
8901138836160	Anti Hair Fall Cream Bhringaraja Amla 100 ml			non-food-products open-beauty-facts
4005900195708	Purifying Face Wash	Nievea		non-food-products open-beauty-facts
8906044994980	Pearly body wash	Mukti gold	250ml	non-food-products open-beauty-facts
8901399241031	Santoor hand wash	Santoor	180 ml	non-food-products open-products-facts
8904132918283	Get real face wash green	Get real	100ml	non-food-products open-beauty-facts
8901012189504	Clean & Clear Foaming Face Wash	Clean & Clear	100ml	non-food-products open-beauty-facts
8908006646937	Mr Makhana Pickle Tickle	Mr Makhana		plant-based-foods nutmeg-tree-products makhana fox-nut
8906097590221	Charge Immunity Booster	Fast n Up		
8908001658539	ocean fruit drink	ocean	250ml	
8904109400049	Patanjali Body Lotion	Patanjali	100ml	
8901030735349	Fruit & Nut	Kwality wall's		desserts frozen-foods frozen-desserts ice-creams-and-sorbets
8901088206280	Marico Revive	Marico	200g	
8906135610577	crown toothpicks	crown	33 g	
0614299748064	Honey Vanilla Bourbon Pecans	Patriot's Choice Premium	7 oz	
8906014764827	Bajaj Almond Drops Moisturising Soap	Bajaj	5 x 125 g	non-food-products open-beauty-facts
8906125982431	Devil popcorn	4700bc		
8901399435249	Max kleen 1.25l			
3073781103519	The Laughing Cow Creamy Cheese	The Laughing Cow		
8906146760353	lakshmi krishna saffron night gel	Theerah cosmetics	100g	non-food-products open-beauty-facts
8901023019739	Good knight gold flash		2 refils	non-food-products open-products-facts
8901396144137	Lizol			non-food-products open-products-facts
8901396114505	Lizol 2L			non-food-products open-products-facts
8901396146834	Lizol 1+1 Floral			non-food-products open-products-facts
8901067020067	Dettol			non-food-products open-products-facts
8901396602323	Dettol			non-food-products open-products-facts
8901396389675	Dettol Original Liquid Handwash	Dettol	675ml	non-food-products open-products-facts
8901030975707	Tresemme	Tresemme	6ml	non-food-products open-beauty-facts
8907122000050	Vlcc			non-food-products open-beauty-facts
8901548146873	Everyuth face wash			non-food-products open-beauty-facts
8901120141043	Everyuth			non-food-products open-beauty-facts
6920438307868	Cheeks and eyes palette	Maliao	25g	non-food-products open-beauty-facts
8906087772439	Aloe vera gel			non-food-products open-beauty-facts
8901571012459	Iodex	GSK	40 g	non-food-products open-products-facts pain-relief
8901314543653	Colgate maxfresh	Colgate	450g	non-food-products open-beauty-facts
8901012117019	Johnson's Milk+Rice Cream	Johnson's	100g	non-food-products open-beauty-facts
8901207004094	Dabur Gulabari Rose Glow Face Cleanser	Dabur	100ml	non-food-products open-beauty-facts
8908010238296	Pro Skin Rose Refreshing Wipes	Pro Skin	25N	non-food-products open-beauty-facts
8904117401052	Tulips Baby Wet Wipes	Tulips	72N	non-food-products open-beauty-facts
8901088139199	Set Wet BALI BLISS		120ml	non-food-products open-beauty-facts
8901719122880	Parle's wafers			
8901719123122	Hide and Seek choco chip	Parle	400g	
8901719115608	Hide & seek 120g sandwiches orenge	Parle		
8901719126093	Parle Rusk 327g	Parle		
8901719129452	Fab Jam in	Parle	150	
8901719123993	PARLE Krack jack250g	Parle		
8901719123979	Krackjack 400 (2)	Parle	400 g	
8902901171310	Good Life Unpolished Kabuli Chana	Good Life		plant-based-foods-and-beverages plant-based-foods legumes-and-their-products legumes
8902269254687	Paraboost			
8901262110266	Whey Protein	Amul		
8908024057333	Chocolate Almonds	Eat Better Co.		
8903363009814	Meadows Air Freshner	Meadows		non-food-products open-products-facts
9901782600062	Storia Banana Shake			
8901725136215	Dark Fantasy BIG Choco Fills	Sunfeast		
8908017962316	Wicked Gud Popped Chips	Wicked Gud		snacks
8906010090197	Dlecta Natural Cheddar	Dlecta		
8906131682219	Jowar Puff chatpata treart	Mille	35g	
8000500407349	Tic Tac Sprite	Tic Tac	9.7 grams	tic-tac tic-tac
8906004750021	Rossogolla			
7452216186147	Parijata Moringa Powder	Parijata	100g	condiments herbs-and-spices
8904293733893	Premium Orange Nagpur		1kg	plant-based-foods fruits-and-vegetables-based-foods fruits-based-foods fruits
8906048501887	Nutricia Aptagrow chocolate 400g	Nutricia		beverages-and-beverages-preparations beverage-preparations
8901063146716	WINKIN BOURBON SHAKE			
8901725005917	Yippee magic masala	Sunfeast	240g	
8901544064430	Date			
3441350800006	Gingelly oil	Madhuram	50ml	
8901242103004	Soya	Bambinno	40	
8908001697675	Tortilla wrap	Fresh go		
8904130846892	Boat Bassheads 102	Boat		non-food-products open-products-facts
8906115883120	Marino Magic Byte Orange	Marino		snacks sweet-snacks biscuits-and-cakes cakes
0769807194632	Cottage Cheese	Whyte Farms		
8906133020002	Whey Protein Isolate Unflavored	Nakpro		
8901499010728	Kellogg's chacos	Kellogg's	443g	
8906131681243	Supergrain Pancake	Mille		
8906130970140	Walnut			
8908001528474	FUNTEN BIG CHOMP	FUNTEN		
8901764022906	Fanta Orange Flavour	Cocacola	2.25 L	
8901719122194	krackjack	Parle	37•8	
8904063216397	Navratan haldiram 1kg	Haldiram's	1 kg	snacks
0890282001433	Lemon almond bar	Step one		
8906083301190	gluten-free Quinoa Pasta	Naturally Yours	200g	meals pasta-dishes
0811307031662	Ggui	Bhh	2m	
8904132972032	Campa runner energy lemon flavour	Campa	250ml	beverages-and-beverages-preparations beverages
8906086920510	White Bread	Vaishali	175 g	plant-based-foods-and-beverages plant-based-foods cereals-and-potatoes breads
8901719125638	Parle Rusk Real Elaichi	Parle	200g	plant-based-foods-and-beverages plant-based-foods cereals-and-potatoes breads
8904132950757	Campa Club Soda 200ml pet		24	
8901207033872	Hand Sanitizer	Dabur	250ml	non-food-products open-products-facts sanitizer
8901542002502	Nycil Germ Expert Prickly Heat Powder - Cool Classic	Nycil		non-food-products open-beauty-facts
8906133401375	Little Joys NutriMix Nutrition	Little Joys		beverages-and-beverages-preparations beverage-preparations
8906067025159	MB Isozero Low Carb Whey Protein	Muscleblaze		
8906001387046	Bread 🍞	Oven	700 g	
8906010911065	Dairy Day Medium Fat Frozen Dessert	Dairy Day	29g	desserts frozen-foods frozen-desserts
9421907219110	& Muscle Heath &Muscle Heath & Muscle Heaith Joint, Bone, Crtloge Join			
8906002082315	SOMBU PODI	Sakthi	50g	
8901725006679	Atta with Multigrains kg	Aashirvaad	5.5 kg	plant-based-foods-and-beverages plant-based-foods flours multigrain-flours
8902901223378	Poha	Good Life		
8901324010664	Non dust eraser			
8906163521098	Sampoo		80ml	
8903105010498	Yardley London Gentleman Classic	Yardley	100g	
8901088045674	Oli		2	
8906002419098	WASHING BAR SOAP			
8908007288709	Gabru		50 ml	
0777777201427	AP INHALER		1 ml	
8902901225914	Ragi Flour	GoodLife	1kg	cereals-and-their-products flours cereal-grains millet
8908023653079	Aditi Elaichi rusk	Aditi	175	
8906064651146	Chipotle Dip Spread	Wingreens		
8901023019876	Godrej expert rich creme hair colour	Godrej	20 ml	
8806194004334	tonymoly			
8901396350101	Dettol antiseptic liquid		60 ml net	
8809550647886	Peptaronic	SNP	220ml	
8904026645929	Light Moisturizing Gel	Lacto Calamine	150g	
8904355400046	Electro choice apple			
8901207040795	Dabur Gulabari Rose Water	Dabur	120ml	
8908015692468	Chicken Cheese Momo	Wow Momo		
5766632527432	Mango/Lime Ice Cream	Underground		
8904442611980	Snack kabanossi	Duda		
8901688120733	Sumeru Fries	Sumeru		chips-and-fries fries frozen-fries
8906140970819	Punjab Sindh White Butter	Punjab Sindh		
8906014906098	Corn flakes	Savvy		
6009698811961	Banana shake			
0732940998405	Blueberry Greek Yogurt	Agápi		
8901030712012	Boost	Boost		beverages-and-beverages-preparations beverage-preparations
8902080002283	7up	7up	400ml	beverages-and-beverages-preparations beverages carbonated-drinks sodas
8904293733817	Orange Nagpur Small			fruits citrus fresh-fruits oranges
8901247576957	Streax Coffee Collection Ultralights Highlighting Kit	Streax		non-food-products open-products-facts
8908005753223	Hing Goli			plant-based-foods-and-beverages plant-based-foods condiments
8906003926557	noodles		100	plant-based-foods-and-beverages plant-based-foods pastas noodles
0890960033978	Biscoito	Bauduco		
7622210400291	Dairy milk Roast almonds	Cadbury	160g	
8901030865411	Pond's Light Moisturiser for soft glowing skin	Pond's	200ml	non-food-products open-beauty-facts
8906104540218	PAPAD			
8901030898440	Surf Excel	Surf	75 g	non-food-products open-products-facts
8906130900246	Orion choco pie	1		
8902756340152	Chicken Burger Patty	Yummiez	300 g	
0717273505315	U.S. Mayonnaise	American Garden		
8906002080045	Turmeric	Sakthi	500	
4906133220505	Buttermilk pouch	Chhaswala	200 ml	
8906129221161	Makhaniya lassi	Chhaswala	200 ml	
8906129221208	Chocolate lassi	Chhaswala	200 ml	
8906129220348	Cold coco		275 ml	
8908014922252	Svish	Svish	200ml	non-food-products open-beauty-facts
8904109463082	Patanjali Kesh Kanti Hair Oil	Patanjali	300ml	non-food-products open-beauty-facts
8904132956032	Alans potata chips	1		chips
8906088330416	Durga mong dall	1		
8901542000218	Complain		750	
5032619320571	Royalty apple	Celebration drink	750ml	
8906017675212	Shalimar coconut oil	Shalimar's	500 ml	
8903363003485	Rai Small	DMart Premia	500 g	condiments seeds spices mustard-seeds
8901747002505	Instant ginger tea	Wagh bakri		
8901030989827	Pond's Bright Beauty Niacinamide Anti-Dullness Face Wash	Pond's	50g	non-food-products open-beauty-facts
42204091	Nivea Soft Light Moisturising Cream	Nivea	100ml	non-food-products open-beauty-facts
8904256010139	Nivea Body Lotion Aloe Hydration	Nivea	120ml	non-food-products open-beauty-facts
42420002	Nivea Soft Cream	Nivea	100ml	non-food-products open-beauty-facts
8901012116890	Johnson's baby top-to-toe bath	Johnson's		non-food-products open-beauty-facts
4987176244987	Vicks VapoRub	Vics	50ml	non-food-products open-products-facts
8901088200073	Livon Anti-Frizz Serum	Livon	50ml	non-food-products open-beauty-facts
4987176147349	Vicks VapoRub Xtra Strong	Vicks	50ml	non-food-products open-products-facts
8906144470490	Soya chunks	Nutroya		
8904352004193	BIOTIQUE Advanced Ayurveda Papaya Deep Cleanse Face Wash	BIOTIQUE	150ml	non-food-products open-beauty-facts
9909205010818	Yardley London Morning Dew	Yardley	100g	non-food-products open-beauty-facts
8901030890772	Vaseline Daily Brightening triple sunscreens	Vaseline	400 ml	non-food-products open-beauty-facts
8904026636897	Face Lotion			non-food-products open-beauty-facts
0381371187690	Aveeno.			non-food-products open-beauty-facts
8906035050671	Mehndi	Neha	1kg	
8904132922167	Mopz lime fresh 200ml			non-food-products open-products-facts
8901207500053	Odomos 100g	Dabur		non-food-products open-products-facts
8901396152606	Harpic 10x floral bloom 1L			non-food-products open-products-facts
8906087775829	Mamaearth Onion Shampoo	Mamaearth	200ml	non-food-products open-beauty-facts
8906055790830	Layer'r Wottagirl! Perfume Spray	Layer'r		non-food-products open-beauty-facts
8906080603419	paperboat fruit and nuts super mix	paperboat		nuts-and-their-products dried-products dried-plant-based-foods dried-fruits
8904083535171	Chia Seeds	24Mantra Organic		
8906004264696	Uhshssh	Hbb	nbbb	
8904417305258	Mamaearth Vitamin C Daily Glow Sunscreen	Mamaearth	50g	non-food-products open-beauty-facts
8904380404040	Mancode	Mancode	4.5	
8901088213004	Coconut oil			
8904474000431	Bonn Multi Grain Bread	Bonn		plant-based-foods-and-beverages plant-based-foods cereals-and-potatoes breads
8904327600320	Peanut Butter Smooth	MYFITNESS		
8908020889112	Iyengar Puliogare Masala	Iyengar	210g	condiments
8902979023177	Meera Herbal Powder	Meera	150g	non-food-products open-beauty-facts
8901030922848	Argan Oil & Lavender			non-food-products open-beauty-facts
8720615790012	Egg White	Pure		
8901192204110	Catch Chatpata Chat Masala	Catch		condiments
9311770604918	Calcium + Vitamin D	Swissie		
8906044541511	Isopro Zero 100% Premium Whey Protein Isolate	Healthfarm		
8908015543050	Black currant flavoured pea protein	Green Protein		pea-protein
8908012471004	Indian tonic water	Sepoy & Co.		beverages carbonated-drinks sodas tonic-water
8908013479146	The whole truth peanut cocoa	The whole truth		
8906069400657	Sriracha	VEEBA		
8904109465239	Patanjali Shodhit Harad	Patanjali		
0637740481198	Lil'Goodness Milk Chocolate	Lil'Goodness		sweet-snacks cocoa-and-its-products confectioneries chocolates
8906133020811	Creatinine Monohydrate	Nakpro		dietary-supplements bodybuilding-supplements creatine
8906004652653	Vadi Matta	Pavizham		
8904083506232	Organic Sattu-500g	24 Mantra Organic	500g	
8908024057104	Hazelnut chocolate Laddoos	Eat Better co	4 laddoos and 40 gra	
8901242513919	instant gulab jamun mix	Bambino	500g	instant-gulab-jamun-mix mix
8901030953408	Hazelnut Chocolate ice cream	Kwality Walls		
8904277802041	Face foundation	BB	30ml	
8906000210314	Chakki Fresh Atta	Pillsbury	5kg	cereals-and-their-products flours cereal-flours wheat-flours
8906028790218	8ll906028790218ll			
8901225785043	Preethi Genie Jar	Preethi		
8908008313400	ONS FOR USE:			
8901030739033	Magnum Brownie	Kwality Walls		
8906100500124	Nveda Calcium, Magnesium, Zinc, Vitamin D3 & B12			
8906000612293	McCain Cheesy Pizza Fingers	McCain		frozen-foods frozen-snacks-and-starters
8901030864551	Lakme blush & glow watermelon			
8901030864568	Lakme Blush and glow lemon	Lakme		non-food-products open-beauty-facts
8906113491334	Corn Flakes	Tata Soulfull		
8906019770755	California Walnut Kernels	Nutraj	250 g	nuts shelled-nuts walnuts walnut-kernels
8906119261030	Seedless Oman Dates	Lagom		
9556439887138	Munchy crackers butter flavour			
9789354402890	Uncle Pai			non-food-products open-products-facts
8906105617933	Omega 3	Wow Life Science	180 N	dietary-supplements capsules fish-oils sardine-oils
8901512144201	Peanut Butter 100% Natural Creamy	Sundrop	924 g	plant-based-spreads oilseed-purees legume-butters peanut-butters
8906150345812	Bevzilla Hazelnut Coffee	Bevzilla	200g	beverages-and-beverages-preparations beverage-preparations instant-beverages instant-coffees
8901058008234	Chicken Noodles	Maggi	71g	pastas dried-products-to-be-rehydrated noodles instant-noodles
8906166360328	Butter Biscuits	Open Secrets		snacks sweet-snacks biscuits-and-cakes biscuits
0690225106542	Brown Rice India gate 1 kg	India Gate	1kg	cereals-and-their-products cereal-grains rices aromatic-rices
8906131680635	Berry Crunch	Slurrp Farm	400 g	breakfasts cereals-and-potatoes cereals-and-their-products breakfast-cereals
8901491003124	West Indies' Hot 'n' Sweet Chilli	Lay's	90 g	salty-snacks appetizers chips-and-fries crisps
8906111540492	Chips Mix Masala	Fun Flips		salty-snacks appetizers chips-and-fries crisps
0801541100507	Tulsi Original	Organic india	50 g	beverages hot-beverages plant-based-beverages teas
8908013338795	SENDHA NAMAK	Aadar	100g	condiments salts rock-salt
8901888006578	Cranberry	Real	180 ml	fruit-based-beverages juices-and-nectars fruit-juices cranberry-juices
8903553851612	Tomato Ketchup	Temptin		sauces tomato-sauces ketchup tomato-ketchup
8901493137711	Active dried yeast	Fruitomans	25 g	food-additives yeast
8902901224900	GL Chana Green	Good Life	500g	seeds legume-seeds pulses chickpeas
4906630019077	Patanjali corn flakes		500g	breakfasts cereals-and-potatoes cereals-and-their-products breakfast-cereals
8904083525646	Organic Ragi Flakes	24 Mantra Organic		seeds cereals-and-their-products breakfast-cereals cereal-grains
8904132919419	Poha Mix	Desi Kitchen	60g	cereals-and-their-products breakfast-cereals flakes cereal-flakes
0846203002881	seed and choco chip cookies	chitale	200g	chocolate-biscuits drop-cookies chocolate-chip-cookies cookies-with-chocolate-and-nougat
8902167000317	Black Pepper Powder	MDH	100g	condiments spices peppers black-peppers
8901499011596	Pro Muesli	Kellogg's	500g	cereals-and-their-products breakfast-cereals cereals-with-fruits mueslis
8901491001243	Oats with Flavour Mix	Quakers	200g	seeds cereals-and-their-products breakfast-cereals cereal-grains
8905507025087	Rajma red	First crop	500	seeds legume-seeds pulses common-beans
4902907666005	Pepper	Best Farms	50g	plant-based-foods condiments spices peppers
8857118730969	Kecap manis	Megachef	500 ml	condiments sauces soy-sauces
8904132968813	Roasted & Salted Cashews	Snactac	36 g	nuts-and-their-products nuts roasted-nuts salted-nuts
8904132918214	Besan Ladoo	Snactac	200 g	sweet-snacks confectioneries candies gram-flour-balls
8904145912650	Similac Advance	Abbott		dried-products baby-milks infant-formulas baby-milks-in-powder
8906024480878	Cow Milk	Dodla	500ml	dairies milks
8906043701435	Premium Milk	Omfed	500ml	dairies milks
8904124107510	Ananda milk		500ml	dairies milks
8906017810125	Madhusudan Homogenized Toned Milk	Madushudan		dairies milks homogenized-milks uht-milks
8901262174404	Sundae Gudbud	Amul	125 ml / 75 g	frozen-foods frozen-desserts ice-creams-and-sorbets ice-creams
8906108306254	Zahidi Dates	Fit Eats	500 gms	nuts-and-their-products dried-products fruits dried-plant-based-foods
4796008920049	Real Mixed fruit juice	Real	1l	plant-based-beverages fruit-based-beverages juices-and-nectars fruit-juices
8906155440130	Cashews	Om	500g	plant-based-foods nuts-and-their-products nuts cashew-nuts
8908011491133	Cashews	proVmini	18 g	nuts-and-their-products nuts salted-nuts cashew-nuts
8904226700688	Pitted Prunes	N2H		dried-products dried-plant-based-foods dried-fruits dried-prunes
8901826601100	Verka Gold	Verka	500ml	dairies milks
7622201762537	Cadbury Hot Chocolate	Mondelez International	200g	beverage-preparations cocoa-and-chocolate-powders instant-beverages chocolate-powders
8906001028222	Daily Milk	Go	1L	dairies milks cow-milks
8906097400032	Turmeric Powder	Zoff	500g	condiments spices turmeric turmeric-powder
8906010502591	Crunchem	Balaji Wafers	72g	salty-snacks appetizers chips-and-fries crisps
8903363001948	Coffee	House	50g	beverages-and-beverages-preparations beverage-preparations instant-beverages instant-coffees
8906021401067	Vanilla Ice Cream	HF Super		frozen-desserts ice-creams-and-sorbets ice-creams milk-solids
8904305600649	Chicken curry cut	FTH	500	meats chicken-and-its-products poultries chickens
8901030735363	Oreo and cream	Kwality Wall's	380 g	frozen-desserts ice-creams-and-sorbets ice-creams ice-cream-tubs
8901719123429	Fab! Bourbon	Parle		snacks sweet-snacks biscuits-and-cakes biscuits
8906002006922	Kuppies Dark Choco Chip Brownie	Dr. Oetker	37 g	biscuits-and-cakes cakes chocolate-cakes brownies
8906033743155	Orange Creams	Mc Vitie's	61.2g	biscuits filled-biscuits biscuits-with-nuts biscuits-with-cream
8901063343276	Multi Grain Bread	Britannia	450g	cereals-and-potatoes breads sliced-breads multigrain-sliced-breads
8906006720329	Kashmir Honey	Lion	250 g	bee-products farming-products sweeteners honeys
8904043550305	Royal plum cake	Modern Products	650 g	biscuits-and-cakes cakes fruit-cakes plum-cakes
8908015394638	Apis Classic Dates	apis	500g	fruits-and-vegetables-based-foods fruits-based-foods fruits dates
8906069413305	Sunflower seeds	Jewel Farmer	200 g	plant-based-foods seeds sunflower-seeds-and-their-products sunflower-seeds
8903363004697	Kaju 320	Premia	100 g	plant-based-foods nuts-and-their-products nuts cashew-nuts
8901725013042	Marie Light	Sunfeast	200g	snacks sweet-snacks biscuits-and-cakes biscuits
8906084560022	Ragi with oats biscuits	Vaidya's		snacks sweet-snacks biscuits-and-cakes biscuits
8901725000295	Sunfeast glucose plus+	Sunfeast	1kg	snacks sweet-snacks biscuits-and-cakes biscuits
8942152112540	tomato sauce	my fresh		sauces tomato-sauces ketchup tomato-ketchup
8901537074934	Dawat pulav basmati rice 500g		500g	cereals-and-their-products cereal-grains rices aromatic-rices
8904083300021	Paneer	Milky Mist	200 g	fermented-milk-products cheeses cottage-cheeses paneer
8906097402180	Black Pepper	Zoff	50g	peppers peppercorns black-peppers black-peppercorns
8902901061420	Good life Fig 250g			
8901542000560	Gulcon-D			
8851759484847	HOT DOG BAR			
8906001020431	Go cheese block 200			
8906152260380	Choconilla		25g+5g extra-30g	
0041240100044	Baggrey white oats			
8908007836504	ghee		1 liter	
8901063033160	Britannia treat rs 10	Britannia	28	
8901030877148	Red label 1 kg			
8905507013220	Imli tree ginger garlic paste 100g			
8905507013244	Imli tree ginger paste 100g			
4901119121944	Parle happy cake		31	
3047686401018	Everest Kutilal		100	
8905507019420	Tasty black salt 100g(8)			
3948719122644	Parle happy happy 400g(10)			
8905507000367	Wheat atta 10kg(3)			
8906016977119	Mayil Double Roasted Rava 500g		500g	
8905507028958	FC tasty peannuts 150g		35	
4901218124860	Parle Marie 300/g		17	
8905507001838	Appalam papad 200g		25	
8905507002675	Pb health drink classic 500			
8901786432011	Everest coriander 200g(2)			
8905507013237	Imli tree ginger paste 200g			
51011451	FC Dry Dates		200g	
8905507015170	Sharbati atta 1kg(10)			
0000927001791	Veg hakka noodles ( 6)			
4801859411117	Mixed pickle Mustard (11)			
8905507002286	Pulses arhardal 1kg (8)			
8905507025094	Rajma chitra 500g(12)			
8905507024721	Chana brown 500g (18)			
8905507020433	Kabuli chana premium 1kg(12)			
8901393020946	Alpenliebe (13)			
0981619013721	Tropicana mixed fruit delight juice			
8906009220598	Nutrifud Rich Milk milk cake		250g	
8906010366803	Town Bus Butter murukku		135g	
8905507020419	Masoor malka big 1kg (8)			
8905507002132	Pulses chana dal 2kg (8)			
8901414016408	Bikano all time mixture 250g(25)			
8901721000237	Prabhuji khatta meetha 400g(22)			
8901063365032	Britannia cake gobbles 30g	Britannia		
8908010694078	Curd		200g	
8901058900231	Maggie Souce		1kg	
8901023005817	Ezee		500g	non-food-products open-products-facts
8906078263229	Bourbon			
8901262140034	Delicious Fat Spread			
8902967210749	No.1 LUXURY		375ml	
8906023940021	Guruji			
8905507001791	First crop veg hakka noodles. 150g			meals pasta-dishes
3948721000176	Prabhuji khatta meetha 1kg			
0945927402257	Pulses Rajma chitra 1kg			
8901414000650	Bikano bikaneri bhujia 1kg		1kg	
51012915	First crop saboodana big 200g			
8901814003183	Viva		200	
8901522006308	Imperian blue		1.2Kg	
8906116780145	shatavari		100g	
8902246003703	Bear		650	
8908005204619	Amlamrut			
8904089325486	tajmahal ice cream	havmor		
3948721000695	Prabhuji aloo bhujia 1kg			
8904304711605	Suggi green peanuts			
8907661008593	combipack of mifepristone tablets lp and misoprostol tablets lp			
8906064655694	Mayo			
8901414008588	Bikano lajawab mixture 500g (sys)			
5907453004843	Cup noodles veggi manchow 50g			
8901414001176	Bikano peanut salted 200g		200g	
8908000381438	Durga peanut ball			
8902901224054	Good life APRICOT	Good life	100g	fruits-and-vegetables-based-foods fruits-based-foods fruits apricots
8901393015829	Alpenliebe gold (156g)		156g	
8901063325883	Britannia Toastea (217g)	Britannia		
8901063138131	Britannia nutri choice thin arrowroot 400g			
3147014003171	Top romen curry 280g			
8905507000961	Dairy		12	
4907532018816	Under eye gel		15g	non-food-products open-beauty-facts
8907790000338	Fruit mufflins	Ribbons & Balloons	60g	biscuits-and-cakes cakes muffins fruit-muffins
8901719127786	Melody Chocolaty	Parle	175.95g	snacks sweet-snacks confectioneries
8901216812574	KS body spray			non-food-products open-beauty-facts
6908012901015	Tata tea premium 1kg			
8903023007808	Suji	More	1kg	granulated-wheat semolina suji
8908000233249	Iyers papad long chips		1	
8901063342491	Atta sandwich		90g	
8901063325777	Britannia Rusk		50g	
8906005500397	Bikaji aloo bhujia 1kg		1kg	
8888115000113	Set vet		100g	non-food-products open-beauty-facts
4904464200005	Haldiram bhujia 220g	Haldiram's	220g	
8908019150438	Bombay hot Agra mox 400g		400g	
4007272751278	Bombay hot bhujia 400g		400g	
8906158650512	Rabgrace dite mix curry patta 350g		350g	
0816170023042	GAT EAA		345g	
8901063146426	Winking cow		180	
8904132932999	Unpo masoor whole 500g		500g	
8902901224467	Best farms soyabean yellow 200gm		200gm	
8904132932944	unpolished chana dal	GoodLife	1 kg	seeds legume-seeds pulses chickpea-lentils
8902901224917	GL kabuli chana 1kg		1 kg	
8902901232264	GL moth 500g		500g	
8902901224672	GL moong dal 500g		500g	
8902901224696	GL rajma chitra 500g		500g	
8902901225990	GL Panjabi mix 500g		500g	
8906002091058	Anik ghee 1 ltr		1 ltr	
8906002091034	Anik ghee 500ml		500ml	
8904422700215	Patanjali cow ghee 500ml		500ml	spreads spreadable-fats animal-fats milkfat
0926997283205	Fortune biryani spe basmati rice 1 kg		1 kg	
4901135025127	Dawat super basmati rice 1 kg	Daawat	1 kg	
8901537077669	Devaaya biryani basmati rice 1 kg		1 kg	
8904063253958	Rasmalai	Haldiram’s		
8901450012471	Denver		200ml	non-food-products open-beauty-facts
4906459650239	Rabgrace dite lite mix 350g		350g	
8902080001644	Sting		500 ml	
8901719122781	Parle Monaco 700g			
4901089704574	Mello jels		300g	
8906033743346	Mc vities ginger nut 120g			
8906005060044	cocojal pineapple		1	
8906055440728	Organic tattva moong dal yellow split 1kg		1kg	
8904132932906	GL unpo masoor dal 500g		500g	
8904146328108	Bong bhog rice 1 kg		1 kg	
8906008814095	Kohinoor ex lng basmati rice 1 kg		1 kg	
8906032018933	Patanjali dudh biscuits		150g	
8904422700734	Patanjali kali mirch papad		200g	
8908017770010	Mala Chanachur	Halder's	400 g	salty-snacks appetizers chips-and-fries crisps
8901262493215	Paneer fresh		200g	
8906071340514	Hhffb			
8906044540040	Pure gain		3kg	
8908007271077	Puthani chutney	Umadi's	200g	chutney-powder
8901585862880	Paan Kharek			
8906015501315	Chaupati Aloo Tikki	Keventer	400g	patty
8901565001322	Cheese Balls	Peppy		cheese-balls
8906042350689	pani Puri	naturals	100 grams	
8902433005398	Snickers Miniatures		132g	cocoa-and-its-products confectioneries bars chocolate-candies
8906017291412	Spyci	Bisleri		beverages carbonated-drinks sodas colas
9909404862027	Kachi Ghani Mustard Oil	Dhãra	1l	fats vegetable-fats vegetable-oils mustard-oils
8901764792335	maaza		1.2l	
0787099843700	Protine bar			
8902433005411	Snickers 13x Family treats		156g	cocoa-and-its-products confectioneries bars chocolate-candies
8902901222326	Best farms mace		30 g	
8906017400104	Thandai		750 ml	
8903363003744	Rava		1kg	
8904186401519	Lipqure			non-food-products open-beauty-facts
8906078264646	Non stop			
8904067711263	Jonson roasted peanuts			
8902346012407	Electral		21.80g	
8804258700055	Raw juice sugarcane			
8906033530816	Snapin		piri piri mix	
8901689010019	Mixed fruit jam		२५० gm	
8906042740053	Frozen Mixed Vegetables	Natural		vegetables-based-foods frozen-foods frozen-plant-based-foods frozen-vegetables
8906050591852	Banjaras			
8901595862658	Ginger Garlic Paste	Smith & Jones		ginger-garlic-paste
8902901127058	Good life doublebeans		500	
8906000210628	Cooker cake mix		1	
8906030680132	Guru ji mixture		150g	
4960486030006	Gurujee fryums			
8906030680231	Mixed mixture			
4906678020615	Butter Murukku - Spicy	Sharva's Snacks		fried-savouries
8916035452351	organic apple cider vinegar	bold fit	1 lit	morning-water
8908014602031	Ice pops	Skippi		desserts frozen-foods frozen-desserts
9909827277897	SUGAR BOILED CONFECTIONERY			
8902901130935	Good life raisin premium 200gm		200	
8902901227789	Best farms black cardamom		50	
8904132912748	Navaratan mix	Snactac	150g	snacks ready-to-eat-savouries
8902246003314	Haywards 5000 super strong soda			
8904067704944	Kaju Badam Lachha	Jabsons		plant-based-foods nuts-and-their-products nuts potato-sticks
8903363007056	Gulab Jamun	Royal	500g	desserts
8906000442401	Pure honey			bee-products farming-products sweeteners honeys
8901512890702	Tortilla Chips	Act II	150 gram	appetizers chips-and-fries crisps corn-chips
8901725119195	Yippee! noodles mood masala	Sunfeast	70 g	pastas dried-products-to-be-rehydrated noodles instant-noodles
8901648025887	Classic Vanilla Ice Cream	Mother Dairy		
0000151012280	Imli tree hing 25g			
0000151012914	Soya granules 200g			
8901207027383	DaburRED PASTE FOR TEETH & GUMS	Dabur	600g	
8906098027245	Kaprika			snacks sweet-snacks confectioneries
8902080304561	7 up			beverages-and-beverages-preparations beverages carbonated-drinks sodas
8904256721745	High Protein Mixture	BB Good Diet		
8901396173595	Harpic	Harpic	1L	non-food-products open-products-facts
8901063364462	Britannia Time pass Funsticks Tomato Twist	Britannia		snacks
8901042970493	MTR kadai paneer			plant-based-foods-and-beverages plant-based-foods flours
8906033424412	Kanha Tutty Fruity Cookies	Kanha		
8906005501271	Onion paratha			
8906055100028	Rajdhani besan		500	
8902420000160	ANS Next Gen Whey	ANS	1kg	dietary-supplements bodybuilding-supplements protein-powders whey-powder
7622202210365	DAIRY MILK MAHA 40RS	Cadbury	1.38kg	
8908016763150	AATA	ENERGY MAX	500g	
3948262152334	KOOL ROYAL ELAICHI	Amul	180ml	
8901192215017	Sabzi masala	Catch	50gm	
8901192216014	Garam masala	Catch	50 gm	
8901192103017	KASHMIRI MIRCH POWDER Catch	MDH	50gm	
8902167000829	MEAT KA MASALA	MDH	50gm	
8902167000836	CHICKEN MASALA mdh	MDH	100gm	
8901786530502	EVEREST Shahi Paneer	Everest	50gm	
9835500008772	SUBHASH pili mirch	SUBHASH	100gm	
8904351702670	JPSC ANAR DANA	Jpsc	50gm	
0089686017717	Mie sarimi 2 soto			
3964491366052	Kurkure YUMMY CHEESE PLAV	Kurkure 20rs	55gm	
8901491990226	SWEET CHILL Dorites	10rs		
8902901028324	Good life Mustard oil 5ltr			
8906001386001	CREMICA MALT AND MILK			
8906009070759	Unibic milk cookies 500g		15	
4901416130045	Happy happy 396g			
8901972061018	Nibbles ranch		5	
8906009073736	UNIBIC BIG BOLD choco blast			
8901719127519	Nutricrunch ginger snap cookies			
8901719122217	Crack jack	Parle	63	
8992775001011	Gery saluut tabur kelapa			
6953774643802	Parle milk			
8901928023701	Bisk Fram Eat-Fit Biscuts		2	
8901928412505	Biskfram zero suger free			
8902268013537	Anmol Marie 234g			
8901063142213	Britannia nutri choice 75g			
8908009059307	Milk Bread	Zero Maida		
8904258703527	Raw pineaple	532		
8901719129957	Parle hide seek			
8906032018810	Patanjaali biscuits	Patanjaali	800g	
0796554039619	Gajar Halwa White Brownie	Ditch The Guilt		
8906045141505	Micellar Casein Protein	Nutrabay Pure		
8904132937383	Meister Tango	Meister		non-food-products open-beauty-facts
8001030559775	NET VOL 5 m 8 l90103o 899775 APPROVED			
8906060310023	Deluxe Sliced White Sandwich Bread	Deluxe		plant-based-foods-and-beverages plant-based-foods cereals-and-potatoes breads
8906011145315	British Biologicals D-Protin	British Biologicals	500 g	dietary-supplements
8902901224795	GL rajma red	Good Life	500g	seeds legume-seeds pulses common-beans
6901247038402	dabur amla	dabur	450ml	hair-oil
8904132949010	Independence aata 5kg			
3948764021060	Thums up	Coca cola	750ml	beverages-and-beverages-preparations beverages
8906183980288	Pro Concentrate Rich Chocolate	Beastlife		
8901148239906	Ghg	Spagv	gvxx	
8904132973107	Raskik	Raskik	500ml	beverages-and-beverages-preparations beverages
0048107238988	Pure Isolate Chocolate Frosting	GNC AMP		
8992696525801	Baik Digunakan BPON www.nestle.co.id BPOM Kode Reg. Trademark of Socié			
8000030913211	Boost	Boost		beverages-and-beverages-preparations beverage-preparations
8901414038486	Bikano karake peanuts			
8904250602781	Isotretinoin	Acnetoin	10n	
8906011331091	Hydramoist	Aaryaanveda	200ml	
8907316000880	Poha	Mothers recipe		
8904258701967	Protein milkshake cold coffee	Raw pressery		
8901207039911	Dabur HAIR OIL Coconut			
8902442223295	Navneet Long Book	Navneet		non-food-products open-products-facts
8901088716574	Safola gold oil			
8906007284042	KINGS REFINED SOYABEAN OIL 1L			
8901023029547	Godrej Magic Ready to Mix Hand Wash	Godrej Magic	45g	non-food-products open-beauty-facts
7622201756932	Cadbury Oreo coco creme	Oreo		
8901499008312	Kellogg's corn flakes real honey (12)	Kellogg's		cereals-and-their-products breakfast-cereals flakes cereal-flakes
8904132928510	Aarambh Corn Flakes		1.2kg	cereals-and-their-products breakfast-cereals flakes cereal-flakes
8906110591198	Extra long 1121 premium basmati rice			
8901058008463	Maggi pichkoo	Maggi		protein
8904117900005	pro nature whole wheat flour	pro nature	5kg	
8904035417784	Lotion			
8901088064576	8 901088 064576&gt;			
8906117090052	Potato Popped Chips - Bhel	Brb		
8906010081171	COBRA			
8901512918208	Salted And Caramel Popcorn	Act II		
8906107170092	Chicken Ham	Prasuma		
8904238301460	FOGG Master Napoleon	Fogg		non-food-products open-beauty-facts
8901396354604	Dettol	Dettol		non-food-products open-products-facts antiseptic-liquid
8906026390076	Singada aata	Five star	100gm	
8906114820577	Soya chunks mini			
8901725015275	Dark Fantasy	ITC sanfeast	75g	
8908005461579	Smackers Lollipop Happy Pack	LuvIt	96 g	
8901030978579	Horlicks Chocolate	Horlicks	1kg	beverages-and-beverages-preparations beverage-preparations
8903363006608	Honey lemon green tea	Teacountry	37.5g	hot-beverages plant-based-beverages teas green-teas
4901244002439	Instant masala tea	Wagh Bakri	140g	
8906010501822	GIPPI	Balaji	gippi	cereals-and-potatoes cereals-and-their-products pastas noodles
3948440013792	Eastern Mutton Masala	Eastern	100g	
8901747000426	Navchetan	Wagh Bakri	250g	beverages hot-beverages plant-based-beverages teas
0094000543773	Avon halku			
8909081001147	Good Life W320 cashew	Good Life		nuts unsalted-nuts cashew-nuts unsalted-cashews
8906159660626	Dehaat Honest Green Cardamom	Dehaat Honest	50g	
8903023005569	More Sunflower Seeds	More	200g	
8906107175424	Everyday Herb & Lime chicken Breast By Meatigo	Meatigo		
8906108530765	Indi green chutney			
7622202025426	Dairy milk	Cadbury	134g	
8904132949676	Campa Cola	Campa		beverages-and-beverages-preparations beverages
8904287005401	Amore	Amore		biscuits-and-cakes biscuits-and-crackers biscuits wafers
4901075702256	Dark Chocolate	Hershys		
8906079111475	just mix sesame powder instant rice mix	sks	200g	instant-rice-mix
8904106400455	Ghee	Modern Dairy	500ml	animal-fats dairy-spreads milkfat butters
8901719125768	Hide & Seek Milano Chocolate Chip	Parle	75g	snacks sweet-snacks biscuits-and-cakes biscuits
8909106018280	Horlicks	New	10g	
8901063004221	Good Day Chocochip cookies	Britania	111g	
8903664052175	IRIS home freshnar			
8906002482870	Pedigree adult ckn & vegetables 2.8kg			
8904145912445	Pedicure chocolate flavour 200g			
8901542000065	Complan Kesar badam 500g cbd		5	
8901030960468	Horlicks Vanilla flavour Mother Plus 400g CBD		2	
8901030954665	Horlicks Vanilla flavour Diabetes Plus 400g Cbd		5	
8901030976056	Horlicks Classic Malt	Horlics	1 kg	
8901030865862	Knorr mast masal	Hindustan Unilever limited	280g	dried-products-to-be-rehydrated noodles instant-noodles instant-noodle-soups
8901725009892	Natural Litchi Fiber	Natural b	1 litter	
8903553136290	Ram Bandhu GARAM MASALA			
8901393019360	Alpenliebe			
8904057395831	HATSUN Table Butter			
8906002666041	KLF coconad Desiccated Coconut	KLF		dried-products fruits dried-plant-based-foods tropical-fruits
8904083303152	Milky Mist CurD	Milky Mist		dairy-desserts fermented-dairy-desserts yogurts curd
8901548147177	Peel off mask	Everyuth	8g	
8902901225228	Good life tadka mix	Goodlife	500g	
8902901232165	Good life Raw peanut	Googlife	1kg	
0797059265244	Nourcery Pizza Pista Seasoning	Nourcery	400 g	
8908001105460	Cardamom Seed Powder	Only	1, 52g	spices cardamom cardamom-powder cardamom-seed-powder
8906119261078	Lagom Seedless Safawi Dates	Lagom	200g	fruits-and-vegetables-based-foods fruits-based-foods fruits dates
8906002007455	Peanut butter			
8908010900247	peanut butter	pintola		
8901063343528	Vitarich Sandwich Bread	Britannia		plant-based-foods-and-beverages plant-based-foods cereals-and-potatoes breads
8902901045437	Maida	Maida	2kg	
8992803656374	Exp. Date : 8&quot;992803&quot;656374&quot; Exp. Date 8&quot;992803'65			
8904293729384	Flipkart Grocery Black Salt Powder	Flipkart Grocery	100g	condiments salts black-salt
8906161170397	Bevzilla 100% Arabica Classic Strong Coffee	Bevzilla	200g	beverages-and-beverages-preparations beverage-preparations instant-beverages instant-coffees
8906010261047	Gold Winner			biscuits-and-cakes biscuits-and-crackers biscuits oil-refined-sunflower-oil
8903754000840	Tata Coffee Grand Cold Coffee Belgian Chocolate	Tata Coffee Grand		beverages beverage-preparations instant-beverages instant-coffees
8908006267392	Dark chocolate 55%	2m CocoA	500g	sweet-snacks cocoa-and-its-products chocolates dark-chocolates
8901058005752	a+ masala millet	Nestle la laitiere	40g	condiments cereals-and-their-products breakfast-cereals spices
8901512558206	ACT II Butter Delight flavour popcorn	ACT II	150g	snacks popcorn
8906069401869	Chef's Special Pasta & Pizza Sauce Herby Tomato	Veeba	100g	condiments sauces pizza-sauces
8906095121434	Cashew Nuts	Wonderland Foods	1Kg	plant-based-foods nuts-and-their-products nuts cashew-nuts
8904132948563	Filtered Groundnut Oil	Independence	1 l	nuts-and-their-products nuts peanuts groundnut-oils
8901063401525	BRITANNIA			fermented-foods fermented-milk-products cheeses hard-cheeses
8909081001567	Aashirvaad Superior MP Atta	Aashirvaad		cereals-and-their-products flours cereal-flours wheat-flours
00303002	Vikram jaluthriya	Wein & Vinos	Vikram jaluthriya	vinegars wine-vinegars white-wine-vinegars xeres-vinegars
8908013746064	Cravova kiwi mojito		300ml	beverage-preparations syrups flavoured-syrups mojito-syrups
8906058610982	Gaia Muesli Mixed Fruit	Gaia	1kg	breakfasts cereals-and-potatoes cereals-and-their-products breakfast-cereals
0796554039732	kaju katli cheese cake	DIRCH THE GUILT	60g	sweet-snacks cocoa-and-its-products chocolates white-chocolates
8901401000465	Threptin Diskettes	Threptin	275g	biscuits-and-cakes biscuits-and-crackers biscuits dietary-supplements
89009758	Classic coffe	Nescafe	24gm	beverage-preparations coffees instant-beverages instant-coffees
8906120108904	Farmley Date Bites	Farmley		fruits-and-vegetables-based-foods fruits-based-foods fruits dates
8901058005509	Nescafe Sunrise	Nescafe		beverages-and-beverages-preparations beverage-preparations instant-beverages instant-coffees
8906131680291	slurrp farm Cereal	slurrp farm		breakfasts cereals-and-potatoes cereals-and-their-products breakfast-cereals
8901262260091	Amul Taaza	Amul	1L	dairies milks-liquid-and-powder milks
5059603179342	Original	Rage Coffee	100 g	fruits-based-foods beverage-preparations instant-beverages instant-coffees
8906010503581	GIPPI masala noodles	Balaji	420g	pastas dried-products-to-be-rehydrated noodles instant-noodles
8908015422553	Bharat Atta	Bharat	5kg	cereals-and-their-products flours cereal-grains wheats
8901262150095	Amul Gold Milk	Amul		dairies milks-liquid-and-powder milks
8904057396531	Hatsun Yoghurt Shake Strawberry	Hatsun		fermented-milk-products desserts dairy-desserts dairy-drinks
8901883001745	Hi-Five Banana Chips		200g	dried-products dried-plant-based-foods dried-fruits dried-bananas
8904124107442	Family Milk Pasteurised Homogenised Standarised Milk	Family Milk		dairies milks-liquid-and-powder milks
8901440023166	Turmeric Powder	Eastern	500 g	condiments spices turmeric turmeric-powder
8906002488551	Doublemint	WRIGLEYS		culinary-plants aromatic-plants herbs mint
3948063154025	Nutri choise essentials	Britannia	150 g	sweet-snacks biscuits-and-cakes biscuits-and-crackers biscuits
8901155106550	Khatta Dhokla	Gits	200 g	condiments culinary-plants aromatic-plants beverage-preparations
8901719132025	PARLE PREMIUM RUSK	Parle		plant-based-foods cereals-and-potatoes breads rusks
8904320015398	Peanut butter Creamy	Disano	924g	plant-based-spreads oilseed-purees legume-butters peanut-butters
0099044527406	Sunfeast Thin Arrowroot	Sunfeast		sweet-snacks biscuits-and-cakes biscuits-and-crackers biscuits
8901725100216	B Natural Orange	B Natural		plant-based-foods-and-beverages beverages plant-based-beverages fruit-based-beverages
8901058850680	MAGGI MASALA NOODLES	Maggi	280g	pastas dried-products-to-be-rehydrated noodles instant-noodles
8901725118341	Kitchens Of India Strawberry & Mint Fruit & Spice Conserve	Kitchens Of India		plant-based-spreads sweet-spreads fruit-and-vegetable-preserves jams
8901928272703	BISK FARM Chatpata	Bisk Farm		snacks sweet-snacks biscuits-and-cakes biscuits
8901063017887	5050 Golmaal Butter Garlic	Britannia		sweet-snacks biscuits-and-cakes biscuits-and-crackers biscuits
8901063402089	Dairy whitener	Britannia	1kg	dried-products milks dried-products-to-be-rehydrated dehydrated-beverages
8901262080118	Amulspray Infant Milk Food	Amul	200g	dried-products milks dried-products-to-be-rehydrated dehydrated-beverages
8908003392219	Peanut Butter Crunchy	Happy		plant-based-spreads oilseed-purees legume-butters peanut-butters
8903363001764	Dmart Premia Sabudana small	Dmart	500g	vegetables-based-foods vegetables tapioca sabudana
8901491410106	Uncle Chiprs	10 rs	24gm	salty-snacks appetizers chips-and-fries crisps
8901725006341	Sunfeast smoothies Litchi with fruit chunks 300ml	Sunfeast Smoothies	11	plant-based-beverages fruit-based-beverages juices-and-nectars fruit-juices
8904394734836	Creamy Peanut Butter	MaraNatha		plant-based-spreads oilseed-purees legume-butters peanut-butters
8901088081306	Saffola peanut butter	Saffola		plant-based-spreads oilseed-purees legume-butters peanut-butters
8906091148480	GXN Peanut butter	GXN		plant-based-spreads oilseed-purees legume-butters peanut-butters
8902901222487	Pepper Black	Good Life	100 g	condiments spices peppers black-peppers
8901393016635	Sour belt	Chupa chups		snacks sweet-snacks confectioneries candies
8901499023339	Muesli Fruit, Nut & Seeds	Kellogg's	75 g	seeds cereals-and-their-products breakfast-cereals mueslis
8901058868418	Rich Tomato Ketchup	Maggi	1	condiments sauces tomato-sauces ketchup
8901491981699	Lay's magic masala	Pepsico		salty-snacks appetizers chips-and-fries crisps
8901063017399	Britannia 5050 maska chaska (300g)	Britannia		snacks sweet-snacks biscuits-and-cakes biscuits
8998666003027	Cafe Blend	Kopiko	125g	beverage-preparations instant-beverages instant-coffees instant-powder-for-coffee-with-milk
7622201756697	Oreo	Cadbury	43.75g g	biscuits-and-cakes biscuits filled-biscuits biscuit-cookie-snack-w-chocolate-filling
8906036741080	Masala Tea	Ginni	500g	beverages hot-beverages plant-based-beverages teas
8905035001904	GITAGGED Guntur Chili	GITAGGED	1 kg	spices chili-peppers groceries indian-spices
8901063365216	biscafe	britannia	29.5g	snacks sweet-snacks biscuits-and-cakes biscuits
8901725016296	Dark Fantasy Bourbon Biscuits,	Sunfeast	120 g	snacks sweet-snacks biscuits-and-cakes biscuits
8901014000371	Geki Hot & Spicy Korean Cheese	Nissin	80 g	pastas dried-products-to-be-rehydrated noodles instant-noodles
8908004415054	Crunchy Nutty Peanut Butter	United Foods	12 oz	nuts-and-their-products plant-based-spreads oilseed-purees legume-butters
8906097402593	Kala Jeera	Zoff	50g	plant-based-foods condiments spices cumin
8906127550065	Organic Peanut Butter	Alpino	1 kg	nuts-and-their-products plant-based-spreads oilseed-purees legume-butters
8901719126970	Parle 20 20cashew biscuits	Parle	604g	variety-packs biscuits-or-cookies-variety-packs biscuits-or-cookies-perishable vegetarian
8908020170029	Eggs	Siddipet	6	farming-products eggs chicken-eggs
8904063240170	Classic Salted Peanuts	Haldiram's		legumes nuts-and-their-products nuts peanuts
8905507026381	Imli tree veg mayonnaise 250g			condiments sauces mayonnaises
0089000498871	Nestle Polo - The Mint With The Hole, 12g Pouch	Nestle SA	12g	snacks sweet-snacks confectioneries candies
8908014665296	French Yogurt	Mamie Yova	90g	desserts dairy-desserts fermented-dairy-desserts yogurts
8908014665289	French Yogurt	Mamie Yova	400g	desserts dairy-desserts fermented-dairy-desserts yogurts
8901030743047	Fresh Tomato Ketchup	Kissan	12	sauces tomato-sauces ketchup tomato-ketchup
8906005505224	Chips Cream & onion	Bikaji		salty-snacks appetizers chips-and-fries crisps
8901719112492	Hide & Seek Black Bourbon	Parle	100 g	biscuits-and-cakes biscuits filled-biscuits chocolate-sandwich-cookies
8908000385351	Masala peanut	Dev	150 g	nuts-and-their-products nuts peanuts spiced-peanuts
8908014665029	French Yogurt Blueberry	Mamie Yova	90g	dairy-desserts fermented-dairy-desserts fermented-dairy-desserts-with-fruits yogurts
8908003763057	potato chips	Maxvita	15g	salty-snacks appetizers chips-and-fries crisps
8906032019787	Marie biscut	Patanjali	250g	biscuits-and-cakes biscuits crackers wheat-crackers
8906069416092	Annardana Goli	Paansmith		snacks sweet-snacks confectioneries candies
8906027149116	Eggs	Suguna	30	farming-products eggs chicken-eggs
8902901011241	Quinoa	Good Life	500 g	seeds cereals-and-their-products cereal-grains quinoa
8901512144904	Peanut Butter 100% Natural Crunchy	Sundrop	924 g	nuts-and-their-products plant-based-spreads oilseed-purees legume-butters
8008660163648	Frutti di Bosco Confettura extra 50%	Buongiorno Natura		plant-based-spreads sweet-spreads fruit-and-vegetable-preserves jams
8904132953772	Independence dubar basmati rice 1 kg		1 lg	seeds cereals-and-their-products cereal-grains rices
0841165115549	Mr Noodles	Pran	40gm	pastas dried-products-to-be-rehydrated noodles instant-noodles
3281780055511	Pierre Martinet Mon taboulé a poulet à la ciboulette la barquette de 3	Pierre MARTINET		meals tabbouleh
0890600200494	Veg Mayonnaise	Dr.Oetker	250g	condiments sauces dips mayonnaises
8906142772923	SAYER DATES	Molsi's	1 kg	fruits-and-vegetables-based-foods fruits-based-foods fruits dates
8901393024500	Alpenliebe Gold Candy	Unknown		snacks sweet-snacks confectioneries candies
8904089313810	Vanilla Ice Cream	Havmor	90ml	frozen-foods frozen-desserts ice-creams-and-sorbets ice-creams
8905507002620	Masala potato chips 50g (40)			salty-snacks appetizers chips-and-fries crisps
0941038897487	nan pro formula milk nestle	nestle		baby-milks infant-formulas baby-milks-in-powder first-age-baby-milk-powder
8906067330031	Super Chicken Masala	Classic	200g	plant-based-foods condiments spices spice-mix
8903363007971	Bisky bites		300g	snacks sweet-snacks biscuits-and-cakes biscuits
8906009011318	sugar	parry's	500g	sweeteners sugars
8904132917040	Aarambh danedar Assam tea 1kg		3	beverages hot-beverages plant-based-beverages teas
8901972062930	creme 4 fun	dukes	150g	sweet-snacks biscuits-and-cakes biscuits chocolate-flavored-sandwich-biscuits
8992933231113	Pop Ice - Milk Shake chocolate			ice-creams-and-sorbets ice-creams ice-cream-tubs chocolate-ice-cream-tubs
8901512507709	ACT II Original	ACT II	33g	snacks popcorn
8904132913226	Snac tac Tomato Ketchup		600g	sauces tomato-sauces ketchup tomato-ketchup
8906080810237	Skimmed Milk Powder	Farmer Fresh	500 g	milks dried-products-to-be-rehydrated dehydrated-beverages milk-powders
8906059639906	Vanilla Milk Shake		180ml	dairies dairy-drinks flavoured-milks vanilla-milks
8904083300625	Milky Mist Cooking Butter - Unsalted	Milky Mist	500g	animal-fats dairy-spreads milkfat butters
8908000655201	Udhaya Krishna Ghee	Udhaya Krishna		animal-fats dairy-spreads milkfat butters
8906013033115	xpress bmasi masala	Wai wai		
8901088213974	Creamy Oats	Saffola Oats		
8906078160061	Bohut jolokia	ENE	200g	condiments sauces tomato-sauces hot-sauces
8906078160047	Ene bohut jolokia			
8997017570416	BINTANG			
8908004906002	Gonyle floor cleaner	Patanjali	1L	
0961466152804	Harpic lemon fresh	Harpic	1 l	non-food-products open-products-facts
8906069405119	Cheesy Melt Garlic	Veeba		
8904077200016	Khakra	Maniarr	200g	
8330396215330	Harpic lemon fresh	Harpic	500 ml	non-food-products open-products-facts
8901314571809	Colgate total12		240g×120g	non-food-products open-beauty-facts
8902979054058	Nyle Dryness Hydration	Nyle	300ml	non-food-products open-products-facts open-beauty-facts
8904256732536	Sliced Black Olives	Happy Chef		
8906065168599	Aloo Tikki	Itc		
8902901222227	Good life chilli powder	Good life	200g	condiments spices chili-peppers chili-powders
8906036677907	Butterscotch ice cream	Nandini		frozen-desserts ice-creams-and-sorbets ice-creams ice-cream-cones
8901262070973	Venezuela Ebony Twist	Amul	125 g	sweet-snacks cocoa-and-its-products chocolates dark-chocolates
8901052003839	Tata Tea Agni	Tata Tea	40g	beverages hot-beverages plant-based-beverages teas
8906074086808	aswins Donuts	aswins		sweet-snacks biscuits-and-cakes cakes doughnuts
8906151234498	Baked Pizza Sticks By Snackible	Snackible		
8903664058177	AIR KARPURE camphor pouch	AIR KARPURE	60g	
8904083302346	Greek Yogurt	Milky Mist		dairy-desserts fermented-dairy-desserts yogurts greek-style-yogurts
0117790000650	Pulled Steak & Roasted Veggies	Redefine		
8906083202268	Pan aromas (wonder series oceanic)	Air frshner	50ml	
8901023018114	Air matic surf blue	Godrej	220ml/134g	
8906107173635	pizza minis loaded chicken	prashna		
8906083202251	Pan aromas	Air freshner	50ml	
8901058007169	Nescafe Classic Instant coffee	Nescafé	4g	beverage-preparations instant-beverages instant-coffees instant-coffee-without-sugar
8906022070804	Organic Ginger With Honey	Natures Nectar		
8906040980376	Ragi glour	Hareena	500g	
8901774001632	Badshah chicken masala	Badshah	50gm	
8901774002103	Badshah chicken masala	Badshah	100gm	
3948786071005	Everest pav bhaji masala	Everest	100gm	
8901786151004	Everest meat masala	Everest	100gm	
8901774001670	Badshah chole masala	Badshah	50gm	
6285835000461	Sneakers Mini			snickers
8901747001164	Strong dust tea	Wagh bakri	1kg	beverages hot-beverages plant-based-beverages teas
8901052003846	Strong leaf tea	Tata tea	1kg	beverages hot-beverages plant-based-beverages teas
8901030918810	Brooke Bond Taaza tea	Brooke Bond	1kg	beverages hot-beverages plant-based-beverages teas
8909106014565	Red label natural care	Brooke Bond	575gm	beverages hot-beverages plant-based-beverages teas
8906017790090	Mohan lal tea	Mohan lal chay	1kg	beverages hot-beverages plant-based-beverages teas
8908003249391	Organic Cow Milk Pasteurized	Akshayakalpa Organic	500 ml	
8901030838552	Dove	Hindustan Unilever	3x75g	
8906018560074	Tea masala	Spyran	100gm	
3948747000341	Mili premium leaf tea	Wagh bakri	1kg	
8901774002172	Kitchen King masala	Badshah	100gm	
8901030807602	Taj Mahal	Brooke Bond	500gm	beverages hot-beverages plant-based-beverages teas
8908009477996	HealthyHey pea and rice protein powder	healthy hey	1 kg	dietary-supplements bodybuilding-supplements protein-powders
8904132974111	Campa energy drink 330ml			beverages-and-beverages-preparations beverages energy-drinks
8901063146464	Britannia Winkin' Cow pet	Britannia	1	strawberry-milkshake
8908002400021	Shreeji Gulab Jamun Mix	Shreeji		snacks sweet-snacks cooking-helpers
8904103307634	Manforce game Exotic Flavoured Condoms	Manforce	10	non-food-products open-products-facts
8901396704607	Extra Ribbed	Durex	10 N	non-food-products open-products-facts
8901138500443	cold balm rapid action	Himalaya	45 g	non-food-products open-products-facts
4005292008792	Xylitol Gum Lime & Mint Flavour	Impact Minis		snacks sweet-snacks confectioneries chewing-gum
8904022917785	Sovio			
8904214501679	Ratlami sev			
8901262153607	Protein lassi			
8908017442146	Chole with rice			
8901393019766	Chupa Chups Belt	Chupa Chup		
8901725003043	Bounce choco creme - Bounce			sweet-snacks biscuits-and-cakes biscuits chocolate-biscuits
8906145150117	Dark Chocolate Low Calorie Ice-cream	Noto		
8901233022321	Oreo Original chocolate sandwich biscuits			
8904132975439	Campa 2ltr			
4901062255055	Ginger chai	Girnar	140g	beverages hot-beverages plant-based-beverages teas
8903023198827	More Choice Jeera	More	500g	condiments spices cumin whole-cumin-seeds
8901747000341	Mili strong leaf tea	Wagh Bakri	1kg	beverages hot-beverages plant-based-beverages teas
8906010070151	Ganesh ata 5kg			
8901719133701	Parle elaichi toast	Parle	1kg	
8904011505009	CHEMBA PUTTUPODI	DOUBLE horse	500gm	
8904091128419	Scalpe Pro	Glenmark		non-food-products open-beauty-facts anti-dandruff-shampoo
8902080514045	Gatorade lemon flavour 500ml pet		6	
8901848000004	Rasna 20g cbd		6	
7622202031496	Cadbury Cocoa powder 150g pet		4	
4987176108630	maggi 2-Minute Noodles	Nestle	70 g	pastas dried-products-to-be-rehydrated noodles instant-noodles
8901052000722	TATA TEA premium desh ki chai	TATA TEA	180	beverages hot-beverages plant-based-beverages teas
8906112995390	high protein pav	protein chef		plant-based-foods-and-beverages plant-based-foods cereals-and-potatoes breads
8903363008428	Royal toast	D Mart	700gn	plant-based-foods-and-beverages plant-based-foods cereals-and-potatoes breads
8906010077914	Little Millet Shyama Rice	Ganesh	200 g	seeds cereals-and-their-products cereal-grains millet
8904287005418	Amore	Amore		biscuits-and-cakes biscuits-and-crackers biscuits wafers
8906066202292	Keya Lemon Juice	Keya	500 gm	fruit-based-beverages juices-and-nectars fruit-juices lemon-juice
8901537078215	Devaaya			
8991380220008	Sun Care	L'Oreal Paris	120 ml	non-food-products open-beauty-facts
8906087120582	Sams black hakka moodles			
8939117293574	Bawarchi	Poha	1 kg	
8902901222241	Turmeric powder	Good life	200g	
8902901232806	Flax seed	GL	100g	
8902901034417	Arva matarani rice	Good life	1 kg	
8906158700040	Khapli atta flour	Deccan Organic	1kg	
8906020730786	Savour Spice Valley Green Cardamom	Savour		condiments spices cardamom green-cardamom
8904083514091	Organic Masoor Malka-500g	24 Mantra	500g	seeds legume-seeds pulses lentils
8902901227178	Good Life W240 Cashew 500g pp	Good Life		
8906112667068	Californian Almonds	True Elements		plant-based-foods nuts-and-their-products nuts almonds
6291100191673	Date Crown chocolate Dates			
8905532000332	Chana Dal	Bharat Dal	1 kg	legumes seeds legume-seeds pulses
8904132912588	Petal sanitary napkin	Pads	XL 8pad (274mm)	
8901552020152	Ashoka mini potato schezwan samosa			
8901030985980	Horlicks Chocolate Delight flavour	Horlicks	500g	beverages beverage-preparations instant-beverages sweetened-beverages
0806447811465	Baik Digunaka Baik Digunakar			
8908018023108	Patanwala Pure ghee	Patanwala	1ltr	animal-fats dairy-spreads milkfat butters
8908018023030	Patanwala Masala milk	Patanwala	200ml	beverages dairies dairy-drinks flavoured-milks
8908018003445	Patanwala Chocolate shake	Patanwala	200ml	dairies dairy-drinks flavoured-milks milkshakes
4908023067467	Patanwala Blueberry lassi	Patanwala	200ml	fermented-milk-products dairy-drinks fermented-drinks fermented-milk-drinks
8908018023320	Patanwala Pure ghee	Patanwala	5ltr	animal-fats dairy-spreads milkfat butters
8901526600274	Garnier Turbo Bright	Garnier	50g	non-food-products open-beauty-facts
8903605017706	Soy sauce			
8906055440513	Poha	Organic tattva	500g	
8904083505808	Tur dal	24 mantra	1 kg	
8902901226492	Amchur powder	Good life	100 g	
8901030538018	Horlicks classic malt 750g			
3948719131165	Parle 20 20	Parle	Rs 10	
8902901222906	Good Life Poppy seed	Good Life	100g	plant-based-foods-and-beverages plant-based-foods seeds papaver-seeds
0084226303152	Milky Mist Curd	Milky Mist		dairy-desserts fermented-dairy-desserts yogurts curd
8903553121104	Ram Bandhu sambar Masala	Ram Bandhu		condiments
8903553000409	Ram Bandhu Lime pickle	Ram bandhu	500g	plant-based-foods-and-beverages plant-based-foods pickles plant-based-pickles
8908003623108	DNV ajwain	DNV	100 g	plant-based-foods condiments spices ajwain
8906010365592	GRB Mango Soan papdi	GRB		snacks sweet-snacks
8906014140157	Electro rehydrate	Amrutanjan	200ml	beverages-and-beverages-preparations beverages
8906012230010	Idli rava	Vijay	1kg	idli-rava
8901192103116	Kashmiri mirch power	Catch	100g	condiments spices chili-peppers chili-powders
8901512548504	Golden Sizzle	Act II		
8901052010318	Tea premium	Tata	250g	beverages hot-beverages plant-based-beverages teas
8906010090869	Dlecta 100 % cheese	Dlecta		
8906069400022	Thousand Island Dressing	Veeba		
8901725012878	Sunfeast caker Swiss roll with choco 115g	Sunfeast		
8906133312329	Karachi Bakery Multi Nutrition Cookies	Karachi Bakery	250gm	sweet-snacks biscuits-and-cakes biscuits-and-crackers biscuits
8906003656423	Three Mango Ginger Pickle	Three Mango	300g	plant-based-pickles spices ginger gari
8903363006868	Air freshener	Meadows	137g	air-freshener
8854961001499	Fuji plum			
8904463100128	Creatine			
8908023783059	Taste Box Tutti Fruity Slice cake 200g	Taste Box		
8901014011124	Top Ramen Atta Masala Noodles	Top Ramen	280g	pastas dried-products-to-be-rehydrated noodles instant-noodles
8908009092601	boyini, pochamallu	pochamallu	50	
8904082800638	Flying bird vanila essence			
8901030705847	shampoo			
8906009071954	Choco chip cookies			
4902607932165	raw peanut	good life	1kg	legumes nuts-and-their-products nuts peanuts
0041554546040	Gigi hadid			
8902979050890	Cavin's Strawberry Milkshake	Cavin's	1L	
7622202026645	Bournvita 14.4g pp			
8906003656089	Three Mango Tomato Pickle	Three Mango		plant-based-foods pickles plant-based-pickles tomato-pickle
8901207033728	Odonil Room Spray	Odonil	126 g	
6909047537316	Peanut butter Chikki	Roleks		snacks sweet-snacks confectioneries food
8908015676017	Mixed Sweet Potato Chips (Rock Salt & Pepper)	To Be Honest		
7622201763510	Tang mango 500			
8906034047795	povidone iodine oinment usp			
8901138508142	Body lotion	Himalaya	200ml	non-food-products open-beauty-facts
8906059639197	Almond Drink			milk-substitutes nuts-and-their-products plant-based-beverages plant-based-milk-alternatives
8902901222807	masterd big	good life	200g	
6294017112779	Nido	Nestle		
6281006824263	Mayonnaise			
8906009993737	Brownie			
8908011746363	Gluten Free Delicious Soft Kulcha	Sprinng	2 x 70 g	
3948764022272	Fanta			
8902281606792	tuspel ls	tuspel	100ml	
8908013172450	Mini Mocha Nut Fudge Protein Bar	Phab		
8906009994055	Elite Dreams Choco Brownie Cake	Elite		biscuits-and-cakes cakes chocolate-cakes brownies
8901058004816	Nestle class	chocolate	120g	
8901071701976	Hershey's	chocolate	100.8	
8901725000851	Sunfeast all rounder chatpata	ITC		
8901491003193	Instant oats mixed berries			
6348042025426	Dairy Milk CHOCOLATE		134g	
8906143891661	Whey Protein Concentrate	The Whole Truth	1KG	whey-protein
7622201762476	Dairy Milk Minis	Cadbury	119 g	chocolate-candies chocolates milk-chocolates milk-chocolate-bar
5060204123672	Eggon White Grade A White Eggs	Eggon Eggs	6 units	farming-products eggs white-eggs
8906069400114	VEEBA AMERICAN MUSTARD SAUCE	VEEBA		condiments sauces mustard-sauces
8906069400640	Peri Peri sauce	Veeba		condiments sauces
8904083505693	24 mantra peanut	24 mantra	500g	legumes nuts-and-their-products nuts peanuts
8906080604133	Protein Crunch	Paper Boat		sweet-snacks bars cereal-bars cereal-bars-with-nuts
8906082570252	Cornitos Roasted Cashew	Cornitos	25g	nuts-and-their-products nuts salted-nuts cashew-nuts
3948719127465	HIDE & SEEK Choco Chip Creme Sandwiches	Parle	400g	sweet-snacks biscuits-and-cakes biscuits-and-crackers biscuits
8906161670125	Layka Almond Florentine	Layka		snacks sweet-snacks
8902433003882	Galaxy Milk Chocolate with Fruit & Nut	Galaxy	100 g	chocolate-bar-with-fruit-and-nuts
8906059637285	Turbo Protein Milkshake	Epigamia		flavoured-milks dietary-supplements bodybuilding-supplements milkshakes
8904063282286	Haldiram's Nuts Plain Almonds	Haldiram's		nuts-and-their-products nuts almonds dry-fruit
8901262260374	Amul Cow Milk	Amul		dairies milks-liquid-and-powder milks
8908011491218	California Almonds	proV		plant-based-foods nuts-and-their-products nuts almonds
8908021366346	ala fresh coconut drink	ala fresh	250ml	beverages-and-beverages-preparations beverages
8903023289266	More Life Kodo Millet	More	500 g	seeds cereals-and-their-products cereal-grains millet
8906080600357	Paper Boat Drink Orange 150ml	Paper Boat	3	plant-based-foods-and-beverages beverages plant-based-beverages fruit-based-beverages
8902080002344	Gatorade zero sugar lemon lime	Gatorade	500 ml	sports-drink
8901725013066	Sunfeast Mom's Magic Cashew & Almond	Sunfeast		sweet-snacks biscuits-and-cakes biscuits-and-crackers biscuits
8906090574495	Karare Twisties Masala Blast	Too Yumm	65g	appetizers biscuits-and-crackers chips-and-fries crackers
9427142488021	Rajbhog natural jaggery	rajbhog		jaggery-from-sugarcane-juice
8906048501672	Protinex	Danone	18g	dietary-supplements bodybuilding-supplements protein-powders
8901058000290	Maggi 2 Minute Noodles	Nestle	70g	dried-products-to-be-rehydrated noodles instant-noodles instant-noodles-with-seasoning
8906001050711	Mixed pickle	Mother's Recipe	500g	plant-based-foods-and-beverages plant-based-foods pickles plant-based-pickles
8908003249063	Organic Farm Fresh Cow Milk	Akshayakalpa Organic	500 ml	dairies milks-liquid-and-powder milks
8906010500047	masala masti	Balaji	15g	chips-and-fries
8908013172238	Phab Protein Bar	Phab		dietary-supplements bodybuilding-supplements protein-bars
8901719129018	Marie	Parle		biscuit-whole
8903059383952	More Choice Raw Peanut	More	1kg	legumes nuts-and-their-products nuts peanuts
8908003249070	Akshayakalpa Malai Paneer	Akshayakalpa	200 g	fermented-foods fermented-milk-products cheeses paneer
8904424803785	Happilo Sultan Dates	Happilo	500g	sweet-snacks fruits-based-foods fruits dates
8901262173490	Vanilla ice cream	Amul		frozen-desserts ice-creams-and-sorbets ice-creams ice-cream-in-a-box
8908000258723	Extra Virgin Olive Oil	JIVO	1L, 912g	olive-tree-products vegetable-oils olive-oils extra-virgin-olive-oils
8904063226051	Kaju katli			
8901721000046	Prabhuji Bhujia - Muchy Masti	Haldiram's	28 g	appetizers biscuits-and-crackers crackers plain-salty-snacks
8901058005080	Munch Max	Nestle	38.5	snacks
8901439001786	Morton Oats	Morton	500g	seeds cereals-and-their-products cereal-grains oat
8904293704381	Ginger		250g	plant-based-foods fruits-and-vegetables-based-foods vegetables-based-foods vegetables
8904293728608	Flipkart Grocery Corn Flour	Flipkart Grocery	200 g	cereals-and-their-products starches cereal-starches corn-starch
8901826803702	Plain Dahi	Verka	350 g	desserts sweet-snacks dairy-desserts fermented-dairy-desserts
8906185460641	proV Multipack	proV		nuts-and-their-products dried-products nuts dried-plant-based-foods
8908015694325	Chatmola	Rinka's		snacks sweet-snacks confectioneries
8908014388034	Filter Coffee Liquid Brew	Trelish		plant-based-foods-and-beverages plant-based-foods coffees
8906065458232	choco stick jumbo pack	choco stick		snacks sweet-snacks
8906135092021	apis Royal Zahidi dates	apis		fruits-and-vegetables-based-foods fruits-based-foods fruits dates
8906007280259	Fortune Physically Refined Rice Bran Oil	Fortune	1L	cereals-and-their-products vegetable-fats vegetable-oils cereal-oils
8906007286039	Fortune Chana Dal	Fortune	500g	seeds legume-seeds pulses chickpeas
4906400744024	Kulfi	The Brooklyn Creamery		frozen-foods frozen-desserts ice-creams-and-sorbets ice-creams
8906005500557	Bijaji Peanuts	Bijaji	200g	plant-based-foods snacks nuts-and-their-products nuts
8901262202428	Curd	Amul	1 kg	milk-curds
8908013746217	Cravova Mocha Cold Coffee	Cravova		beverages-and-beverages-preparations beverages
8901063029309	Jimjam Pops	Britannia	70 g	biscuits-and-cakes biscuits biscuits-cookies-shelf-stable cream-biscuit
8906032010982	Nutrela Soya Chunks	Nutrela		legumes seeds legume-seeds soy-beans
8906131682059	sorghum puff	slurrp farm	20g	snacks
8906130900628	Choco Pie Orange	Orion	25g	sweet-pies chocolate-pies
8901499011398	Kellogg's Museli Nuts delight	Kellogg's	1 kg	cereals-and-their-products breakfast-cereals flakes cereal-flakes
8906005671820	Jeera Khakhra	Charliee	150g	snacks salty-snacks khakhra namkeen
0850016323637	nutrition shake	else nutrition	236ml	dietary-supplements bodybuilding-supplements protein-shakes
0608410874244	ketchup	orchad lane	230gm	sauces tomato-sauces ketchup tomato-ketchup
8901071732468	Milkshake vanilla Ice cream flavor	Hershey's		beverages dairies dairy-drinks flavoured-milks
8906090570961	Veggie stix			meat-alternatives meat-analogues
8901262260114	Gold Milky Milk	Amul		dairies
8904063253415	Roasted Chana Cracker Heeng Jeera	Haldiram's	42 g	snacks salty-snacks appetizers
8906143891753	Whey Protein Cold Coffee	The Whole Truth	210 g	dietary-supplements bodybuilding-supplements protein-powders whey-powder
8904474000882	Bonn Royal Bake White Bread	Bonn	400g	plant-based-foods-and-beverages plant-based-foods cereals-and-potatoes breads
8906143891296	The Whole Truth Coffee Cocoa	The Whole Truth	67g	bars dietary-supplements bodybuilding-supplements protein-bars
8903241110076	Pravin Mango Pickle	Pravin	1 kg	plant-based-foods-and-beverages plant-based-foods pickles
8905507001050	Imli Tree Red Stuffed Chilli Pickle	Imli Tree		plant-based-foods-and-beverages plant-based-foods pickles
8908005733331	Kesar Kulfi	WhiteCub	70g	frozen-desserts ice-creams-and-sorbets ice-creams ice-cream-bars
8901928014501	Rich Marie	Biskfarm	400g	sweet-snacks biscuits-and-cakes biscuits-and-crackers biscuits
8906020460010	Harvest Gold White Bread	Harvest Gold		plant-based-foods-and-beverages plant-based-foods cereals-and-potatoes breads
8906005508904	Bikaji mobile bhel chowpati bhelpuri	Bikaji	110g	snacks
8901719127144	poppins	Parle		sweet-snacks confectioneries candies hard-candies
8906080603006	smoked and roasted mix nuts	paperboat	200g	mixed-nuts
8908018651295	milkmix	troovy	200g	milkmix
8908016363039	multivitamin gummies	what's up wellness	30	gummies
8908009918284	oziva protein and herbs	oziva	500g	dietary-supplements bodybuilding-supplements protein-powders
4906434401375	nutri mix	little joys	350 g	milk-mix
8901058012897	munch crunchilious cereal	Nestle	18	cereals-and-their-products breakfast-cereals extruded-cereals filled-cereals
0900640031375	Protinex Cream Vanilla Flavour	Danone	18g	dietary-supplements bodybuilding-supplements protein-powders
8906081120236	Happilo Green Raisins	Happilo		dried-products dried-plant-based-foods dried-fruits raisins
8902901223804	Sago	Good life	500g	plant-based-foods-and-beverages plant-based-foods starches tapioca
8901262201995	Amul Buttermilk	Amul	310ml	dairies fermented-foods fermented-milk-products buttermilks
8906080604744	paperboat Swing Coconut Water	paperboat		milk-substitutes plant-based-beverages plant-based-milk-alternatives coconut-based-drinks
8906036670885	Pure Ghee	Nandini	1 l (905 g)	animal-fats dairy-spreads milkfat butters
8903363002792	Kismis Black - 200g	DMart Premia	200 g	black-raisins
8902579000264	Parle Bailey One	Parle		beverages waters spring-waters mineral-waters
8901262150378	slim 'n' trim Skimmed Milk	Amul		dairies milks
8908018906807	Troo Good Magic Masala Jowar Ribbons	Troo Good	25g	salty-snacks appetizers chips-and-fries crisps
8908020710102	Coffee Fudge	wholy	40g	snacks sweet-snacks confectioneries fudge
8904043554716	vanilla crem bun	Modern		plant-based-foods cereals-and-potatoes breads buns
8904043551326	Whole Wheat Chapathi (Indian Bread)	Modern	450g	plant-based-foods-and-beverages plant-based-foods cereals-and-potatoes breads
8908014814144	Pav	Mr Bakewell	180g	plant-based-foods-and-beverages plant-based-foods cereals-and-potatoes breads
8906106620062	Bell Whole Wheat Chapati	Bell	400g	plant-based-foods-and-beverages plant-based-foods cereals-and-potatoes breads
8906115981284	Roasted Flax Seeds	Himalayan Natives	150 g	seeds cereals-and-their-products cereal-grains flax-seeds
8901512939302	Snacko Honey Roasted Peanuts	Sundrop	100g	nuts-and-their-products nuts roasted-nuts peanuts
8906016414058	Ghee	Jersey		milks spreadable-fats animal-fats dairy-spreads
8906009501017	Full cream milk	Chitale	500ml	dairies milks
8902080614059	Duke's			beverages-and-beverages-preparations beverages waters
8906125981403	4700BC Popcorn	4700BC		snacks sweet-snacks popcorn popcorn-with-caramel
8901764952029	Honest Tea with organic green tea Mango flavoured	Honest Tea		hot-beverages plant-based-beverages teas green-teas
8906161670163	Loyka Almond Brittle Dates	Loyka		snacks sweet-snacks confectioneries
8906066851452	Natureland Organics Barley Dalia	Natureland	500Gm	cereals-and-their-products breakfast-cereals flakes cereal-flakes
8901725001063	Aashirvaad Double Roasted Suji Rava	Aashirvaad	1kg	seeds cereals-and-their-products cereal-grains wheats
8901058009712	Maggi Masala Veg Atta noodles	Maggi	51g	dried-products-to-be-rehydrated noodles instant-noodles whole-wheat-noodles
8907848000006	Toned Milk	Vijaya	200ml	milks-liquid-and-powder milks pasteurised-products pasteurised-milks
8906059638732	Epigamia Refresh Lassi	Epigamia		fermented-milk-products dairy-drinks fermented-drinks fermented-milk-drinks
8901262152341	Amul Kool Premium Kesar Flavour	Amul	180ml	beverages-and-beverages-preparations beverages dairies dairy-drinks
8908008674785	Wafer richeese	Nabati		sweet-snacks biscuits-and-cakes biscuits-and-crackers biscuits
8901063017795	5050 Golmaal	Britannia		sweet-snacks biscuits-and-cakes biscuits-and-crackers biscuits
8901262178198	Epic Choco Almond with Beligian Chocolate	Amul	80 ml / 55 g	ice-creams-and-sorbets ice-creams ice-cream-bars chocolate-ice-cream-bars
8908010900087	Pintola organic peanut butter	Pintola	350 g	plant-based-spreads oilseed-purees legume-butters peanut-butters
8904327600382	Myfitness Original Peanut Butter (Smooth)	Myfitness	510 g	plant-based-spreads oilseed-purees legume-butters peanut-butters
8904355911917	Upsnac Sweet Cinnoman Peanut Butter	Upsnac		nuts-and-their-products plant-based-spreads oilseed-purees legume-butters
8904067700304	Classic Hand Roasted Peanuts	Jabsons	150 g	nuts-and-their-products nuts roasted-nuts peanuts
8906005504395	Tana-bana	Bikaji	1 kg	snacks
0890497000412	Naan Rounds	Stonefire 12 Flatbreads / Pain	360 g - 12 pc	breads flatbreads naans naan-rounds
8901725010805	Super Millets Ragi And Jowar Cookies	Sunfeast	75 g	snacks sweet-snacks biscuits-and-cakes biscuits
8906069402705	Classic Egg Mayonnaise	Veeba		high-fat
8906117363637	Makhana Chatpati Imli	Country Delight	20 g	fox-nuts
8901764362606	Minute maid	Coca-Cola Company	1	beverages plant-based-beverages fruit-based-beverages beverages-with-orange
8901042970035	Seviyan Vermicelli	MTR	850 g	cereals-and-potatoes cereals-and-their-products cereal-semolinas wheat-semolinas
8901207032677	Dabur Real Activ Coconut Water	Dabur	200ml	beverages-and-beverages-preparations beverages
8906020491656	Motichur Laddoo	Lal	200 g	pulses-based-sweets
8906127700002	Talod Nylon Khaman Flour	Talod		plant-based-foods-and-beverages plant-based-foods flours
8801073114005	Buldak Hot Chicken Flavour Ramen	Samyang	140g	plant-based-foods-and-beverages plant-based-foods pastas noodles
19066554	Oats Digestive	UNIBIC	150 g	oats-digestive-biscuit
8902901223972	W320 Cashew	GoodLife	200g	plant-based-foods nuts-and-their-products nuts cashew-nuts
8906064657476	Peri Peri Seasoning	wingreens farms	50g	condiments
8906064651481	Cheesy Jalapeno Sauce	Wingreens Farms	180g	condiments sauces
8906107170191	Momos Vegetable and Paneer	Prasuma	10 N	frozen-momos
8906080600920	chikki	Paper Boat	16 g	nuts-and-their-products bars nut-bars peanut-bars
8904272600857	Storia Mango Juice 750ml	Storia	3	plant-based-foods-and-beverages beverages plant-based-beverages juices-and-nectars
7622202210372	Dairy Milk Chocolate	Cadbury		snacks sweet-snacks cocoa-and-its-products chocolates
8903363002778	Dmart Premia Raisins Indian (Golden)	Dmart Premia	500g	dried-products dried-plant-based-foods dried-fruits raisins
8901052007219	Tetley Immuno Chai	Tetley	200g	beverages hot-beverages plant-based-beverages teas
8908009059246	Zero Maida Protein Bread	The Health Factory	250g	plant-based-foods-and-beverages plant-based-foods cereals-and-potatoes breads
8906069840392	Adrak Elaichi Chai Tea	Chaayos		beverages-and-beverages-preparations beverages tea-based-beverages
8904405987985	Elvish	Elvish	600ml	beverages-and-beverages-preparations beverages
8904063210678	Roasted Crushed Peanuts	Haldiram's		nuts-and-their-products nuts roasted-nuts peanuts
8906167242951	Tamarind Whole	Whole Farm	500 g	raw-tamarind
8903236680003	Cosmix Plant Protein	Cosmix		dietary-supplements bodybuilding-supplements protein-powders
8902901225891	Good Life Rice Flour	Good Life	500g	plant-based-foods-and-beverages plant-based-foods flours
8906014903592	Muesli Fruit & Nut	Kwality	1 kh	cereals-and-their-products breakfast-cereals cereals-with-fruits mueslis
8901440043058	Eastern Mustard	Eastern	100g	condiments
8901063410312	The Laughing Cow	BRITANNIA	120 g	cheeses spreads salted-spreads cheese-spreads
8906023649832	Thirumala Curd	Thirumala		dairy-desserts fermented-dairy-desserts yogurts dairy-by-products
8904145912315	Ensure Diabetes Care Vanilla Delight flavour	Abbott	400g	beverages-and-beverages-preparations
8903363010025	Nutri Delite Muesli	Nutri Delite		breakfasts cereals-and-potatoes cereals-and-their-products breakfast-cereals
8906014640053	Dalda	Dalda	1 kg	plant-based-foods fats vegetable-fats vegetable-oils
8908014658489	kettle style cream and onion	the theather project		salty-snacks appetizers chips-and-fries crisps
8906010720018	Aava Mineral Water	Aava	1L	beverages waters spring-waters mineral-waters
8908000097681	Healthy Breakfast Cereal	Gaia	400g	cereals-and-their-products breakfast-cereals cereals-with-fruits mueslis
8901725015879	Dark Fantasy Choco Fills	Sunfeast	300g	sweet-snacks biscuits-and-cakes biscuits biscuit-cookie-snack-w-chocolate-filling
8906027120665	SAMS			
8906037151437	Bail juice		700 ml	
8906021560085	masala boondi			
8901248713016	Abyadhi modhak		30 tablets	non-food-products open-products-facts
8906158650376	Rabgrace Panjabi mix 350g		350g	
8906158650383	Rabgrace Panjabi tadka 350g		350g	
0946109040106	Candy		100g	
8904277700026	BB foundation cream		60ml	non-food-products open-beauty-facts
8483033143746	Ginger nuts			
8908012692171	Skin Fuel	Wellbeing Nutrition	1	
8904013460023	Darjeeling Tea		250g	
8902901224610	GL chana dal 1kg		1 kg	
4902607224918	GL kabuli chana 1kg		1 kg	
8904132932890	GL unpo chana dal 500gm		500gm	
8904132926790	Gl soya granules		200g	
8902901224849	GL urad whole 500g		500g	
0940947025127	Dawat super basmati rice 1 kg		1 kg	
8902901036114	Sona masoori rice 2 kg		2 kg	
8902901223156	GL idle rice 1 kg		1 kg	
8904422704770	Patanjali digestive biscuit		100g	
8901117252608	Cipla kids Levosalbutamol Levolin cough Syrup		100ml	non-food-products open-products-facts
8901725000370	Sunfeast marie light active		600g	
8908008011351	Jaljeera Drink	Vita		
8906055440179	Cowpea white 500g		500g	
8904043926421	Tata smp unpo green moong 500g		500g	
8002901124917	GL kabuli chana 1kg		1 kg	
8904132933002	GL unpo moong whole 500g		500gm	
8902901232363	GL soya chunks 200gm		200g	
8902901222548	GL Panjabi mix 500g		500g	
8901262030267	Amul pur ghee 500ml		500ml	
8906002091027	Anik ghee 200ml		200ml	
0669025101132	IG bas rice clasic 1 kg		1 kg	
8906007289504	Fortune biryani classic prim basmati rice 1 kg		1 kg	
8902901034226	GL biryani basmati rice 1 kg		1 kg	
8902901036251	Parmal raw rice 2 kg		2kg	
8902901223286	GL jeerasar rice 1 kg		1 kg	
8901781000109	Sunrise garam masala		7g	
8908012768043	R M Maharaj Kaka Jeera		50g	
8901781001021	Sunrise pure panch phoran		25g	
8906099360136	Green chilli sauce		200g	condiments sauces hot-sauces
8901248226141	Emami Mento plus balm		9ml	non-food-products open-products-facts
8906067025227	Nansj		200	
8908008011467	vita		500 gm	
8901396152002	Power Plus 10x Max Clean	Harpic	200ml	non-food-products open-products-facts
8908005144052	multigrain energy bar	yogabar	228g	bars dietary-supplements bodybuilding-supplements energy-bars
0449161008003	vimbar	vimbar	5 ml	non-food-products open-products-facts
8908000137080	Nice Peanut Chikki Energy Plus	BMS Sweets	175g	
8906043700766	Omfed		200g	
8906034251918	Ikin hair removal		60g	non-food-products open-beauty-facts
8906087778646	Glow oil control compact	Mama Earth	9g	non-food-products open-beauty-facts
8906036300027	peanut chikki	karia's	100 g	snacks brittle peanut-brittle
8908001588331	Idly and Dosa Batter	Asal	1 kg	batters
8901399084515	glucose		1kg	
8906015551556	Gadbad Mixture	Nenimemi		snacks
8906033661367	Soan papdi Nagpur Orange	Sur Dhenu	500g	snacks sweet-snacks confectioneries
8901491002707	Chaat Fills Bhel Chutney Twist	Kurkure		fried-snacks
8906046761597	Harry syp 225ml			
8906038783187	Gai Ka Shuddh Ghi	Shri Shri		
8904132917330	Healthy chocos			
8904083315056	Dairy Whitener	Milky MIst	500 g	
8901052087600	Tetly tea			
8901030641640	Wheel		500 g	non-food-products open-products-facts
8902901223248	Good life boiled kolar rice		1kg	
8906024370643	Jeeru 1l			
8906024370186	Jeeru 500 ml			
8901440206309	Eastern chilli chicken masala		100	
8902901108880	SHREE			
8998667100046	Feminax			non-food-products open-products-facts
8906120586276	Coffieine			
8906087772873	Mamaearth bhring amla hair oil		250ml	non-food-products open-beauty-facts
8906070060192	Corn Mixture	Sharva's Snacks		fried-mixture
8904083506218	Organic Ragi Flour	24Mantra	500 g	finger-millet-flours
8906162070795	Mota Boondi Laddu	Almond House	250 g	
8904256722698	Madras Mixture	Tasties	150 g	snacks
8903363011350	Dryfruit Mix	Premia	500 g	fruits-based-foods dried-products dried-plant-based-foods dried-fruits
8994591080010	CDR BIRU FORTOS ISI 10	Bayer		
8903241110045	Mango Pickle	Pravin	500 g	pickled-mangoes
8904132933026	Good life masoor whl blk		1kg	
8906071887743	Creme Bakes	Lavian Exotique	21g	snacks sweet-snacks biscuits-and-cakes cakes
8904132916067	Snactac khatta meeta			
8993838008787	Guardian Dental Floss			non-food-products open-beauty-facts
8903363010193	Bhagar	Premia	500 g	seeds cereals-and-their-products cereal-grains millet
8903363002327	Rasgulla	Royal	500g	snacks desserts sweet-snacks confectioneries
8901207046810	Koolerz Mango	Dabur	135 ml	beverages plant-based-beverages juices-and-nectars fruit-and-vegetable-juices
8901393015836	Alpenliebe gold cream strawberry flavor candy 152g		152g	
8901177104909	Moov		1	non-food-products open-products-facts
8906044150461	Tissue			non-food-products open-products-facts
8904084900633	Imitation Snow crab			seafood
8901262040051	Shrikhand	Amul		
8901248702041	Kesari Jivan	zandu	900g	
8908006824434	Plain Yogurt	Parag		
8901928292008	Sugar free			
8906035141522	Chipo gathiya		120g	
8906110190155	Healthy Munchies Roasted Nine Grain Mixture			roasted-grains
8904248980044	Vitamin d LORD'S HOMOEOPATHIC			
8904248980006	Vitamin D			
8908019150223	Bombay hot hing papdi 240g		240g	
8906158650109	Rabgrace bhavnagri 350g		350g	
9090314890108	Candyz orange 100g		100g	
8904109451881	Kesh kanti natural hair cleanser		5.5ml	non-food-products open-beauty-facts
3948721000626	Prabhuji jhal chanachur 1kg (22)			
8906064655663	pizza pasta sauce 450g		1	
8901548100394	Nutralite mayo 300 g			
4906160844040	Greens chipoti mayo 80 g			
8901058869088	Nouille masala	Nestle		
8902080000845	Guava delight	Tropicana		
8906067023001	High Calorie Gainer, Chocolate Flavour	Muscleblaze		
8908014650018	Chic nutrix hair			non-food-products open-beauty-facts
3194063577061	Kitkat sense	KitKat		
7613035051911	Nestle toffee crisp			
0726472031730	Roasted makhana		75g	
8901719129223	Parles wafers		75g	
8906030680149	Gurujee Ompudi Thin		150g	
8901512681201	Sundrop heart oil		3 L	
8904150503638	Pillsbury gold atta 5kg	Pillsbury	5KG	
8909691000004	Pain de mie seigle graines	La boulangère		
0948446406102	Amba Bhadang	Amba	30g	snscks
8901030702020	Tresemme shampoo		340ml	non-food-products open-beauty-facts
8908010238609	Pro skin			
0667554448261	pink chiffon	bath and body works	236ml	
8902269520263	Electrokem	Schreiber dynamix dairies	200ml	beverages-and-beverages-preparations beverages
8906009532172	Max Protein Daily Choco Almond	RiteBite	50g	bodybuilding-supplements energy-bars protein-bars protein-energy-bars
8901848000134	Rasna	Rasna	1gram	
8904004400861	Nagpur, Maharashtra,			
8908006014040	Dahi	vachan	200g	dairies
8904132948181	Campa Orange Flavour 500ml		12	
8908010238593	Pro skin			
8901399001819	Max Kleen			
8901262202299	Amul High Protein	Amul		
0946223490849	TATA soulfull masala oats			
8904221694715	Whey	Atom asitis		
8904089253017	Rusk	Milkmade	250g	
8904293719507	Mouthwash	Flipkart SmartBuy	250ml	non-food-products open-beauty-facts
8906079572962	Dhatu Brown Top Millet	Dhatu	250 g	seeds cereals-and-their-products cereal-grains millet
19061658	Biozyme Whey PR	MuscleBlaze		
8997217370526	Camel kuning 12			
8901207035500	Dabur homemade chutney			
8906069400091	Marinara Pizza & Pasta Sauce	Veeba	310 g	condiments sauces pasta-sauces
8904103330731	EPIC condoms	Man force	10g	
8901595972555	Sehezuan masala			
8906078180717	Dnv red chilli sauce			
8903285313808	Panasonic LED Bulb 9W	Panasonic		non-food-products open-products-facts
8906086110027	conitenental vegetables sauce	N--pure	980g	
3904425422553	Good Life Ragi Flour	Good Life	1kg	cereals-and-their-products cereal-grains millet finger-millet
8906049670636	Masala	Masala	masala	
8906151420235	Laxminarayan mix farsan	1		
8903363008435	Yellow Chana	DMart Premia	200g	legumes seeds legume-seeds pulses
8906067026392	Fuel One	MuscleBlaze		
0265152002672	Best Before: Crimp See on MRP: (nclusive of all taxes) (nclusive of fa			
8902433005763	70%coCÓA			
8901652140897	Marie lite biscuit	Priyagold	40g	marie-lite-biscuit
8993351122625	GREENFIELDS	2	RH-30	
8902328013613	Ors	Galpha's	21.8g	
8901063017580	50 50 potazos			
8906035140686	Chipo		150	
8904124117083	Ananda ghee 1ltr		1 ltr	
8909060040754	Yogurt cheese cake and strawberry 3%	Yoplait		
8904083320623	Milkymist Strawberry Icecream			
8906072845452	White peanut	All fresh	90 gm	
8906072845407	Peanut candy	Jack & jill	100 g	
0881314858125	ISO WHEY	BMXX - BODYMAXX SPORTS NUTRITI	2000g	dietary-supplements bodybuilding-supplements
8901030984709	Clinic Plus+ Shampoo	Clinic Plus	50ml	non-food-products open-beauty-facts
8906011145247	Medislim			
8906111540799	FUN FLIPS ( HOT & SAUCY )	Terrestrial Foods Limited		
8090011773521	HYOXY MINERAL WATER 500 ML 10 RS.	Hyoxy	500 ml	beverages-and-beverages-preparations beverages
8904041744133	Granola	Sante		
8906093850343	Xtra charge	Sprey	12 ml	
0356995203200	Pulpy			
8904018305848	Medimix Ayurvedic		4 x 125 g	
8904132954885	Campa	Soda	500	
9224942135144	Kopi cleng			
8901748000166	Ruchi Coriander	Ruchi	100g	
8908001631013	Milk aroma HOMOGENISED STANDARDISED PASTEURISED			
0948449709774	Ginger			
6965432110892	Finger lollipop			
8906044992849	Alo Frut Kiwi 300ml	Alo Frut	3	juice
8908003249544	Cheddar Slices	Ak		
8906027540043	Amina mhendi			
8904272600062	Storia Banana Shake 180ml		3	
8852111028402	Sardine in Oil	Golden Prize		
7906119872985	scrub	Jiden	250	
8901014012213	NCODIES SEA FOOD CURRY 70g			
8901246007360	Penne Rigate (100% Durum Wheat Semolina)	Del Monte		
8906010503512	Balaji wefer			
0890085695365	Chocoprotein	Vitaminese		
8908019726107	Waffle Chocolates 1 cookie	Nova Nova		
8904132917217	Hot and soursoup	Snaefae	40	
8902901044454	Sure water 1ltr			
8906153883892	Two Brothers Thandai Drink Mix	Two Brothers	150g	beverages-and-beverages-preparations beverages thandai
8906027773441	Nylon Til Dal	AGRIRICH	250g	
8901719258619	Bourbon	Hide & seek	70 g	
8902710508697	Chco			
8658080500044	Gatorade orange flavour 500ml pet			
8902618012265	Eva	Sweet	150ml	
8906102210595	Marvel tea 1kg			
8906055440278	Organic besan		500g	
8906009532158	Max Protein Ultimate	Rite bite		
8901063164291	Tiger biscuit			
8901441011025	udad papad		1	
8908001158862	FOGG	Body spray	150ml	
8924455620670	Star garam masala	Vantillu spices	10g	
8906027770747	shakti Smart Choice for healthy family		500g	
8924455668016	RAGI FLOUR			
8906079510704	BLACK RAISINS MADE FROM PREMIUM QUALITY NUTS SEED LESS			
8904335601296	Musli	Yoga bar		
8906129221178	Kajubadam lassi	Chass wala	200ml	
8906010500023	POTATO WAFERS	Balaji		snacks salty-snacks appetizers potato-wafers
8906095123629	Wonderland almond		500g	
8906003927875	Kishlay	Kishlay		snacks
8906142021182	Super garcinia	Plix		
8901023012235	NO. 1 sandal turmericnatural oils		150×3 + 150 free	
8901399005305	SANTOOR Skin Moisturising Sandal & Turmeric		4×100g	
8901030896361	Closeup		2×150g	
8901207041679	Dabur MESWAK PURE MISWAK EXTRACT FAMILY SAVER PACK		500g	
8901207027420	DaburRED PASTE FOR TEETH& GUMS		200g Paste +100g Pas	
8904293725881	TOMATO Flipkart DeLSH Fipkart		800g	
8901030868979	POND S MAGIC freshness talcum POWder		50g	
8904013420072	Goodrick khass		250 g	
8901262020671	Cheese Sauce Green Chutney	Amul		
0005241511445	Apple Vinegar	American Garden	473ml	
8908022697272	Jamun freeze dried	Cafune's	35gm	plant-based-foods-and-beverages plant-based-foods freeze-dried-foods freeze-dried-plant-based-foods
8906131681212	Banana choco chip millet pancake mix	Mille A Supergrain Co.		
8902710508680	Choco			
8906151910330	Sweet Bread	Haiku Tastes Like Home	350 G	
8853301400084	Whiskas Tuna Flavour 3Kg			
8906078180854	Kala bori			
9089879457017	PERFUME HARMONY - 110 Gm	MANGALMAY FRAGRANCES BRAND / A		agarbatti-products mangalmay-fragrances-brand
9089879457024	FLOWER BUCKET - 120 GM	MANGALMAY FRAGRANCES BRAND / A		agarbatti-products flower-bucket-120-gm mangalmay-fragrances-brand
8908009082084	Shareat foochka	1		
8904050704067	MADE IN INDIA			
8908008103469	Peanut Butter Unsweetened	The Butternut Co.		
8901148246102	Rebalanz vitors	Dr Reddy's	200 ml	oral-rehydration-solution
8906009531533	Choco Classic Bar	Max Protein	50 g	bodybuilding-supplements energy-bars protein-bars protein-energy-bars
7001716001674	Yeppi			
8901052031504	Kanan Devan Strong	Tata Tea	500 g	tea-powder
8906010500221	Balaji Wafers Mung Dal	Balaji		fried-and-salted-green-gram
8904063219572	Punjabi Pakoda	Haldiram's		fried-savouries
8901262178075	Chocolate Magic Sundae	Amul	1 l	desserts frozen-foods frozen-desserts ice-creams-and-sorbets
8901808004516	Pasta Sauce Red Tangy Salsa	WeiKFiELD	200 g	condiments sauces pasta-sauces
8904246910470	Priya tomato pickle	1		
8901207034145	Amla Juice	Dabur	1 l	amla-juice
8901088887557	Soya Bhurji Magic Masala	Saffola		soya-bhurji
8904335602392	Daily 10g Protein Bar	Yoga Bar		dietary-supplements bodybuilding-supplements protein-bars
8901725113186	Paneer Makhni	ITC Master Chef		culinary-pastes
8904053506408	Chhole Masala	Goldiee		mixed-spices
8906043520944	Mirch Powder	Munshi Panna	200g	plant-based-foods-and-beverages plant-based-foods condiments spices
8904145933525	Eptoin			
8904063240224	Namkeen	Haldiram's	20	
0804883000405	Chat Masala (Mix spices powder)			
89009314	Barone		1	
8000500257340	tic tac			
8904109471490	Chyawanprash	patanjali	750 g	herbal
8906059936081	Origo Fresh Indian Raisins			
8901560090284	pasta		200g	
3948662037910	SUHANA MISAL MASALA			
8906102540098	Assam tea		strong & refreshing	
8906015612370	Hangyo Belgian Choclate Icecream			
8904173504872	Natura RAMSONS		100ml	
8901058855845	Lactogen 2	Nestlé		
8906027713935	Lassi			
8906006430594	All Out Ultra	All Out		non-food-products open-products-facts
8904063218155	Haldhiram ALOO BHUJIA 410g	Haldiram's		snacks
8901058003215	Nestle Lactogrow	Nestlé		energy-drink-mix
8997011930612	Ladaku merica bubuk			
8901030891847	Kwality Wall's Cornetto - Butterscotch	Kwality Wall's		desserts frozen-foods frozen-desserts
8906049780700	Kenty's Badam Flavoured Milk	Kenty's	200 ml	beverages dairies dairy-drinks flavoured-milks
8903363009708	CHANDAN SPARSH GOLD With pure sandalwood oil		450g	snacks sweet-snacks cocoa-and-its-products chocolates
8908011201145	Waffle chips Dark chocolate and sea salt	Waffle Mill		
8901262153355	Amul Kool	Amul		
4987176073099	Head & Shoulders Anti Dandruff Shampoo Cool Menthol	Head & Shoulders	340ml	non-food-products open-beauty-facts
8906023416373	Coffe milk shake	Milkshake	180ml	
8901207036712	Dant Rakshak	Dabur	350g	non-food-products open-products-facts
8906001052777	Mothers piccle			
8990090311501	Sariayu Putih Langsat Facial Foam	Sariayu	75g	non-food-products open-beauty-facts
8908009186461	SPORT EVOLVE PERFORMANCE PLANT PROTEIN -TROPICAL MANGO	Plix	1 kg	dietary-supplements bodybuilding-supplements protein-powders
8906009820415	DALIYA	Silver coin	500gm	
8901968335659	Vegetable cutlet			
8902167001314	DEGGI POWDER mdh	MDH	50gm	
8902167000775	PAV BHAJI MASALA mdh	MDH	50gm	
8901786150502	EVEREST Meat Masala	Everest	50	
8901786240500	EVEREST Cumin jeera	Everest	50gm	
8903550001348	SUBHASH MUSTARD POWDER	SUBHASH	100gm	
8904351700171	SUBHASH) rai powder	SUBHASH	100gm	
8901786391011	EVEREST Tikhalal			
8901786401017	EVERES Coarse Ground ChilliPowder			
8902167009242	SABZI MASALA mdh	MDH	50gm	
8906069850049	Batch No			
0089686017724	Mie sarimi 2 kari spesial			
8906129800632	Hi-fi Skin Care Glycerin	Hi-fi		non-food-products open-products-facts open-beauty-facts
0890000006740	Pré Wourkout Égide Frutas Vermelhas	Max Titanium		
8906004620287	Dhara mustard oil 5ltr			
8901058011067	Maggi veg atta noodles	Maggi	290g	
6514747049962	Mega Party - Haribo	Haribo	200g	
8901207096662	Vatika enriched coconut hair oil	Dabur	300 ml	non-food-products open-beauty-facts
8906135071453	Millet cereal	Native food store		
8901262152334	Amul Kool Royal Elaichi Flavour	Amul		beverages-and-beverages-preparations beverages dairies dairy-drinks
8901441014019	Moong papad	Lijjat	200 g	breads flatbreads special-breads papadum
8906001387039	English Oven Milk Sliced White Bread	English Oven		plant-based-foods-and-beverages plant-based-foods cereals-and-potatoes breads
8908018729079	Suchali's Artisan Multigrain Sandwich bread	Suchali's		plant-based-foods-and-beverages plant-based-foods cereals-and-potatoes breads
8908004896204	Rohini pappadam	Rohini	80 g	breads flatbreads special-breads papadum
8906020460676	100% Atta Bread	Harvest Gold		plant-based-foods-and-beverages plant-based-foods cereals-and-potatoes breads
0922421029104	Sandwich bread	English Oven	100g	plant-based-foods-and-beverages plant-based-foods cereals-and-potatoes breads
8906168240086	Bread		100g	plant-based-foods-and-beverages plant-based-foods cereals-and-potatoes breads
8904022920648	100% Atta Bread	Bonn		plant-based-foods-and-beverages plant-based-foods cereals-and-potatoes breads
8908014814007	Multigrain Bread	Mr Bakewell	400 g	plant-based-foods-and-beverages plant-based-foods cereals-and-potatoes breads
8908014814243	100% Whole Wheat Chapati	Mr Bakewell	450g	plant-based-foods-and-beverages plant-based-foods cereals-and-potatoes breads
8908014814083	Premium Burger Buns	MR BAKEWELL	160 g	plant-based-foods cereals-and-potatoes breads buns
8901018018259	Sandwich Bread	Nilgiris	400g	plant-based-foods-and-beverages plant-based-foods cereals-and-potatoes breads
8904043552347	Modern Sandwich Supreme	Modern Foods	600 g	cereals-and-potatoes breads white-breads wheat-breads
8901161124609	Basmati rice	Qilla		
8901044154471	Falero Strawberry Pulpy Chew	Mapro		
8904474000189	La Americana Wholewheat Brown Bread	La Americana	350g	plant-based-foods cereals-and-potatoes breads wholemeal-breads
8901229950676	Safari Trolly Case 4W	Safari		non-food-products open-products-facts
8908004423318	Sir Arthur Cotton Premium Idly Ravva	Sir Arthur Cotton	50kg	cereals-and-potatoes cereals-and-their-products cereal-semolinas rice-semolinas
0940042488551	Doublemint	WRIGLEYS		
8901058007473	SUNRISE RS.10	Nescafe	8g	
8901058904017	MILO	Nestle	0.80g	
8901088062428	Set wet			non-food-products open-beauty-facts
8904026633780	LACTO CALAMINE	Piramal	30 ml	non-food-products open-beauty-facts
8904035422832	Joy Hydra Refresh Ultra Light Gel	Joy	150ml	non-food-products open-beauty-facts
8901012117002	Milk and rice cream jhonsons			non-food-products open-beauty-facts
8901030883255	Pond's Super Light Gel Hydrated Glow	Pond's	200ml	non-food-products open-beauty-facts
8901030702884	Pond's Hyaluronic Super Light Gel	Pond's	50ml	non-food-products open-beauty-facts
8904256020473	Nivea Ruby Red tinted Cherry Shine	Nivea	4.8g	non-food-products open-beauty-facts
4005808516261	Nivea Sun Protect & Moisture	Nivea	75ml	non-food-products open-beauty-facts
8901023018602	Godrej Nupur Henna	Godrej	75g	non-food-products open-beauty-facts
42316718	Nivea Nourishing Lotion Body Milk	Nivea	120ml	non-food-products open-beauty-facts
8901012155080	Johnson's Buds	Johnson's	75units	non-food-products open-products-facts
0806360750506	Lotus Herbals Safe Sun	Lotus	50g	non-food-products open-beauty-facts
8901138509217	Himalaya Oil Clear Lemon Face Wash	Himalaya	50ml	non-food-products open-beauty-facts
8901030978753	Lakme 9To5 Sun Expert Sunscreen Lotion	Lakme	100ml	non-food-products open-beauty-facts
8904049710642	Facial kit			non-food-products open-beauty-facts
8904035416411	Fruit face wash	Joy	50ml	non-food-products open-beauty-facts
8904035426083	Fruit facewash	Joy	50ml	non-food-products open-beauty-facts
8906160220284	Minoxidil			non-food-products open-products-facts
8904132970663	Good life aata 5kg			
8903967000002	Spicy Stick	Brijwasi		
8047129220157	Special masala	Chhaswala	275 ml	
8906129221239	Mango lassi	Chhaswala	200 ml	
7906106220256	Rose lassi	Chhaswala	200 ml	
8906129221277	Paneer	Chhaswala	200 gm	
8906129222038	Elaichi milk		180 ml	
8906002080243	Coriander	Sakthi	500	
8904338700002	A gile	Dehlvi	500ml	medicine
8904083310143	Milkymist Cheese Big	Milkymist	765g	
8906161390955	Let's Try Kerala Garlic Mix	Let's Try		snacks
8906152620535	Sawan Achari Masti Khakhra Bites	Sawan		snacks
8906045090506	Nature day	1		
8901155129214	Sandwich dhokla	Fits		
8906020461055	Harvest Gold White Bread	Harvest Gold	200g	plant-based-foods-and-beverages plant-based-foods cereals-and-potatoes breads
8906097549588	Sapphire Poko Loko Lychee Flavoured Juice Drink	Poko Loko	300ml	beverages-and-beverages-preparations beverages
8901296049136	Revital H	Revital		dietary-supplements
8906009532356	Max protein daily choco almond bar	Ritebite	50g	dietary-supplements bodybuilding-supplements protein-bars
8901725017545	Nice	SUNFEAST	64g	
8904417301953	COLD CREAM			
8906094750444	Fruit Yogurt	Muralya		
8906001021278	Paneer	Gowardhan		
8901023010002	Hit Anti Roach Gel	Hit		non-food-products open-products-facts
8904272600154	Storia Coconut water 200ml pet			
8904132949287	My home floral 2l			
8904067701554	Roasted Peanuts Classic Salted	Jabsons		
8906022620115	rice bran oil	healthy heart	1L	cereals-and-their-products vegetable-fats vegetable-oils cereal-oils
8906091170290	Hing (Compound Asafoetida)	Narpa	50g	condiments spices asafoetida compund-asafoetida
4005900133342	NIVEA CREME DARK SPOT REDUCTION			non-food-products open-beauty-facts face-care
6902395706564	Maybelline			
8906002528561	Nero	Nero	500ml	beverages-and-beverages-preparations beverages waters drinking-water
8901719305917	Hide and seek chocolate chip cookies	Parle		
8901719114038	PARLE fab jam in 150g	Parle		
8901719115639	Hide & seen 120g creme sandwiches chocochip 120g	Parle		
8901719123948	Parle g gold 500g	Parle		
8901719128950	Krack jack butter masala	Parle		
8901719130038	PARLE Hapry Happy	Parle		
8904327600689	Rolled Oats	My Fitness		
8906080039331	Hhh	Jjj	60	non-food-products open-beauty-facts
0227809989040	PRINGLES	PRINGLES	165g	
8901030702921	Hydra miracle	Ponds	100ml	non-food-products open-beauty-facts
8901030869013	POND'S DREAMFLOWER fragrant talcum powder		100g	non-food-products open-beauty-facts
8901030826894	POND'S BB+ Cream		9g	non-food-products open-beauty-facts
8901030869082	PONDS STARLIGHT Perfumed talcum Powder		50g	non-food-products open-beauty-facts
8901030824630	Dove			non-food-products open-beauty-facts
8901138822217	Himalaya Extra Moisturizing Baby Soap	Himalaya	75g	non-food-products open-beauty-facts
8901138511814	Himalaya Baby Powder	Himalaya	100g	non-food-products open-beauty-facts
8901138711962	Himalaya neem & turmeric soap	Himalaya	lays	non-food-products open-beauty-facts
6902395646983	FIT me	MAYBELLINE	200g	non-food-products open-beauty-facts
8994993018840	Loreal instant glowing			non-food-products open-beauty-facts
8901012116647	Johnson's Baby Soap	Johnson's	75g	non-food-products open-beauty-facts
9220079597749	NATURAL HERBAL BEAUTY SOAP - LUXURY AROMA ENRICHED WITH LAVENDER OIL	REYYA PREMIUM	85 GM	non-food-products open-beauty-facts
9220079597671	NATURAL HERBAL BEAUTY SOAP - LUXURY AROMA ENRICHED WITH ALOVERA, NEEM 	REEYA	85 GM	non-food-products open-beauty-facts
9220079597657	NATURAL HERBAL BEAUTY SOAP - LUXURY AROMA ENRICHED WITH ALOEVERA	REEYA	85 GM	non-food-products open-beauty-facts
8904018302694	Medmix Soaps 4*125g		4 x 125 g	non-food-products open-beauty-facts
8908006722419	Shampoo	Shikakai	500ml	non-food-products open-beauty-facts
8901088069724	Set wet sport extreme hair gel			non-food-products open-beauty-facts
8906014767224	Type 3 Hair Oil			non-food-products open-beauty-facts
0765573949292	Herbal hair oil		250ml	non-food-products open-beauty-facts
8901399339110	Safe wash 2 l			non-food-products open-products-facts
8902269511506	Neem aloe vera face wash	Clear skin	60 gm	non-food-products open-beauty-facts
8901138830441	Face wash	Himalya	15ml	non-food-products open-beauty-facts
8906090574488	Twisties	Karare		
8906003161125	Doctor washing powder		3 kg	non-food-products open-products-facts
8901396115007	Lizol 2 L + 500 mlCitys			non-food-products open-products-facts
8901396115267	Lizol 1.8 L Citrus			non-food-products open-products-facts
8901396116257	Lizol Floral 1.8L			non-food-products open-products-facts
8906008452846	Almond under eye cream	VLCC	15g	non-food-products open-beauty-facts
8906008458213	VLCC	Sun screen	100g	non-food-products open-beauty-facts
8906087772941	Hydra gel	Mamaearth	50g	non-food-products open-beauty-facts
0960457280922	Omni gel	Cipla	59 gram	non-food-products open-products-facts
8905110007784	Shower Gel	Fiama	250ml	non-food-products open-beauty-facts
8902979028462	Spinz BB Brightening & Beauty		15g	non-food-products open-beauty-facts
8901314078216	Colgate visible white	Colgate	200g	non-food-products open-beauty-facts
8901314786241	Colgate			non-food-products open-beauty-facts
8901314571816	Colgate total12	Charcoal	240	non-food-products open-beauty-facts
8908010238289	Pro Skin Neem+Alovera Refreshing Wipes			non-food-products open-beauty-facts
8908004238479	Origin nutrition protein	Origin nutrition		
8020099006266	Pancake Mix	American Pancake Co.	400 g	cooking-helpers dessert-mixes pancake-mixes
8901396116004	Lizol floral 2l + 500ml			
8906019777709	Pista	Nutraj	500gm	
8914474802157	Apple drinks	Bilz	300 ml	
8904004404661	Indian snacks salted peanuts	Haldiram's		
8901262080279	Amulspray	Amul	21g	
9789387907966	Computer Science with Python			non-food-products open-products-facts
8901088072267	Soya Chunks	Saffola	1 Kg	meat-alternatives meat-analogues textured-vegetable-protein soya-chunks
8906080600982	Jus de mangue	Paper boat	180ml	plant-based-foods-and-beverages beverages plant-based-beverages fruit-based-beverages
6291108090992	Apple juice			juices-and-nectars fruit-juices unsweetened-beverages apple-juices
8901688121013	Chicken pops Piri Piri	Sumeru	450g	breaded-products poultry-nuggets breaded-chicken chicken-nuggets
8901689702860	Tomato Ketchup		950g	sauces tomato-sauces ketchup tomato-ketchup
8902852229115	Kombucha Cranberry			fermented-foods fermented-drinks tea-based-beverages kombuchas
8901414000018	Bikano cornflakes mixture 200g(44)			cereals-and-their-products breakfast-cereals flakes cereal-flakes
8906010851521	winner sweetened cocoa mix	campco	400g	cocoa-and-its-products cocoa-and-chocolate-powders cocoa-powders cocoa-powder-for-beverages-with-sugar
8906028560941	Baking Soda	Monaliz Foods Incorporation	100g	food-additives anticaking-agents bicarbonates-of-soda
8903071005337	Apple cider vinegar	Golden crown	500ml	condiments vinegars cider-vinegars
8902570811227	Spencer's Smart Choice Cornflakes	Spencer's		cereals-and-their-products breakfast-cereals flakes cereal-flakes
8906120106849	Flax Seeds	Farmley	200g	seeds cereals-and-their-products cereal-grains flax-seeds
8903363002853	Poha Jada	DMart Premia	1kg	cereals-and-their-products breakfast-cereals flakes cereal-flakes
8901262260947	Buffalo Milk A2	Amul	500ml	dairies milks
8904132917651	Tea bags 100% Assam Tea	Aarambh	25 bags	plant-based-beverages beverage-preparations teas tea-leaves
8904132917682	Green Tea Honey and Lemon	Aarambh	25N	plant-based-beverages beverage-preparations teas green-teas
8906036672995	Slim UHT Sterilised Skimmed Milk	Nandini	500 ml	dairies milks
8904063220424	Takatak Chatpata Masala	Haldiram's		crisps crackers puffed-salty-snacks puffed-salty-snacks-made-from-maize
8901030774980	Bru Green Label	Bru	100 g	beverage-preparations coffees instant-beverages instant-coffees
8902710500776	Bagrry`s Crunchy Muesli	Bagrry's	425g	cereals-and-their-products breakfast-cereals mueslis crunchy-mueslis
8904132924390	Poha Khatta Meetha Mix	Desi Kitchen	60g	seeds cereals-and-their-products breakfast-cereals cereal-grains
8906031312735	Enerva Breakfast Cereal	Enerva	350g	breakfasts cereals-and-potatoes cereals-and-their-products breakfast-cereals
9972223558020	Poha	Laxmi	1kg	cereals-and-their-products breakfast-cereals flakes cereal-flakes
8901537007116	Daawat Rozana Basmati Rice	Daawat	5 kg	cereals-and-their-products cereal-grains rices aromatic-rices
8901725012830	Yippee Noodles Magic Masala	Sunfeast		pastas dried-products-to-be-rehydrated noodles instant-noodles
8906002000012	Funfoods Classic Egg Mayonnaise	Dr. Oetker	315g	sauces pizza-sauces topping-sauce-for-pizza toppings
8906158360145	Craze Coffee Marie	Craze	125g	snacks sweet-snacks biscuits-and-cakes biscuits
8901063401198	Cheese Block	Britannia		dairies fermented-foods fermented-milk-products cheeses
8901262174244	Amul Vanilla Gold	Amul		frozen-desserts ice-creams-and-sorbets ice-creams ice-cream-tubs
8904422701083	Iodised Salt	Patanjali	1 kg	condiments salts iodised-salts
8902901027990	Good Life Mp Wheat Chakki atta 5kg	Good Life	01	cereals-and-their-products flours cereal-flours cereal-grains
8901246004963	Pizza and Pasta Sauce	Del Monte	400 g	condiments sauces pasta-sauces pizza-sauces
8906010090777	Cheese slices	D'lecta	200g	dairies fermented-foods fermented-milk-products cheeses
8904329100835	Rainbow Hearts	Rainbow Hearts	200 g	spreads sweet-snacks confectioneries plant-based-spreads
8906024480328	Toned Milk	Dodla		dairies milks pasteurised-milks
15486196	Toned Milk	Nandini	500ml	dairies milks pasteurised-milks
8908006646739	Limes and chilli lotus seeds			
8902901223965	W320 cashew	Good life	100g	plant-based-foods nuts-and-their-products nuts cashew-nuts
8904300201582	Coconut Crunchy	Mario		snacks sweet-snacks biscuits-and-cakes biscuits
8906077560022	Pasteurized Toned Milk	PDDP	475 ml	dairies dairy-drinks milks pasteurised-milks
8908000770881	Premium milk rusk	Aditi marvel	175g	plant-based-foods cereals-and-potatoes breads rusks
8906137051637	Instant palada mix	Milma	425gm	sweet-snacks biscuits-and-cakes cakes soft-cake-filled-with-fruits
8906082372566	chocochips	nic	750ml	ice-creams-and-sorbets ice-creams ice-cream-tubs chocolate-ice-cream-tubs
8901063142114	Britannia Nutri Choice Oats	Britannia	75 g	snacks sweet-snacks biscuits-and-cakes biscuits
8901725101374	Dark fantasy buy3 get1	Sunfeast		sweet-snacks biscuits-and-cakes biscuits biscuit-cookie-snack-w-chocolate-filling
8906017862438	Wafer Chocolate	BISK FARM		sweet-snacks biscuits-and-cakes biscuits wafers
8906070210030	Ginger with honey	Honeyman		bee-products farming-products sweeteners honeys
8901491002820	Oats Muesli Fruit & Nut	Pepsico	160g	cereals-and-potatoes cereals-and-their-products breakfast-cereals mueslis
8906006783058	D-lite Tomato Ketchup	Surabhi	1kg	sauces tomato-sauces ketchup tomato-ketchup
8908013194193	Kombucha	Borecha		fermented-foods fermented-drinks tea-based-beverages kombuchas
89008669	Nescafe Gold	Nescafé	95g	plant-based-foods coffees instant-beverages instant-coffees
8901725110123	Moms magic 50	Sunfest		snacks sweet-snacks biscuits-and-cakes biscuits
8903363008763	Homechef tomato ketchup	Home chef	1.2 kg	condiments sauces tomato-sauces ketchup
8430689601083	Olive Oil	Queen	400ml	vegetable-fats olive-tree-products vegetable-oils olive-oils
8901058826784	Nescafe classic	Nescafé	200 g	beverages-and-beverages-preparations beverage-preparations instant-beverages instant-coffees
8906074821461	Butterly Osmania Biscuits	Karachi Bakery	300 g	snacks sweet-snacks biscuits-and-cakes biscuits
8901262176552	Punjabi Kulfi Mawa Elaichi	Amul	60ml / 48 g	frozen-desserts ice-creams-and-sorbets ice-creams ice-cream-bars
8902041020431	Creamy Wafer Biscuits	Pickwick		snacks sweet-snacks biscuits-and-cakes biscuits
7622202013744	Bournvita biscuit	Cadbury	120	snacks sweet-snacks biscuits-and-cakes biscuits
8901058004748	Classic	Nescafé	45 g	beverages-and-beverages-preparations beverage-preparations instant-beverages instant-coffees
8901719121661	2020 blue	Parle	150g	snacks sweet-snacks biscuits-and-cakes biscuits
8906009072784	Biscott	Unibic	250g	snacks sweet-snacks biscuits-and-cakes biscuits
8901207004391	Real Fruit Power Mango	Dabur	1 L	plant-based-beverages fruit-based-beverages juices-and-nectars fruit-juices
8901826902405	Dahi	Verka		dairy-desserts fermented-dairy-desserts yogurts plain-fermented-dairy-desserts
8901725005887	Yippee Noodles	Sunfeast	70g	pastas dried-products-to-be-rehydrated noodles instant-noodles
8906093217047	Tamarind Whole	Zoff	500g	fruits-and-vegetables-based-foods fruits-based-foods fruits immature-tamarind-pulp
8901063012622	Milk Bikis	Britannia	67 g	snacks sweet-snacks biscuits-and-cakes biscuits
8906006720183	DesertKing Dates	Lion	250 g	fruits-and-vegetables-based-foods fruits-based-foods fruits dates
0710859306108	CASHEWS	Vittal Balaji	500g	plant-based-foods nuts-and-their-products nuts cashew-nuts
8906001385295	Kaju Khajoor Cookies	Cremica	100g	snacks sweet-snacks biscuits-and-cakes biscuits
8901958001069	Brown Eggs	Best	6	farming-products eggs
8906006171503	Oyes			cereals-and-their-products breakfast-cereals puffed-grains puffed-cereals
0961475015275	Choco Fills	Dark Fantasy		chocolate-biscuits drop-cookies filled-biscuits chocolate-chip-cookies
8904293703292	Garlic		100g	vegetables-based-foods culinary-plants garlic-and-their-products garlic
8099898401046	JEERA 200ml			beverages plant-based-beverages fruit-based-beverages beverages-with-orange
8901030987403	Lipton GREEN TEA CLEAR & LIGHT 250 g	Lipton		hot-beverages plant-based-beverages teas green-teas
3948781000086	Sunrise chicken curry masala		7g	meals meals-with-meat poultry-meals meals-with-chicken
8906133800147	Snacks Dressing	Funtrip	8g	sauces tomato-sauces ketchup tomato-ketchup
8901719130151	Parle hide &seek milano 125g	Parle		snacks sweet-snacks biscuits-and-cakes biscuits
8904022932214	Wholewheat Brown Bread	LA Americana Gourmet		sliced-wholeweat-brown-bread
8906125680023	Calcium lacted Chhana		25g	
0890497000429	Naan Rounds	Stonefire		
8908008553264	Advance MFF WHEY PROTEIN (chocolate Fudge)	MyFitFuel	500 g	
8901548431009	Sugar free green	Sugar free	100 pellets	
8901120143214	Sugar free		25 spoone	
8904150503683	Pillsbury Choco Molten Lava Cake	Pillsbury	90g	deserts
8906000212240	Multigrain Atta	Pillsbury	5kg	plant-based-foods-and-beverages plant-based-foods flours
8901138848477	kesar face gel	himalaya	100ml	non-food-products open-beauty-facts
8901207024856	Chat Cola	Hajmola	120 N	
8904103331622	Gas-O-Fast Lemon	Mankind		
8904422702998	Giloy Juice	Patanjali	500 ml	giloy-juices
8904011506716	Garlic Pickle	Double Horse	200 g	plant-based-foods pickles plant-based-pickles garlic-pickles
0942809020059	Tilson	Tilsona	500ml	
8906142950963	Pavakka Vattal	Kanchana	100 g	fried-snacks
8901030962660	Dove	Sampoo		non-food-products open-beauty-facts
8908002295344	Amar			
8908016716422	Protien Powder - Mango Ice Cream	Fulled		
8908016716590	Protien Bar - Fudge	Fuelled		
8902901222678	Good life Fennel Big	Good life	100g	
8908003630007	Ajay Medium soft Brush	Ajay	1 pc	
