Bill Date,Bill Time,Bill No,Item Code,Item Name,Qty,Rate,Amount
18/08/2026,07:15:51,B00001,8905982374540,Clinic Plus Shampoo Sachet 6ml,1,3.00,3.00
18/08/2026,07:15:51,B00001,8908373852658,Closeup Red Hot 150g,1,95.00,95.00
18/08/2026,07:19:15,B00002,8909120041196,Surf Excel Easy Wash 500g,1,68.00,68.00
18/08/2026,07:26:26,B00003,8908757386939,Sunfeast Marie Light 75g,2,10.00,20.00
18/08/2026,08:06:51,B00004,8909427653757,Parle Parle-G Biscuits 70g,1,10.00,10.00
18/08/2026,08:07:50,B00005,8909136784575,Tata Salt 1kg,1,28.00,28.00
18/08/2026,08:10:26,B00006,8907197864939,Bingo Mad Angles 66g,1,20.00,20.00
18/08/2026,08:15:17,B00007,8905982374540,Clinic Plus Shampoo Sachet 6ml,1,3.00,3.00
18/08/2026,08:15:17,B00007,8903238955901,Wheel Detergent Powder 1kg,1,62.00,62.00
18/08/2026,08:15:17,B00007,8904196790184,Mother Dairy Toned Milk 500ml,1,27.00,27.00
18/08/2026,08:26:16,B00008,8908996794274,MDH Chana Masala 100g,1,75.00,75.00
18/08/2026,08:35:14,B00009,8902525262388,Lifebuoy Soap 125g,1,35.00,35.00
18/08/2026,08:35:14,B00009,8904116546181,Maggi Masala Noodles 4-pack 280g,1,56.00,56.00
18/08/2026,08:45:28,B00010,8904196790184,Mother Dairy Toned Milk 500ml,1,27.00,27.00
18/08/2026,09:06:27,B00011,,LOOSE ITEM,1,85.00,85.00
18/08/2026,09:13:15,B00012,8909600566041,Cadbury Gems 17g,1,10.00,10.00
18/08/2026,09:14:58,B00013,8907194704290,Maggi Masala Noodles 70g,1,14.00,14.00
18/08/2026,09:14:58,B00013,8908193642644,Nestle Milkmaid 400g,1,145.00,145.00
18/08/2026,09:14:58,B00013,8903238955901,Wheel Detergent Powder 1kg,1,62.00,62.00
18/08/2026,09:30:03,B00014,8907436422074,Bisleri Water 1L,1,20.00,20.00
18/08/2026,09:30:56,B00015,8903238955901,Wheel Detergent Powder 1kg,1,62.00,62.00
18/08/2026,09:34:13,B00016,8906780453871,Red Label Tea 250g,1,135.00,135.00
18/08/2026,09:48:47,B00017,8903280387262,Tata Tea Gold 250g,1,145.00,145.00
18/08/2026,09:52:28,B00018,8903632424966,Nestle KitKat 37g,1,20.00,20.00
18/08/2026,09:54:44,B00019,8907194704290,Maggi Masala Noodles 70g,1,14.00,14.00
18/08/2026,09:54:44,B00019,8900248761133,Britannia Good Day Cashew 75g,1,10.00,10.00
18/08/2026,10:02:46,B00020,8909023343151,Thums Up Soft Drink 750ml,1,40.00,40.00
18/08/2026,10:02:46,B00020,8908008397233,Pepsi Soft Drink 750ml,1,40.00,40.00
18/08/2026,10:08:47,B00021,8901384274525,Yippee Magic Masala 70g,1,14.00,14.00
18/08/2026,10:09:31,B00022,8903280387262,Tata Tea Gold 250g,1,145.00,145.00
18/08/2026,10:09:31,B00022,8907436422074,Bisleri Water 1L,1,20.00,20.00
18/08/2026,10:10:17,B00023,8909427653757,Parle Parle-G Biscuits 70g,1,10.00,10.00
18/08/2026,10:13:39,B00024,8909713071128,Aashirvaad Atta 1kg,1,62.00,62.00
18/08/2026,10:27:07,B00025,8903632424966,Nestle KitKat 37g,1,20.00,20.00
18/08/2026,10:48:39,B00026,8904611794537,Fair & Lovely Face Cream 50g,1,125.00,125.00
18/08/2026,10:51:17,B00027,8901393160451,Coca-Cola Soft Drink 750ml,1,40.00,40.00
18/08/2026,10:51:17,B00027,8909600566041,Cadbury Gems 17g,1,10.00,10.00
18/08/2026,10:51:17,B00027,8902267109279,Tata Sampann Toor Dal 1kg,1,165.00,165.00
18/08/2026,10:53:51,B00028,8900257989146,Parle Krackjack 70g,1,10.00,10.00
18/08/2026,10:55:45,B00029,8906604803769,Cadbury Dairy Milk 50g,1,45.00,45.00
18/08/2026,10:55:45,B00029,8902473535046,Kinley Water 1L,1,20.00,20.00
18/08/2026,10:55:45,B00029,8907833475284,Ariel Detergent Powder 1kg,1,165.00,165.00
18/08/2026,11:01:15,B00030,8906743689880,Colgate Strong Teeth 100g,1,55.00,55.00
18/08/2026,11:01:15,B00030,8904196790184,Mother Dairy Toned Milk 500ml,1,27.00,27.00
18/08/2026,11:08:46,B00031,8900257989146,Parle Krackjack 70g,1,10.00,10.00
18/08/2026,11:39:08,B00032,8908008397233,Pepsi Soft Drink 750ml,1,40.00,40.00
18/08/2026,11:39:08,B00032,8903379154812,Amul Butter 500g,1,295.00,295.00
18/08/2026,11:39:08,B00032,8909600566041,Cadbury Gems 17g,1,10.00,10.00
18/08/2026,11:57:04,B00033,8906715612472,Dettol Soap 125g,1,45.00,45.00
18/08/2026,12:06:09,B00034,8901193121348,India Gate Basmati Rice 1kg,1,135.00,135.00
18/08/2026,12:21:43,B00035,8909501511089,Amul Taaza Milk 500ml,1,27.00,27.00
18/08/2026,12:24:18,B00036,8905167752002,Vaseline Body Lotion 200ml,1,185.00,185.00
18/08/2026,12:34:28,B00037,8908401707462,Kurkure Masala Munch 90g,1,20.00,20.00
18/08/2026,12:34:28,B00037,,LOOSE ITEM,1,35.00,35.00
18/08/2026,12:36:49,B00038,8902853532528,Daawat Rozana Rice 5kg,1,340.00,340.00
18/08/2026,12:36:49,B00038,8901943556130,Amul Gold Milk 500ml,1,33.00,33.00
18/08/2026,13:04:52,B00039,8909023343151,Thums Up Soft Drink 750ml,1,40.00,40.00
18/08/2026,13:05:11,B00040,8903632424966,Nestle KitKat 37g,1,20.00,20.00
18/08/2026,13:09:27,B00041,8905982374540,Clinic Plus Shampoo Sachet 6ml,1,3.00,3.00
18/08/2026,13:12:45,B00042,8905331753835,Cadbury 5 Star 40g,1,20.00,20.00
18/08/2026,13:12:45,B00042,8902525262388,Lifebuoy Soap 125g,1,35.00,35.00
18/08/2026,14:03:52,B00043,8902525262388,Lifebuoy Soap 125g,1,35.00,35.00
18/08/2026,14:03:52,B00043,8905875652885,Maggi Hot & Sweet Sauce 500g,1,115.00,115.00
18/08/2026,14:05:25,B00044,8900248761133,Britannia Good Day Cashew 75g,1,10.00,10.00
18/08/2026,14:05:25,B00044,8902234478650,Vim Dishwash Bar 300g,1,30.00,30.00
18/08/2026,15:06:31,B00045,8901393160451,Coca-Cola Soft Drink 750ml,1,40.00,40.00
18/08/2026,15:07:44,B00046,,LOOSE ITEM,1,10.00,10.00
18/08/2026,15:07:44,B00046,8904196790184,Mother Dairy Toned Milk 500ml,1,27.00,27.00
18/08/2026,15:25:38,B00047,8903632424966,Nestle KitKat 37g,1,20.00,20.00
18/08/2026,15:43:41,B00048,,LOOSE ITEM,1,10.00,10.00
18/08/2026,15:44:13,B00049,8906604803769,Cadbury Dairy Milk 50g,1,45.00,45.00
18/08/2026,15:44:13,B00049,8902228449239,Polo Mint Roll 28g,1,10.00,10.00
18/08/2026,15:44:13,B00049,8902525262388,Lifebuoy Soap 125g,1,35.00,35.00
18/08/2026,15:46:17,B00050,8905982374540,Clinic Plus Shampoo Sachet 6ml,1,3.00,3.00
18/08/2026,15:46:17,B00050,8901943556130,Amul Gold Milk 500ml,1,33.00,33.00
18/08/2026,16:02:22,B00051,8907194704290,Maggi Masala Noodles 70g,1,14.00,14.00
18/08/2026,16:06:52,B00052,8907560856516,Nestle Munch 20g,1,10.00,10.00
18/08/2026,16:19:02,B00053,8904626778355,Britannia Bourbon 60g,1,10.00,10.00
18/08/2026,16:19:08,B00054,8908084499371,Amul Butter 100g,1,62.00,62.00
18/08/2026,16:19:08,B00054,8904626778355,Britannia Bourbon 60g,1,10.00,10.00
18/08/2026,16:25:44,B00055,8906743689880,Colgate Strong Teeth 100g,1,55.00,55.00
18/08/2026,16:37:35,B00056,8901193121348,India Gate Basmati Rice 1kg,1,135.00,135.00
18/08/2026,16:48:53,B00057,8906710455012,Vim Dishwash Gel 500ml,1,115.00,115.00
18/08/2026,17:00:52,B00058,8907560856516,Nestle Munch 20g,1,10.00,10.00
18/08/2026,17:04:43,B00059,8904196790184,Mother Dairy Toned Milk 500ml,1,27.00,27.00
18/08/2026,17:04:43,B00059,8901393160451,Coca-Cola Soft Drink 750ml,1,40.00,40.00
18/08/2026,17:04:43,B00059,8908233620472,Good Knight Mosquito Refill 45ml,1,85.00,85.00
18/08/2026,17:20:51,B00060,8905982374540,Clinic Plus Shampoo Sachet 6ml,1,3.00,3.00
18/08/2026,17:20:51,B00060,8905800014993,Bru Instant Coffee 50g,1,155.00,155.00
18/08/2026,17:21:57,B00061,8903379154812,Amul Butter 500g,1,295.00,295.00
18/08/2026,17:21:57,B00061,8908401707462,Kurkure Masala Munch 90g,1,20.00,20.00
18/08/2026,17:30:06,B00062,8904233433135,Lay's Classic Salted 52g,1,20.00,20.00
18/08/2026,17:39:33,B00063,8901943556130,Amul Gold Milk 500ml,1,33.00,33.00
18/08/2026,17:39:33,B00063,8903238955901,Wheel Detergent Powder 1kg,1,62.00,62.00
18/08/2026,17:39:33,B00063,8907637469151,Maaza Mango Drink 600ml,1,40.00,40.00
18/08/2026,17:43:44,B00064,8907436422074,Bisleri Water 1L,1,20.00,20.00
18/08/2026,17:54:54,B00065,8908757386939,Sunfeast Marie Light 75g,1,10.00,10.00
18/08/2026,17:54:54,B00065,8904872245939,Tropicana Orange Juice 1L,1,125.00,125.00
18/08/2026,18:02:41,B00066,8909427653757,Parle Parle-G Biscuits 70g,1,10.00,10.00
18/08/2026,18:07:33,B00067,8903003453342,Head&Shoulders Anti-Dandruff 180ml,1,185.00,185.00
18/08/2026,18:07:33,B00067,8902234478650,Vim Dishwash Bar 300g,1,30.00,30.00
18/08/2026,18:17:49,B00068,8906780453871,Red Label Tea 250g,1,135.00,135.00
18/08/2026,18:20:49,B00069,8904196790184,Mother Dairy Toned Milk 500ml,1,27.00,27.00
18/08/2026,18:20:49,B00069,8902473535046,Kinley Water 1L,1,20.00,20.00
18/08/2026,18:21:12,B00070,8901943556130,Amul Gold Milk 500ml,1,33.00,33.00
18/08/2026,18:21:12,B00070,8909501511089,Amul Taaza Milk 500ml,1,27.00,27.00
18/08/2026,18:23:41,B00071,8906715612472,Dettol Soap 125g,1,45.00,45.00
18/08/2026,18:23:41,B00071,8909501511089,Amul Taaza Milk 500ml,1,27.00,27.00
18/08/2026,18:26:25,B00072,8909600566041,Cadbury Gems 17g,1,10.00,10.00
18/08/2026,18:42:43,B00073,8907833475284,Ariel Detergent Powder 1kg,1,165.00,165.00
18/08/2026,18:45:16,B00074,8905982374540,Clinic Plus Shampoo Sachet 6ml,1,3.00,3.00
18/08/2026,18:52:42,B00075,8904176990627,Lizol Floor Cleaner 500ml,1,99.00,99.00
18/08/2026,19:00:25,B00076,8901943556130,Amul Gold Milk 500ml,1,33.00,33.00
18/08/2026,19:00:25,B00076,8901690527315,Real Mixed Fruit Juice 1L,1,125.00,125.00
18/08/2026,19:00:25,B00076,8907436422074,Bisleri Water 1L,1,20.00,20.00
18/08/2026,19:25:09,B00077,8909501511089,Amul Taaza Milk 500ml,1,27.00,27.00
18/08/2026,19:25:50,B00078,8906118385591,Kissan Mixed Fruit Jam 500g,1,145.00,145.00
18/08/2026,19:33:11,B00079,8907844307079,Saffola Gold Oil 1L,1,175.00,175.00
18/08/2026,19:34:29,B00080,8900349807556,Amul Cheese Slices 200g,1,145.00,145.00
18/08/2026,19:40:39,B00081,8906715612472,Dettol Soap 125g,1,45.00,45.00
18/08/2026,19:44:40,B00082,8904196790184,Mother Dairy Toned Milk 500ml,1,27.00,27.00
18/08/2026,19:44:40,B00082,8907436422074,Bisleri Water 1L,1,20.00,20.00
18/08/2026,19:44:40,B00082,,LOOSE ITEM,1,55.00,55.00
18/08/2026,19:46:25,B00083,8907436422074,Bisleri Water 1L,1,20.00,20.00
18/08/2026,19:55:44,B00084,8902525262388,Lifebuoy Soap 125g,1,35.00,35.00
18/08/2026,19:59:03,B00085,8904626778355,Britannia Bourbon 60g,1,10.00,10.00
18/08/2026,20:11:15,B00086,8902525262388,Lifebuoy Soap 125g,1,35.00,35.00
18/08/2026,20:11:39,B00087,8909023343151,Thums Up Soft Drink 750ml,1,40.00,40.00
18/08/2026,20:11:39,B00087,8904921237526,Alpenliebe Candy Pack 50g,1,20.00,20.00
18/08/2026,20:15:46,B00088,8908977405076,Center Fresh Chewing Gum 28g,1,10.00,10.00
18/08/2026,20:16:20,B00089,8902172108503,Aashirvaad Atta 5kg,1,285.00,285.00
18/08/2026,20:23:11,B00090,8903401125742,Frooti Mango Drink 600ml,1,40.00,40.00
18/08/2026,20:26:05,B00091,8907194704290,Maggi Masala Noodles 70g,1,14.00,14.00
18/08/2026,20:39:57,B00092,8908821415404,Dove Shampoo 180ml,1,165.00,165.00
18/08/2026,20:43:11,B00093,8909534043717,Amul Masti Dahi 400g,1,45.00,45.00
18/08/2026,20:43:11,B00093,8904657151196,Lux Soap 100g,1,35.00,35.00
18/08/2026,20:43:11,B00093,8903277964018,Medimix Soap 125g,1,40.00,40.00
18/08/2026,20:53:09,B00094,8907436422074,Bisleri Water 1L,1,20.00,20.00
18/08/2026,21:10:49,B00095,8902473535046,Kinley Water 1L,1,20.00,20.00
18/08/2026,21:14:49,B00096,8905982374540,Clinic Plus Shampoo Sachet 6ml,1,3.00,3.00
18/08/2026,21:18:50,B00097,8906604803769,Cadbury Dairy Milk 50g,1,45.00,45.00
18/08/2026,21:18:50,B00097,8902550748321,Sprite Soft Drink 750ml,1,40.00,40.00
18/08/2026,21:24:22,B00098,8907867306226,Rin Detergent Bar 250g,1,20.00,20.00
18/08/2026,21:33:32,B00099,8907197864939,Bingo Mad Angles 66g,1,20.00,20.00
18/08/2026,21:33:32,B00099,8901384274525,Yippee Magic Masala 70g,1,14.00,14.00
18/08/2026,21:33:32,B00099,8906212271295,Clinic Plus Shampoo 175ml,1,99.00,99.00
18/08/2026,21:41:44,B00100,8909136784575,Tata Salt 1kg,1,28.00,28.00
18/08/2026,21:41:44,B00100,8906780453871,Red Label Tea 250g,1,135.00,135.00
18/08/2026,21:59:54,B00101,8907867306226,Rin Detergent Bar 250g,1,20.00,20.00
18/08/2026,21:59:54,B00101,8907197864939,Bingo Mad Angles 66g,1,20.00,20.00
18/08/2026,22:07:58,B00102,8909427653757,Parle Parle-G Biscuits 70g,1,10.00,10.00
18/08/2026,22:07:58,B00102,8903401125742,Frooti Mango Drink 600ml,1,40.00,40.00
18/08/2026,22:18:58,B00103,8906212271295,Clinic Plus Shampoo 175ml,1,99.00,99.00
18/08/2026,22:34:49,B00104,8903722609518,Horlicks Classic Malt 500g,1,255.00,255.00
18/08/2026,22:36:58,B00105,8900635707409,Top Ramen Curry Noodles 70g,1,14.00,14.00
18/08/2026,22:36:58,B00105,8908008397233,Pepsi Soft Drink 750ml,1,40.00,40.00
19/08/2026,06:34:59,B00106,8906780453871,Red Label Tea 250g,1,135.00,135.00
19/08/2026,07:24:26,B00107,8907867306226,Rin Detergent Bar 250g,1,20.00,20.00
19/08/2026,07:24:26,B00107,8904233433135,Lay's Classic Salted 52g,1,20.00,20.00
19/08/2026,07:40:40,B00108,8904196790184,Mother Dairy Toned Milk 500ml,1,27.00,27.00
19/08/2026,07:44:11,B00109,8905167752002,Vaseline Body Lotion 200ml,1,185.00,185.00
19/08/2026,07:46:06,B00110,8909427653757,Parle Parle-G Biscuits 70g,1,10.00,10.00
19/08/2026,07:51:07,B00111,8909567262253,Dhara Mustard Oil 1L,1,155.00,155.00
19/08/2026,08:02:27,B00112,8908008397233,Pepsi Soft Drink 750ml,1,40.00,40.00
19/08/2026,08:10:56,B00113,8903632424966,Nestle KitKat 37g,1,20.00,20.00
19/08/2026,08:19:20,B00114,,LOOSE ITEM,1,135.00,135.00
19/08/2026,08:20:43,B00115,8909023343151,Thums Up Soft Drink 750ml,1,40.00,40.00
19/08/2026,08:24:48,B00116,8907194704290,Maggi Masala Noodles 70g,1,14.00,14.00
19/08/2026,08:51:23,B00117,8907867306226,Rin Detergent Bar 250g,1,20.00,20.00
19/08/2026,09:05:30,B00118,8905557725456,Fortune Sunflower Oil 1L,1,135.00,135.00
19/08/2026,09:07:13,B00119,8906576251407,Colgate MaxFresh 150g,1,99.00,99.00
19/08/2026,09:18:34,B00120,8904626778355,Britannia Bourbon 60g,1,10.00,10.00
19/08/2026,09:18:34,B00120,8907637469151,Maaza Mango Drink 600ml,1,40.00,40.00
19/08/2026,09:19:25,B00121,8905982374540,Clinic Plus Shampoo Sachet 6ml,1,3.00,3.00
19/08/2026,09:22:42,B00122,8905982374540,Clinic Plus Shampoo Sachet 6ml,1,3.00,3.00
19/08/2026,09:22:42,B00122,8903277964018,Medimix Soap 125g,1,40.00,40.00
19/08/2026,09:26:59,B00123,8908977405076,Center Fresh Chewing Gum 28g,1,10.00,10.00
19/08/2026,09:29:54,B00124,8903711049158,Mentos Mint Roll 29g,1,10.00,10.00
19/08/2026,09:29:54,B00124,8905270366202,Everest Turmeric Powder 200g,1,68.00,68.00
19/08/2026,09:32:55,B00125,8903839874342,Chik Shampoo Sachet 6ml,1,3.00,3.00
19/08/2026,09:55:06,B00126,8906715612472,Dettol Soap 125g,1,45.00,45.00
19/08/2026,09:55:06,B00126,8909136784575,Tata Salt 1kg,1,28.00,28.00
19/08/2026,09:55:06,B00127,8909136784575,Tata Salt 1kg,1,28.00,28.00
19/08/2026,09:55:06,B00127,8907560856516,Nestle Munch 20g,1,10.00,10.00
19/08/2026,10:00:17,B00128,8906036439130,Cadbury Perk 35g,1,20.00,20.00
19/08/2026,10:00:17,B00128,8903632424966,Nestle KitKat 37g,1,20.00,20.00
19/08/2026,10:00:17,B00128,8909023343151,Thums Up Soft Drink 750ml,1,40.00,40.00
19/08/2026,10:03:29,B00129,8907064047854,Bournvita Health Drink 500g,1,245.00,245.00
19/08/2026,10:04:24,B00130,8907560856516,Nestle Munch 20g,1,10.00,10.00
19/08/2026,10:04:24,B00130,8904626778355,Britannia Bourbon 60g,1,10.00,10.00
19/08/2026,10:20:59,B00131,8904196790184,Mother Dairy Toned Milk 500ml,1,27.00,27.00
19/08/2026,10:35:30,B00132,8908142746881,Santoor Soap 125g,1,35.00,35.00
19/08/2026,10:35:30,B00132,8909136784575,Tata Salt 1kg,1,28.00,28.00
19/08/2026,10:42:31,B00133,8906743689880,Colgate Strong Teeth 100g,1,55.00,55.00
19/08/2026,10:42:49,B00134,8907436422074,Bisleri Water 1L,1,20.00,20.00
19/08/2026,10:54:10,B00135,8901393160451,Coca-Cola Soft Drink 750ml,1,40.00,40.00
19/08/2026,11:02:51,B00136,8909567262253,Dhara Mustard Oil 1L,1,155.00,155.00
19/08/2026,11:12:41,B00137,8907867306226,Rin Detergent Bar 250g,1,20.00,20.00
19/08/2026,11:12:41,B00137,8907194704290,Maggi Masala Noodles 70g,1,14.00,14.00
19/08/2026,11:18:50,B00138,8905982374540,Clinic Plus Shampoo Sachet 6ml,1,3.00,3.00
19/08/2026,11:18:50,B00138,8908401707462,Kurkure Masala Munch 90g,1,20.00,20.00
19/08/2026,11:47:45,B00139,8905331753835,Cadbury 5 Star 40g,1,20.00,20.00
19/08/2026,12:04:38,B00140,8905982374540,Clinic Plus Shampoo Sachet 6ml,1,3.00,3.00
19/08/2026,12:14:19,B00141,8904626778355,Britannia Bourbon 60g,1,10.00,10.00
19/08/2026,12:15:09,B00142,8909600566041,Cadbury Gems 17g,1,10.00,10.00
19/08/2026,12:41:22,B00143,8908944388630,Fortune Soyabean Oil 1L,1,125.00,125.00
19/08/2026,12:41:22,B00143,8907867306226,Rin Detergent Bar 250g,1,20.00,20.00
19/08/2026,12:59:21,B00144,8908401707462,Kurkure Masala Munch 90g,1,20.00,20.00
19/08/2026,13:16:47,B00145,8903632424966,Nestle KitKat 37g,1,20.00,20.00
19/08/2026,13:27:16,B00146,8904921237526,Alpenliebe Candy Pack 50g,1,20.00,20.00
19/08/2026,13:32:06,B00147,8905982374540,Clinic Plus Shampoo Sachet 6ml,1,3.00,3.00
19/08/2026,13:39:33,B00148,8900248761133,Britannia Good Day Cashew 75g,1,10.00,10.00
19/08/2026,14:15:20,B00149,8907194704290,Maggi Masala Noodles 70g,1,14.00,14.00
19/08/2026,14:36:15,B00150,8905331753835,Cadbury 5 Star 40g,1,20.00,20.00
19/08/2026,14:50:34,B00151,8903401125742,Frooti Mango Drink 600ml,1,40.00,40.00
19/08/2026,14:55:02,B00152,8909501511089,Amul Taaza Milk 500ml,1,27.00,27.00
19/08/2026,14:55:02,B00152,8904116546181,Maggi Masala Noodles 4-pack 280g,1,56.00,56.00
19/08/2026,14:55:18,B00153,8904196790184,Mother Dairy Toned Milk 500ml,1,27.00,27.00
19/08/2026,14:55:18,B00153,8907194704290,Maggi Masala Noodles 70g,1,14.00,14.00
19/08/2026,15:25:11,B00154,8902525262388,Lifebuoy Soap 125g,1,35.00,35.00
19/08/2026,15:41:46,B00155,8907436422074,Bisleri Water 1L,1,20.00,20.00
19/08/2026,15:41:46,B00155,8906743689880,Colgate Strong Teeth 100g,1,55.00,55.00
19/08/2026,15:41:46,B00155,8909427653757,Parle Parle-G Biscuits 70g,1,10.00,10.00
19/08/2026,16:01:18,B00156,8909023343151,Thums Up Soft Drink 750ml,1,40.00,40.00
19/08/2026,16:01:18,B00156,8905982374540,Clinic Plus Shampoo Sachet 6ml,1,3.00,3.00
19/08/2026,16:04:55,B00157,8903003453342,Head&Shoulders Anti-Dandruff 180ml,1,185.00,185.00
19/08/2026,16:07:55,B00158,8902234478650,Vim Dishwash Bar 300g,1,30.00,30.00
19/08/2026,16:15:25,B00159,8905331753835,Cadbury 5 Star 40g,1,20.00,20.00
19/08/2026,16:17:23,B00160,8906036439130,Cadbury Perk 35g,1,20.00,20.00
19/08/2026,16:44:00,B00161,8901943556130,Amul Gold Milk 500ml,1,33.00,33.00
19/08/2026,16:45:07,B00162,8904472281122,Gillette Shaving Cream 70g,1,99.00,99.00
19/08/2026,16:45:07,B00162,8901690527315,Real Mixed Fruit Juice 1L,1,125.00,125.00
19/08/2026,17:12:21,B00163,8900248761133,Britannia Good Day Cashew 75g,1,10.00,10.00
19/08/2026,17:12:21,B00163,8906780453871,Red Label Tea 250g,1,135.00,135.00
19/08/2026,17:29:37,B00164,8901469251052,Dabur Red Paste 100g,1,55.00,55.00
19/08/2026,17:29:37,B00164,8909427653757,Parle Parle-G Biscuits 70g,1,10.00,10.00
19/08/2026,17:29:37,B00164,8907140272743,Haldiram Aloo Bhujia 42g,1,20.00,20.00
19/08/2026,17:40:25,B00165,8904176990627,Lizol Floor Cleaner 500ml,1,99.00,99.00
19/08/2026,17:53:48,B00166,8906743689880,Colgate Strong Teeth 100g,1,55.00,55.00
19/08/2026,17:55:36,B00167,8908977405076,Center Fresh Chewing Gum 28g,1,10.00,10.00
19/08/2026,17:56:57,B00168,8901943556130,Amul Gold Milk 500ml,1,33.00,33.00
19/08/2026,18:03:21,B00169,8906212271295,Clinic Plus Shampoo 175ml,1,99.00,99.00
19/08/2026,18:03:21,B00169,8903401125742,Frooti Mango Drink 600ml,1,40.00,40.00
19/08/2026,18:03:21,B00169,8904233433135,Lay's Classic Salted 52g,1,20.00,20.00
19/08/2026,18:06:00,B00170,8905557725456,Fortune Sunflower Oil 1L,1,135.00,135.00
19/08/2026,18:06:00,B00170,8904196790184,Mother Dairy Toned Milk 500ml,1,27.00,27.00
19/08/2026,18:10:31,B00171,8901469251052,Dabur Red Paste 100g,1,55.00,55.00
19/08/2026,18:10:46,B00172,8902550748321,Sprite Soft Drink 750ml,1,40.00,40.00
19/08/2026,18:13:51,B00173,8902550748321,Sprite Soft Drink 750ml,1,40.00,40.00
19/08/2026,18:20:28,B00174,8904233433135,Lay's Classic Salted 52g,1,20.00,20.00
19/08/2026,18:20:28,B00174,8903711049158,Mentos Mint Roll 29g,1,10.00,10.00
19/08/2026,18:36:08,B00175,8901384274525,Yippee Magic Masala 70g,1,14.00,14.00
19/08/2026,18:36:08,B00175,8907867306226,Rin Detergent Bar 250g,1,20.00,20.00
19/08/2026,18:41:31,B00176,8909136784575,Tata Salt 1kg,1,28.00,28.00
19/08/2026,18:42:02,B00177,8908401707462,Kurkure Masala Munch 90g,1,20.00,20.00
19/08/2026,18:42:02,B00177,8904921237526,Alpenliebe Candy Pack 50g,1,20.00,20.00
19/08/2026,18:43:36,B00178,8904485193979,Tide Detergent Powder 1kg,1,115.00,115.00
19/08/2026,18:43:36,B00178,8904657151196,Lux Soap 100g,1,35.00,35.00
19/08/2026,18:46:55,B00179,8904626778355,Britannia Bourbon 60g,1,10.00,10.00
19/08/2026,19:09:06,B00180,8901690527315,Real Mixed Fruit Juice 1L,1,125.00,125.00
19/08/2026,19:13:14,B00181,8907560856516,Nestle Munch 20g,1,10.00,10.00
19/08/2026,19:19:21,B00182,8907867306226,Rin Detergent Bar 250g,1,20.00,20.00
19/08/2026,19:27:19,B00183,8909534043717,Amul Masti Dahi 400g,1,45.00,45.00
19/08/2026,19:28:08,B00184,8909501511089,Amul Taaza Milk 500ml,1,27.00,27.00
19/08/2026,19:31:14,B00185,8902525262388,Lifebuoy Soap 125g,1,35.00,35.00
19/08/2026,19:39:27,B00186,8907064047854,Bournvita Health Drink 500g,1,245.00,245.00
19/08/2026,19:39:27,B00186,8908142746881,Santoor Soap 125g,1,35.00,35.00
19/08/2026,19:39:27,B00186,8908008397233,Pepsi Soft Drink 750ml,1,40.00,40.00
19/08/2026,19:40:27,B00187,8902473535046,Kinley Water 1L,1,20.00,20.00
19/08/2026,19:43:20,B00188,8908401707462,Kurkure Masala Munch 90g,1,20.00,20.00
19/08/2026,19:44:57,B00189,8907436422074,Bisleri Water 1L,1,20.00,20.00
19/08/2026,19:44:57,B00189,8907194704290,Maggi Masala Noodles 70g,1,14.00,14.00
19/08/2026,20:01:48,B00190,8904233433135,Lay's Classic Salted 52g,1,20.00,20.00
19/08/2026,20:03:40,B00191,8902234478650,Vim Dishwash Bar 300g,1,30.00,30.00
19/08/2026,20:06:30,B00192,8909023343151,Thums Up Soft Drink 750ml,1,40.00,40.00
19/08/2026,20:06:30,B00192,,LOOSE ITEM,1,28.00,28.00
19/08/2026,20:15:07,B00193,8902228449239,Polo Mint Roll 28g,1,10.00,10.00
19/08/2026,20:15:07,B00193,8900248761133,Britannia Good Day Cashew 75g,1,10.00,10.00
19/08/2026,20:25:17,B00194,8907197864939,Bingo Mad Angles 66g,1,20.00,20.00
19/08/2026,20:36:59,B00195,8902228449239,Polo Mint Roll 28g,1,10.00,10.00
19/08/2026,20:47:02,B00196,8909427653757,Parle Parle-G Biscuits 70g,1,10.00,10.00
19/08/2026,21:10:21,B00197,8906780453871,Red Label Tea 250g,1,135.00,135.00
19/08/2026,21:10:21,B00197,8904196790184,Mother Dairy Toned Milk 500ml,1,27.00,27.00
19/08/2026,21:13:52,B00198,8909501511089,Amul Taaza Milk 500ml,1,27.00,27.00
19/08/2026,21:26:28,B00199,8904233433135,Lay's Classic Salted 52g,1,20.00,20.00
19/08/2026,21:37:02,B00200,8908757386939,Sunfeast Marie Light 75g,1,10.00,10.00
19/08/2026,21:37:57,B00201,8907197864939,Bingo Mad Angles 66g,1,20.00,20.00
19/08/2026,21:37:57,B00201,8902473535046,Kinley Water 1L,1,20.00,20.00
20/08/2026,07:03:37,B00202,8907956866624,Colin Glass Cleaner 500ml,1,95.00,95.00
20/08/2026,07:53:01,B00203,8904233433135,Lay's Classic Salted 52g,1,20.00,20.00
20/08/2026,07:59:25,B00204,8907194704290,Maggi Masala Noodles 70g,1,14.00,14.00
20/08/2026,08:00:46,B00205,8908944388630,Fortune Soyabean Oil 1L,1,125.00,125.00
20/08/2026,08:16:32,B00206,8907197864939,Bingo Mad Angles 66g,1,20.00,20.00
20/08/2026,08:16:32,B00206,8906378779086,Surf Excel Easy Wash 1kg,1,125.00,125.00
20/08/2026,08:32:34,B00207,8907436422074,Bisleri Water 1L,1,20.00,20.00
20/08/2026,08:42:08,B00208,8909501511089,Amul Taaza Milk 500ml,1,27.00,27.00
20/08/2026,08:46:03,B00209,8909501511089,Amul Taaza Milk 500ml,1,27.00,27.00
20/08/2026,08:47:24,B00210,8904626778355,Britannia Bourbon 60g,1,10.00,10.00
20/08/2026,08:52:14,B00211,8902550748321,Sprite Soft Drink 750ml,1,40.00,40.00
20/08/2026,08:55:56,B00212,8901393160451,Coca-Cola Soft Drink 750ml,1,40.00,40.00
20/08/2026,09:10:57,B00213,8904657151196,Lux Soap 100g,1,35.00,35.00
20/08/2026,09:13:11,B00214,8908008397233,Pepsi Soft Drink 750ml,1,40.00,40.00
20/08/2026,09:18:45,B00215,8905800014993,Bru Instant Coffee 50g,1,155.00,155.00
20/08/2026,09:23:29,B00216,8909713071128,Aashirvaad Atta 1kg,1,62.00,62.00
20/08/2026,09:27:08,B00217,8903711049158,Mentos Mint Roll 29g,1,10.00,10.00
20/08/2026,09:29:06,B00218,8903632424966,Nestle KitKat 37g,1,20.00,20.00
20/08/2026,09:29:06,B00218,8903401125742,Frooti Mango Drink 600ml,1,40.00,40.00
20/08/2026,09:34:52,B00219,8908977405076,Center Fresh Chewing Gum 28g,1,10.00,10.00
20/08/2026,09:35:14,B00220,8905982374540,Clinic Plus Shampoo Sachet 6ml,1,3.00,3.00
20/08/2026,09:35:14,B00220,8904823446491,Taj Mahal Tea 250g,1,175.00,175.00
20/08/2026,09:35:14,B00220,8909501511089,Amul Taaza Milk 500ml,1,27.00,27.00
20/08/2026,09:38:33,B00221,8901384274525,Yippee Magic Masala 70g,1,14.00,14.00
20/08/2026,09:41:19,B00222,8900248761133,Britannia Good Day Cashew 75g,1,10.00,10.00
20/08/2026,09:47:31,B00223,8907194704290,Maggi Masala Noodles 70g,1,14.00,14.00
20/08/2026,09:49:10,B00224,8908944388630,Fortune Soyabean Oil 1L,1,125.00,125.00
20/08/2026,09:59:31,B00225,8902234478650,Vim Dishwash Bar 300g,1,30.00,30.00
20/08/2026,09:59:46,B00226,8903277964018,Medimix Soap 125g,1,40.00,40.00
20/08/2026,09:59:46,B00226,8909501511089,Amul Taaza Milk 500ml,1,27.00,27.00
20/08/2026,10:12:50,B00227,8906715612472,Dettol Soap 125g,1,45.00,45.00
20/08/2026,10:24:45,B00228,8900248761133,Britannia Good Day Cashew 75g,1,10.00,10.00
20/08/2026,10:24:45,B00228,8903632424966,Nestle KitKat 37g,1,20.00,20.00
20/08/2026,10:39:17,B00229,8904233433135,Lay's Classic Salted 52g,1,20.00,20.00
20/08/2026,10:39:17,B00229,8904921237526,Alpenliebe Candy Pack 50g,1,20.00,20.00
20/08/2026,10:40:45,B00230,8904233433135,Lay's Classic Salted 52g,1,20.00,20.00
20/08/2026,10:47:00,B00231,8902525262388,Lifebuoy Soap 125g,1,35.00,35.00
20/08/2026,10:49:28,B00232,8909600566041,Cadbury Gems 17g,1,10.00,10.00
20/08/2026,10:50:06,B00233,8901384274525,Yippee Magic Masala 70g,1,14.00,14.00
20/08/2026,10:55:04,B00234,8904626778355,Britannia Bourbon 60g,1,10.00,10.00
20/08/2026,11:15:17,B00235,8907194704290,Maggi Masala Noodles 70g,1,14.00,14.00
20/08/2026,11:23:29,B00236,8904472281122,Gillette Shaving Cream 70g,1,99.00,99.00
20/08/2026,11:23:29,B00236,8903722609518,Horlicks Classic Malt 500g,1,255.00,255.00
20/08/2026,11:26:00,B00237,8900635707409,Top Ramen Curry Noodles 70g,1,14.00,14.00
20/08/2026,11:26:00,B00237,8905982374540,Clinic Plus Shampoo Sachet 6ml,1,3.00,3.00
20/08/2026,11:26:00,B00237,8907194704290,Maggi Masala Noodles 70g,1,14.00,14.00
20/08/2026,11:51:33,B00238,8905557725456,Fortune Sunflower Oil 1L,1,135.00,135.00
20/08/2026,11:51:33,B00238,8901943556130,Amul Gold Milk 500ml,1,33.00,33.00
20/08/2026,11:59:21,B00239,8906710455012,Vim Dishwash Gel 500ml,1,115.00,115.00
20/08/2026,11:59:21,B00239,8904233433135,Lay's Classic Salted 52g,1,20.00,20.00
20/08/2026,12:03:55,B00240,8900257989146,Parle Krackjack 70g,1,10.00,10.00
20/08/2026,12:03:55,B00240,8903280387262,Tata Tea Gold 250g,1,145.00,145.00
20/08/2026,12:03:55,B00240,8909600566041,Cadbury Gems 17g,1,10.00,10.00
20/08/2026,12:22:51,B00241,8909501511089,Amul Taaza Milk 500ml,1,27.00,27.00
20/08/2026,12:22:51,B00241,8902234478650,Vim Dishwash Bar 300g,1,30.00,30.00
20/08/2026,12:27:36,B00242,8908084499371,Amul Butter 100g,1,62.00,62.00
20/08/2026,13:31:43,B00243,8908757386939,Sunfeast Marie Light 75g,1,10.00,10.00
20/08/2026,13:31:43,B00243,8900248761133,Britannia Good Day Cashew 75g,1,10.00,10.00
20/08/2026,14:06:47,B00244,8907560856516,Nestle Munch 20g,1,10.00,10.00
20/08/2026,14:06:47,B00244,8907174824185,Madhur Sugar 1kg,1,48.00,48.00
20/08/2026,14:14:21,B00245,8902234478650,Vim Dishwash Bar 300g,1,30.00,30.00
20/08/2026,14:27:07,B00246,8908008397233,Pepsi Soft Drink 750ml,1,40.00,40.00
20/08/2026,14:59:21,B00247,8909567262253,Dhara Mustard Oil 1L,1,155.00,155.00
20/08/2026,15:06:23,B00248,8907833475284,Ariel Detergent Powder 1kg,1,165.00,165.00
20/08/2026,15:22:46,B00249,8909600566041,Cadbury Gems 17g,1,10.00,10.00
20/08/2026,15:22:46,B00249,8908401707462,Kurkure Masala Munch 90g,1,20.00,20.00
20/08/2026,15:22:46,B00249,8904233433135,Lay's Classic Salted 52g,1,20.00,20.00
20/08/2026,15:36:14,B00250,8907194704290,Maggi Masala Noodles 70g,1,14.00,14.00
20/08/2026,15:36:14,B00250,8909427653757,Parle Parle-G Biscuits 70g,1,10.00,10.00
20/08/2026,15:36:14,B00250,8902172108503,Aashirvaad Atta 5kg,1,285.00,285.00
20/08/2026,15:43:22,B00251,8905331753835,Cadbury 5 Star 40g,1,20.00,20.00
20/08/2026,15:45:20,B00252,8907483429934,Pepsodent Germicheck 100g,1,55.00,55.00
20/08/2026,15:51:07,B00253,8904872245939,Tropicana Orange Juice 1L,1,125.00,125.00
20/08/2026,15:51:07,B00253,8905982374540,Clinic Plus Shampoo Sachet 6ml,1,3.00,3.00
20/08/2026,15:54:50,B00254,8901384274525,Yippee Magic Masala 70g,1,14.00,14.00
20/08/2026,16:27:36,B00255,8908084499371,Amul Butter 100g,1,62.00,62.00
20/08/2026,16:31:34,B00256,8903184899656,Fortune Sunflower Oil 5L,1,640.00,640.00
20/08/2026,16:31:34,B00256,8904196790184,Mother Dairy Toned Milk 500ml,1,27.00,27.00
20/08/2026,17:02:19,B00257,8909534043717,Amul Masti Dahi 400g,1,45.00,45.00
20/08/2026,17:02:19,B00257,8907436422074,Bisleri Water 1L,1,20.00,20.00
20/08/2026,17:02:19,B00257,8902550748321,Sprite Soft Drink 750ml,1,40.00,40.00
20/08/2026,17:08:15,B00258,8909600566041,Cadbury Gems 17g,1,10.00,10.00
20/08/2026,17:24:08,B00259,,LOOSE ITEM,1,10.00,10.00
20/08/2026,17:24:08,B00259,8907483429934,Pepsodent Germicheck 100g,1,55.00,55.00
20/08/2026,17:30:38,B00260,8909501511089,Amul Taaza Milk 500ml,1,27.00,27.00
20/08/2026,17:30:38,B00260,,LOOSE ITEM,1,10.00,10.00
20/08/2026,17:30:38,B00260,8903632424966,Nestle KitKat 37g,1,20.00,20.00
20/08/2026,17:43:01,B00261,8901384274525,Yippee Magic Masala 70g,1,14.00,14.00
20/08/2026,17:43:01,B00261,8901943556130,Amul Gold Milk 500ml,1,33.00,33.00
20/08/2026,17:57:55,B00262,8905982374540,Clinic Plus Shampoo Sachet 6ml,1,3.00,3.00
20/08/2026,17:57:55,B00262,8907064047854,Bournvita Health Drink 500g,1,245.00,245.00
20/08/2026,18:03:12,B00263,8908233620472,Good Knight Mosquito Refill 45ml,1,85.00,85.00
20/08/2026,18:07:50,B00264,8902234478650,Vim Dishwash Bar 300g,1,30.00,30.00
20/08/2026,18:12:00,B00265,8909023343151,Thums Up Soft Drink 750ml,1,40.00,40.00
20/08/2026,18:12:54,B00266,8903277964018,Medimix Soap 125g,1,40.00,40.00
20/08/2026,18:15:19,B00267,8900248761133,Britannia Good Day Cashew 75g,1,10.00,10.00
20/08/2026,18:15:19,B00267,8909501511089,Amul Taaza Milk 500ml,1,27.00,27.00
20/08/2026,18:26:33,B00268,8909534043717,Amul Masti Dahi 400g,1,45.00,45.00
20/08/2026,18:26:33,B00268,8906743689880,Colgate Strong Teeth 100g,1,55.00,55.00
20/08/2026,18:27:38,B00269,8907483429934,Pepsodent Germicheck 100g,1,55.00,55.00
20/08/2026,18:27:38,B00269,8904921237526,Alpenliebe Candy Pack 50g,1,20.00,20.00
20/08/2026,18:27:38,B00269,8908142746881,Santoor Soap 125g,1,35.00,35.00
20/08/2026,18:28:48,B00270,8901393160451,Coca-Cola Soft Drink 750ml,1,40.00,40.00
20/08/2026,18:37:41,B00271,8909534043717,Amul Masti Dahi 400g,1,45.00,45.00
20/08/2026,18:37:41,B00271,8907064047854,Bournvita Health Drink 500g,1,245.00,245.00
20/08/2026,18:45:44,B00272,8909501511089,Amul Taaza Milk 500ml,1,27.00,27.00
20/08/2026,18:52:17,B00273,8907867306226,Rin Detergent Bar 250g,1,20.00,20.00
20/08/2026,18:58:17,B00274,8909501511089,Amul Taaza Milk 500ml,1,27.00,27.00
20/08/2026,19:01:12,B00275,8902961762459,Sundrop Peanut Butter 200g,1,135.00,135.00
20/08/2026,19:01:46,B00276,8901193121348,India Gate Basmati Rice 1kg,1,135.00,135.00
20/08/2026,19:02:50,B00277,8906751908089,Dettol Antiseptic Liquid 125ml,1,75.00,75.00
20/08/2026,19:04:02,B00278,8907867306226,Rin Detergent Bar 250g,1,20.00,20.00
20/08/2026,19:04:26,B00279,8907560856516,Nestle Munch 20g,1,10.00,10.00
20/08/2026,19:04:26,B00279,8906780453871,Red Label Tea 250g,1,135.00,135.00
20/08/2026,19:05:10,B00280,8908084499371,Amul Butter 100g,1,62.00,62.00
20/08/2026,19:15:59,B00281,8903238955901,Wheel Detergent Powder 1kg,1,62.00,62.00
20/08/2026,19:15:59,B00281,8901384274525,Yippee Magic Masala 70g,1,14.00,14.00
20/08/2026,19:21:41,B00282,8903238955901,Wheel Detergent Powder 1kg,1,62.00,62.00
20/08/2026,19:21:49,B00283,8907867306226,Rin Detergent Bar 250g,1,20.00,20.00
20/08/2026,19:38:54,B00284,8907560856516,Nestle Munch 20g,1,10.00,10.00
20/08/2026,19:40:58,B00285,8909136784575,Tata Salt 1kg,1,28.00,28.00
20/08/2026,19:40:58,B00285,8905982374540,Clinic Plus Shampoo Sachet 6ml,1,3.00,3.00
20/08/2026,19:40:58,B00285,8901393160451,Coca-Cola Soft Drink 750ml,1,40.00,40.00
20/08/2026,19:43:09,B00286,8903238955901,Wheel Detergent Powder 1kg,1,62.00,62.00
20/08/2026,19:49:39,B00287,8908142746881,Santoor Soap 125g,1,35.00,35.00
20/08/2026,19:54:07,B00288,8904196790184,Mother Dairy Toned Milk 500ml,1,27.00,27.00
20/08/2026,19:54:07,B00288,8902473535046,Kinley Water 1L,1,20.00,20.00
20/08/2026,20:10:34,B00289,8903632424966,Nestle KitKat 37g,1,20.00,20.00
20/08/2026,20:10:34,B00289,8903711049158,Mentos Mint Roll 29g,1,10.00,10.00
20/08/2026,20:15:58,B00290,8902473535046,Kinley Water 1L,1,20.00,20.00
20/08/2026,20:15:58,B00290,,LOOSE ITEM,1,3.00,3.00
20/08/2026,20:21:01,B00291,8909501511089,Amul Taaza Milk 500ml,1,27.00,27.00
20/08/2026,20:21:01,B00291,8904626778355,Britannia Bourbon 60g,1,10.00,10.00
20/08/2026,20:21:54,B00292,8908401707462,Kurkure Masala Munch 90g,2,20.00,40.00
20/08/2026,20:21:54,B00292,8901943556130,Amul Gold Milk 500ml,1,33.00,33.00
20/08/2026,20:34:44,B00293,8907436422074,Bisleri Water 1L,1,20.00,20.00
20/08/2026,20:37:49,B00294,8907436422074,Bisleri Water 1L,1,20.00,20.00
20/08/2026,20:43:16,B00295,8903238955901,Wheel Detergent Powder 1kg,1,62.00,62.00
20/08/2026,20:43:16,B00295,8906715612472,Dettol Soap 125g,1,45.00,45.00
20/08/2026,20:43:16,B00295,8908401707462,Kurkure Masala Munch 90g,1,20.00,20.00
20/08/2026,20:46:43,B00296,8906780453871,Red Label Tea 250g,1,135.00,135.00
20/08/2026,20:58:22,B00297,8902228449239,Polo Mint Roll 28g,1,10.00,10.00
20/08/2026,20:58:22,B00297,8907844307079,Saffola Gold Oil 1L,1,175.00,175.00
20/08/2026,20:58:50,B00298,8908996794274,MDH Chana Masala 100g,1,75.00,75.00
20/08/2026,21:14:38,B00299,8904485193979,Tide Detergent Powder 1kg,1,115.00,115.00
20/08/2026,21:15:42,B00300,8905557725456,Fortune Sunflower Oil 1L,1,135.00,135.00
20/08/2026,21:44:32,B00301,8903401125742,Frooti Mango Drink 600ml,1,40.00,40.00
20/08/2026,21:51:28,B00302,8902853532528,Daawat Rozana Rice 5kg,1,340.00,340.00
20/08/2026,21:51:28,B00302,8907560856516,Nestle Munch 20g,1,10.00,10.00
20/08/2026,21:56:55,B00303,8905982374540,Clinic Plus Shampoo Sachet 6ml,1,3.00,3.00
20/08/2026,21:56:55,B00303,8905557725456,Fortune Sunflower Oil 1L,1,135.00,135.00
21/08/2026,06:01:56,B00304,8908084499371,Amul Butter 100g,1,62.00,62.00
21/08/2026,06:01:56,B00304,8904823446491,Taj Mahal Tea 250g,1,175.00,175.00
21/08/2026,06:30:22,B00305,8906036439130,Cadbury Perk 35g,1,20.00,20.00
21/08/2026,06:30:22,B00305,8907483429934,Pepsodent Germicheck 100g,1,55.00,55.00
21/08/2026,06:52:19,B00306,8904626778355,Britannia Bourbon 60g,1,10.00,10.00
21/08/2026,07:20:01,B00307,8904196790184,Mother Dairy Toned Milk 500ml,1,27.00,27.00
21/08/2026,07:24:09,B00308,8909501511089,Amul Taaza Milk 500ml,1,27.00,27.00
21/08/2026,07:24:11,B00309,,LOOSE ITEM,1,62.00,62.00
21/08/2026,07:24:11,B00309,8909600566041,Cadbury Gems 17g,1,10.00,10.00
21/08/2026,07:39:47,B00310,8908008397233,Pepsi Soft Drink 750ml,1,40.00,40.00
21/08/2026,08:01:20,B00311,8906604803769,Cadbury Dairy Milk 50g,1,45.00,45.00
21/08/2026,08:01:20,B00311,8909501511089,Amul Taaza Milk 500ml,1,27.00,27.00
21/08/2026,08:02:19,B00312,8906036439130,Cadbury Perk 35g,1,20.00,20.00
21/08/2026,08:05:40,B00313,,LOOSE ITEM,1,99.00,99.00
21/08/2026,08:05:40,B00313,8904485193979,Tide Detergent Powder 1kg,1,115.00,115.00
21/08/2026,08:05:40,B00313,8903003453342,Head&Shoulders Anti-Dandruff 180ml,1,185.00,185.00
21/08/2026,08:13:54,B00314,8905982374540,Clinic Plus Shampoo Sachet 6ml,1,3.00,3.00
21/08/2026,08:18:08,B00315,8905982374540,Clinic Plus Shampoo Sachet 6ml,1,3.00,3.00
21/08/2026,08:35:16,B00316,8908401707462,Kurkure Masala Munch 90g,1,20.00,20.00
21/08/2026,08:44:21,B00317,8909023343151,Thums Up Soft Drink 750ml,1,40.00,40.00
21/08/2026,08:54:01,B00318,,LOOSE ITEM,1,115.00,115.00
21/08/2026,08:55:50,B00319,8906710455012,Vim Dishwash Gel 500ml,1,115.00,115.00
21/08/2026,09:00:10,B00320,8904657151196,Lux Soap 100g,1,35.00,35.00
21/08/2026,09:13:54,B00321,8908977405076,Center Fresh Chewing Gum 28g,1,10.00,10.00
21/08/2026,09:16:58,B00322,8908757386939,Sunfeast Marie Light 75g,1,10.00,10.00
21/08/2026,09:20:09,B00323,,LOOSE ITEM,1,10.00,10.00
21/08/2026,09:24:44,B00324,8909534043717,Amul Masti Dahi 400g,1,45.00,45.00
21/08/2026,09:26:35,B00325,8901393160451,Coca-Cola Soft Drink 750ml,1,40.00,40.00
21/08/2026,09:37:45,B00326,8907140272743,Haldiram Aloo Bhujia 42g,1,20.00,20.00
21/08/2026,09:48:34,B00327,8904921237526,Alpenliebe Candy Pack 50g,1,20.00,20.00
21/08/2026,09:53:09,B00328,8907194704290,Maggi Masala Noodles 70g,1,14.00,14.00
21/08/2026,09:53:09,B00328,8900248761133,Britannia Good Day Cashew 75g,1,10.00,10.00
21/08/2026,09:54:47,B00329,8906604803769,Cadbury Dairy Milk 50g,1,45.00,45.00
21/08/2026,09:56:27,B00330,8907867306226,Rin Detergent Bar 250g,1,20.00,20.00
21/08/2026,09:56:27,B00330,8902550748321,Sprite Soft Drink 750ml,1,40.00,40.00
21/08/2026,10:00:14,B00331,8902172108503,Aashirvaad Atta 5kg,1,285.00,285.00
21/08/2026,10:16:15,B00332,8903839874342,Chik Shampoo Sachet 6ml,1,3.00,3.00
21/08/2026,10:17:05,B00333,8900257989146,Parle Krackjack 70g,1,10.00,10.00
21/08/2026,10:17:05,B00333,8902228449239,Polo Mint Roll 28g,1,10.00,10.00
21/08/2026,10:29:15,B00334,8902473535046,Kinley Water 1L,1,20.00,20.00
21/08/2026,10:29:15,B00334,,LOOSE ITEM,1,27.00,27.00
21/08/2026,10:29:15,B00334,8903277964018,Medimix Soap 125g,1,40.00,40.00
21/08/2026,10:37:52,B00335,8908401707462,Kurkure Masala Munch 90g,1,20.00,20.00
21/08/2026,10:38:37,B00336,8900248761133,Britannia Good Day Cashew 75g,1,10.00,10.00
21/08/2026,10:41:48,B00337,8907197864939,Bingo Mad Angles 66g,1,20.00,20.00
21/08/2026,10:53:33,B00338,8904472281122,Gillette Shaving Cream 70g,1,99.00,99.00
21/08/2026,10:53:59,B00339,8904116546181,Maggi Masala Noodles 4-pack 280g,1,56.00,56.00
21/08/2026,11:00:31,B00340,8902550748321,Sprite Soft Drink 750ml,1,40.00,40.00
21/08/2026,11:00:31,B00340,8906378779086,Surf Excel Easy Wash 1kg,1,125.00,125.00
21/08/2026,11:00:31,B00340,8904657151196,Lux Soap 100g,1,35.00,35.00
21/08/2026,11:05:59,B00341,8907560856516,Nestle Munch 20g,1,10.00,10.00
21/08/2026,11:08:06,B00342,8901393160451,Coca-Cola Soft Drink 750ml,1,40.00,40.00
21/08/2026,11:16:47,B00343,8907197864939,Bingo Mad Angles 66g,1,20.00,20.00
21/08/2026,11:16:47,B00343,8906710455012,Vim Dishwash Gel 500ml,1,115.00,115.00
21/08/2026,11:17:39,B00344,8908977405076,Center Fresh Chewing Gum 28g,1,10.00,10.00
21/08/2026,11:22:02,B00345,8903711049158,Mentos Mint Roll 29g,1,10.00,10.00
21/08/2026,11:26:53,B00346,8907637469151,Maaza Mango Drink 600ml,1,40.00,40.00
21/08/2026,11:50:40,B00347,8901943556130,Amul Gold Milk 500ml,1,33.00,33.00
21/08/2026,12:08:56,B00348,8903839874342,Chik Shampoo Sachet 6ml,1,3.00,3.00
21/08/2026,12:43:17,B00349,8909713071128,Aashirvaad Atta 1kg,1,62.00,62.00
21/08/2026,13:01:04,B00350,8905270366202,Everest Turmeric Powder 200g,1,68.00,68.00
21/08/2026,13:13:19,B00351,8908079489875,Everest Garam Masala 100g,1,75.00,75.00
21/08/2026,13:23:28,B00352,8907560856516,Nestle Munch 20g,1,10.00,10.00
21/08/2026,13:23:28,B00352,8903711049158,Mentos Mint Roll 29g,1,10.00,10.00
21/08/2026,13:23:28,B00352,8909023343151,Thums Up Soft Drink 750ml,1,40.00,40.00
21/08/2026,13:30:53,B00353,8904176990627,Lizol Floor Cleaner 500ml,1,99.00,99.00
21/08/2026,13:30:53,B00353,8906751908089,Dettol Antiseptic Liquid 125ml,1,75.00,75.00
21/08/2026,13:34:48,B00354,8908944388630,Fortune Soyabean Oil 1L,1,125.00,125.00
21/08/2026,14:46:44,B00355,8908401707462,Kurkure Masala Munch 90g,1,20.00,20.00
21/08/2026,14:53:51,B00356,8901193121348,India Gate Basmati Rice 1kg,1,135.00,135.00
21/08/2026,14:53:51,B00356,8903839874342,Chik Shampoo Sachet 6ml,1,3.00,3.00
21/08/2026,15:06:29,B00357,8901943556130,Amul Gold Milk 500ml,1,33.00,33.00
21/08/2026,15:12:51,B00358,8908142746881,Santoor Soap 125g,1,35.00,35.00
21/08/2026,15:12:51,B00358,8908084499371,Amul Butter 100g,1,62.00,62.00
21/08/2026,15:12:51,B00358,8900257989146,Parle Krackjack 70g,1,10.00,10.00
21/08/2026,15:17:47,B00359,8901193121348,India Gate Basmati Rice 1kg,1,135.00,135.00
21/08/2026,15:32:05,B00360,8907197864939,Bingo Mad Angles 66g,1,20.00,20.00
21/08/2026,15:40:44,B00361,8901690527315,Real Mixed Fruit Juice 1L,1,125.00,125.00
21/08/2026,15:40:44,B00361,8909534043717,Amul Masti Dahi 400g,1,45.00,45.00
21/08/2026,15:49:33,B00362,8907174824185,Madhur Sugar 1kg,1,48.00,48.00
21/08/2026,15:57:01,B00363,8907560856516,Nestle Munch 20g,1,10.00,10.00
21/08/2026,16:05:21,B00364,8909501511089,Amul Taaza Milk 500ml,1,27.00,27.00
21/08/2026,16:24:32,B00365,8905982374540,Clinic Plus Shampoo Sachet 6ml,1,3.00,3.00
21/08/2026,16:40:23,B00366,8905982374540,Clinic Plus Shampoo Sachet 6ml,1,3.00,3.00
21/08/2026,16:42:38,B00367,8904196790184,Mother Dairy Toned Milk 500ml,1,27.00,27.00
21/08/2026,16:42:38,B00367,8906604803769,Cadbury Dairy Milk 50g,1,45.00,45.00
21/08/2026,16:45:38,B00368,8909120041196,Surf Excel Easy Wash 500g,1,68.00,68.00
21/08/2026,17:08:25,B00369,8905557725456,Fortune Sunflower Oil 1L,1,135.00,135.00
21/08/2026,17:08:25,B00369,8903401125742,Frooti Mango Drink 600ml,1,40.00,40.00
21/08/2026,17:15:48,B00370,8909427653757,Parle Parle-G Biscuits 70g,1,10.00,10.00
21/08/2026,17:25:05,B00371,8904626778355,Britannia Bourbon 60g,1,10.00,10.00
21/08/2026,17:25:05,B00371,8907560856516,Nestle Munch 20g,1,10.00,10.00
21/08/2026,17:25:37,B00372,8908401707462,Kurkure Masala Munch 90g,1,20.00,20.00
21/08/2026,17:37:52,B00373,8907436422074,Bisleri Water 1L,1,20.00,20.00
21/08/2026,17:41:34,B00374,8901943556130,Amul Gold Milk 500ml,1,33.00,33.00
21/08/2026,17:41:34,B00374,8903401125742,Frooti Mango Drink 600ml,1,40.00,40.00
21/08/2026,17:51:13,B00375,8905982374540,Clinic Plus Shampoo Sachet 6ml,1,3.00,3.00
21/08/2026,17:51:13,B00375,8907174824185,Madhur Sugar 1kg,1,48.00,48.00
21/08/2026,18:04:01,B00376,8909501511089,Amul Taaza Milk 500ml,1,27.00,27.00
21/08/2026,18:04:01,B00376,8904626778355,Britannia Bourbon 60g,1,10.00,10.00
21/08/2026,18:15:03,B00377,8903379154812,Amul Butter 500g,1,295.00,295.00
21/08/2026,18:30:46,B00378,8903401125742,Frooti Mango Drink 600ml,1,40.00,40.00
21/08/2026,18:34:27,B00379,8905331753835,Cadbury 5 Star 40g,1,20.00,20.00
21/08/2026,18:34:27,B00379,8909713071128,Aashirvaad Atta 1kg,1,62.00,62.00
21/08/2026,18:34:52,B00380,8902172108503,Aashirvaad Atta 5kg,1,285.00,285.00
21/08/2026,18:34:52,B00380,8907867306226,Rin Detergent Bar 250g,1,20.00,20.00
21/08/2026,18:38:14,B00381,8903839874342,Chik Shampoo Sachet 6ml,1,3.00,3.00
21/08/2026,18:42:03,B00382,8907867306226,Rin Detergent Bar 250g,1,20.00,20.00
21/08/2026,18:52:59,B00383,8903711049158,Mentos Mint Roll 29g,1,10.00,10.00
21/08/2026,18:52:59,B00383,8907236061046,All Out Mosquito Refill 45ml,1,85.00,85.00
21/08/2026,18:56:43,B00384,8906743689880,Colgate Strong Teeth 100g,1,55.00,55.00
21/08/2026,18:57:58,B00385,,LOOSE ITEM,1,35.00,35.00
21/08/2026,18:57:58,B00385,8900257989146,Parle Krackjack 70g,1,10.00,10.00
21/08/2026,18:58:21,B00386,8907236061046,All Out Mosquito Refill 45ml,1,85.00,85.00
21/08/2026,18:58:48,B00387,8907956866624,Colin Glass Cleaner 500ml,1,95.00,95.00
21/08/2026,19:06:38,B00388,8901690527315,Real Mixed Fruit Juice 1L,1,125.00,125.00
21/08/2026,19:06:38,B00388,8906780453871,Red Label Tea 250g,1,135.00,135.00
21/08/2026,19:15:26,B00389,8901943556130,Amul Gold Milk 500ml,1,33.00,33.00
21/08/2026,19:19:29,B00390,8907197864939,Bingo Mad Angles 66g,1,20.00,20.00
21/08/2026,19:19:29,B00390,8903277964018,Medimix Soap 125g,1,40.00,40.00
21/08/2026,19:19:29,B00390,8909427653757,Parle Parle-G Biscuits 70g,1,10.00,10.00
21/08/2026,19:24:21,B00391,8905982374540,Clinic Plus Shampoo Sachet 6ml,1,3.00,3.00
21/08/2026,19:24:21,B00391,8908757386939,Sunfeast Marie Light 75g,1,10.00,10.00
21/08/2026,19:36:47,B00392,8907560856516,Nestle Munch 20g,1,10.00,10.00
21/08/2026,19:36:47,B00392,8903280387262,Tata Tea Gold 250g,1,145.00,145.00
21/08/2026,19:37:28,B00393,8909023343151,Thums Up Soft Drink 750ml,1,40.00,40.00
21/08/2026,19:38:24,B00394,8907140272743,Haldiram Aloo Bhujia 42g,1,20.00,20.00
21/08/2026,19:38:24,B00394,8903839874342,Chik Shampoo Sachet 6ml,1,3.00,3.00
21/08/2026,19:39:04,B00395,8909136784575,Tata Salt 1kg,1,28.00,28.00
21/08/2026,19:51:43,B00396,8905270366202,Everest Turmeric Powder 200g,1,68.00,68.00
21/08/2026,19:53:11,B00397,8908193642644,Nestle Milkmaid 400g,1,145.00,145.00
21/08/2026,19:59:49,B00398,,LOOSE ITEM,1,14.00,14.00
21/08/2026,19:59:49,B00398,8904196790184,Mother Dairy Toned Milk 500ml,1,27.00,27.00
21/08/2026,20:01:29,B00399,8904116546181,Maggi Masala Noodles 4-pack 280g,2,56.00,112.00
21/08/2026,20:07:56,B00400,8904657151196,Lux Soap 100g,1,35.00,35.00
21/08/2026,20:07:56,B00400,8908401707462,Kurkure Masala Munch 90g,1,20.00,20.00
21/08/2026,20:13:43,B00401,8909427653757,Parle Parle-G Biscuits 70g,1,10.00,10.00
21/08/2026,20:18:54,B00402,8902234478650,Vim Dishwash Bar 300g,1,30.00,30.00
21/08/2026,20:18:54,B00402,8906715612472,Dettol Soap 125g,1,45.00,45.00
21/08/2026,20:25:37,B00403,8903632424966,Nestle KitKat 37g,1,20.00,20.00
21/08/2026,20:29:09,B00404,8909023343151,Thums Up Soft Drink 750ml,1,40.00,40.00
21/08/2026,20:45:36,B00405,8906036439130,Cadbury Perk 35g,1,20.00,20.00
21/08/2026,20:45:36,B00405,8907560856516,Nestle Munch 20g,1,10.00,10.00
21/08/2026,20:48:07,B00406,8903280387262,Tata Tea Gold 250g,1,145.00,145.00
21/08/2026,20:48:07,B00406,8908977405076,Center Fresh Chewing Gum 28g,1,10.00,10.00
21/08/2026,20:48:07,B00406,8901943556130,Amul Gold Milk 500ml,1,33.00,33.00
21/08/2026,20:48:51,B00407,8907197864939,Bingo Mad Angles 66g,1,20.00,20.00
21/08/2026,20:57:33,B00408,8909501511089,Amul Taaza Milk 500ml,1,27.00,27.00
21/08/2026,21:29:57,B00409,8903722609518,Horlicks Classic Malt 500g,1,255.00,255.00
21/08/2026,21:29:57,B00409,8900248761133,Britannia Good Day Cashew 75g,1,10.00,10.00
21/08/2026,21:44:31,B00410,8908373852658,Closeup Red Hot 150g,1,95.00,95.00
21/08/2026,21:57:18,B00411,8904176990627,Lizol Floor Cleaner 500ml,1,99.00,99.00
22/08/2026,06:05:13,B00412,8907637469151,Maaza Mango Drink 600ml,1,40.00,40.00
22/08/2026,06:20:09,B00413,8908401707462,Kurkure Masala Munch 90g,1,20.00,20.00
22/08/2026,07:19:42,B00414,8907560856516,Nestle Munch 20g,1,10.00,10.00
22/08/2026,07:19:42,B00414,8904233433135,Lay's Classic Salted 52g,1,20.00,20.00
22/08/2026,07:52:28,B00415,,LOOSE ITEM,1,185.00,185.00
22/08/2026,07:53:19,B00416,8906036439130,Cadbury Perk 35g,1,20.00,20.00
22/08/2026,07:53:19,B00416,8901393160451,Coca-Cola Soft Drink 750ml,1,40.00,40.00
22/08/2026,07:56:49,B00417,8909427653757,Parle Parle-G Biscuits 70g,1,10.00,10.00
22/08/2026,08:09:42,B00418,8907436422074,Bisleri Water 1L,1,20.00,20.00
22/08/2026,08:11:57,B00419,8900257989146,Parle Krackjack 70g,1,10.00,10.00
22/08/2026,08:13:56,B00420,8905270366202,Everest Turmeric Powder 200g,1,68.00,68.00
22/08/2026,08:13:56,B00420,8905875652885,Maggi Hot & Sweet Sauce 500g,1,115.00,115.00
22/08/2026,08:13:56,B00420,8903839874342,Chik Shampoo Sachet 6ml,1,3.00,3.00
22/08/2026,08:14:14,B00421,8906118385591,Kissan Mixed Fruit Jam 500g,1,145.00,145.00
22/08/2026,08:16:18,B00422,8908401707462,Kurkure Masala Munch 90g,1,20.00,20.00
22/08/2026,08:20:14,B00423,8908084499371,Amul Butter 100g,1,62.00,62.00
22/08/2026,08:28:54,B00424,8901393160451,Coca-Cola Soft Drink 750ml,1,40.00,40.00
22/08/2026,08:32:30,B00425,8903839874342,Chik Shampoo Sachet 6ml,1,3.00,3.00
22/08/2026,08:32:33,B00426,8908008397233,Pepsi Soft Drink 750ml,1,40.00,40.00
22/08/2026,08:37:24,B00427,8907560856516,Nestle Munch 20g,1,10.00,10.00
22/08/2026,08:46:09,B00428,8905270366202,Everest Turmeric Powder 200g,1,68.00,68.00
22/08/2026,08:46:09,B00428,,LOOSE ITEM,1,56.00,56.00
22/08/2026,09:07:41,B00429,8906378779086,Surf Excel Easy Wash 1kg,1,125.00,125.00
22/08/2026,09:08:41,B00430,8907236061046,All Out Mosquito Refill 45ml,1,85.00,85.00
22/08/2026,09:09:20,B00431,8908996794274,MDH Chana Masala 100g,1,75.00,75.00
22/08/2026,09:09:20,B00431,8907867306226,Rin Detergent Bar 250g,1,20.00,20.00
22/08/2026,09:09:20,B00431,8907436422074,Bisleri Water 1L,1,20.00,20.00
22/08/2026,09:16:05,B00432,8905982374540,Clinic Plus Shampoo Sachet 6ml,1,3.00,3.00
22/08/2026,09:16:05,B00432,8909501511089,Amul Taaza Milk 500ml,1,27.00,27.00
22/08/2026,09:17:26,B00433,8907867306226,Rin Detergent Bar 250g,1,20.00,20.00
22/08/2026,09:17:26,B00433,8906780453871,Red Label Tea 250g,1,135.00,135.00
22/08/2026,09:22:54,B00434,8904176990627,Lizol Floor Cleaner 500ml,1,99.00,99.00
22/08/2026,09:35:22,B00435,8907236061046,All Out Mosquito Refill 45ml,1,85.00,85.00
22/08/2026,09:43:36,B00436,8907867306226,Rin Detergent Bar 250g,1,20.00,20.00
22/08/2026,09:43:36,B00436,8909534043717,Amul Masti Dahi 400g,1,45.00,45.00
22/08/2026,09:43:54,B00437,8904196790184,Mother Dairy Toned Milk 500ml,1,27.00,27.00
22/08/2026,09:48:46,B00438,8901193121348,India Gate Basmati Rice 1kg,1,135.00,135.00
22/08/2026,09:51:16,B00439,8906036439130,Cadbury Perk 35g,1,20.00,20.00
22/08/2026,09:51:48,B00440,8903839874342,Chik Shampoo Sachet 6ml,1,3.00,3.00
22/08/2026,09:52:13,B00441,8907174824185,Madhur Sugar 1kg,1,48.00,48.00
22/08/2026,09:52:13,B00441,8903835745424,Harpic Toilet Cleaner 500ml,1,99.00,99.00
22/08/2026,10:03:14,B00442,8904233433135,Lay's Classic Salted 52g,1,20.00,20.00
22/08/2026,10:03:14,B00442,8908401707462,Kurkure Masala Munch 90g,1,20.00,20.00
22/08/2026,10:03:43,B00443,8909202363543,Catch Red Chilli Powder 100g,1,62.00,62.00
22/08/2026,10:03:43,B00443,8909501511089,Amul Taaza Milk 500ml,1,27.00,27.00
22/08/2026,10:03:43,B00443,8908944388630,Fortune Soyabean Oil 1L,1,125.00,125.00
22/08/2026,10:14:14,B00444,8907483429934,Pepsodent Germicheck 100g,1,55.00,55.00
22/08/2026,10:14:14,B00444,8909501511089,Amul Taaza Milk 500ml,1,27.00,27.00
22/08/2026,10:14:14,B00444,8909600566041,Cadbury Gems 17g,1,10.00,10.00
22/08/2026,10:14:34,B00445,8906604803769,Cadbury Dairy Milk 50g,1,45.00,45.00
22/08/2026,10:17:27,B00446,8902525262388,Lifebuoy Soap 125g,1,35.00,35.00
22/08/2026,10:17:27,B00446,8906576251407,Colgate MaxFresh 150g,1,99.00,99.00
22/08/2026,10:17:27,B00446,8904657151196,Lux Soap 100g,1,35.00,35.00
22/08/2026,10:20:23,B00447,8908401707462,Kurkure Masala Munch 90g,1,20.00,20.00
22/08/2026,10:27:02,B00448,8907140272743,Haldiram Aloo Bhujia 42g,1,20.00,20.00
22/08/2026,10:33:18,B00449,8904233433135,Lay's Classic Salted 52g,1,20.00,20.00
22/08/2026,10:33:18,B00449,8904611794537,Fair & Lovely Face Cream 50g,1,125.00,125.00
22/08/2026,10:37:29,B00450,8905982374540,Clinic Plus Shampoo Sachet 6ml,1,3.00,3.00
22/08/2026,10:44:37,B00451,8903401125742,Frooti Mango Drink 600ml,1,40.00,40.00
22/08/2026,10:45:42,B00452,8907194704290,Maggi Masala Noodles 70g,1,14.00,14.00
22/08/2026,11:05:54,B00453,8903711049158,Mentos Mint Roll 29g,1,10.00,10.00
22/08/2026,11:35:46,B00454,8909023343151,Thums Up Soft Drink 750ml,1,40.00,40.00
22/08/2026,11:39:58,B00455,8904233433135,Lay's Classic Salted 52g,1,20.00,20.00
22/08/2026,11:45:54,B00456,8909501511089,Amul Taaza Milk 500ml,1,27.00,27.00
22/08/2026,11:45:54,B00456,8904626778355,Britannia Bourbon 60g,1,10.00,10.00
22/08/2026,11:56:38,B00457,8901469251052,Dabur Red Paste 100g,1,55.00,55.00
22/08/2026,11:56:38,B00457,8907197864939,Bingo Mad Angles 66g,1,20.00,20.00
22/08/2026,11:56:38,B00457,8903280387262,Tata Tea Gold 250g,1,145.00,145.00
22/08/2026,11:58:26,B00458,8909427653757,Parle Parle-G Biscuits 70g,1,10.00,10.00
22/08/2026,12:00:06,B00459,8901384274525,Yippee Magic Masala 70g,1,14.00,14.00
22/08/2026,12:07:07,B00460,8908084499371,Amul Butter 100g,1,62.00,62.00
22/08/2026,12:36:51,B00461,8902234478650,Vim Dishwash Bar 300g,1,30.00,30.00
22/08/2026,12:58:15,B00462,8902473535046,Kinley Water 1L,1,20.00,20.00
22/08/2026,13:11:27,B00463,8905331753835,Cadbury 5 Star 40g,1,20.00,20.00
22/08/2026,13:11:27,B00463,8909746434730,Kissan Tomato Ketchup 950g,1,135.00,135.00
22/08/2026,13:15:27,B00464,8907637469151,Maaza Mango Drink 600ml,1,40.00,40.00
22/08/2026,13:15:27,B00464,8905331753835,Cadbury 5 Star 40g,1,20.00,20.00
22/08/2026,13:17:46,B00465,8908079489875,Everest Garam Masala 100g,1,75.00,75.00
22/08/2026,13:20:42,B00466,8905982374540,Clinic Plus Shampoo Sachet 6ml,1,3.00,3.00
22/08/2026,14:00:06,B00467,8909427653757,Parle Parle-G Biscuits 70g,1,10.00,10.00
22/08/2026,14:00:06,B00467,,LOOSE ITEM,1,40.00,40.00
22/08/2026,14:22:49,B00468,8904485193979,Tide Detergent Powder 1kg,1,115.00,115.00
22/08/2026,15:04:57,B00469,8902550748321,Sprite Soft Drink 750ml,1,40.00,40.00
22/08/2026,15:49:46,B00470,8907560856516,Nestle Munch 20g,1,10.00,10.00
22/08/2026,15:51:44,B00471,8903277964018,Medimix Soap 125g,1,40.00,40.00
22/08/2026,16:04:48,B00472,8900248761133,Britannia Good Day Cashew 75g,1,10.00,10.00
22/08/2026,16:05:24,B00473,8902550748321,Sprite Soft Drink 750ml,1,40.00,40.00
22/08/2026,16:22:30,B00474,8908944388630,Fortune Soyabean Oil 1L,1,125.00,125.00
22/08/2026,16:22:54,B00475,8902228449239,Polo Mint Roll 28g,1,10.00,10.00
22/08/2026,16:22:54,B00475,8903401125742,Frooti Mango Drink 600ml,1,40.00,40.00
22/08/2026,16:22:54,B00475,8907197864939,Bingo Mad Angles 66g,1,20.00,20.00
22/08/2026,16:30:56,B00476,8908757386939,Sunfeast Marie Light 75g,1,10.00,10.00
22/08/2026,16:30:56,B00476,8904196790184,Mother Dairy Toned Milk 500ml,1,27.00,27.00
22/08/2026,16:30:56,B00476,8903277964018,Medimix Soap 125g,1,40.00,40.00
22/08/2026,16:46:57,B00477,8900257989146,Parle Krackjack 70g,1,10.00,10.00
22/08/2026,16:46:57,B00477,8907174824185,Madhur Sugar 1kg,1,48.00,48.00
22/08/2026,16:58:11,B00478,8909534043717,Amul Masti Dahi 400g,1,45.00,45.00
22/08/2026,16:58:11,B00478,8907637469151,Maaza Mango Drink 600ml,1,40.00,40.00
22/08/2026,16:58:11,B00478,8909120041196,Surf Excel Easy Wash 500g,1,68.00,68.00
22/08/2026,17:22:50,B00479,8905982374540,Clinic Plus Shampoo Sachet 6ml,1,3.00,3.00
22/08/2026,17:25:24,B00480,8901943556130,Amul Gold Milk 500ml,1,33.00,33.00
22/08/2026,17:25:24,B00480,8902234478650,Vim Dishwash Bar 300g,1,30.00,30.00
22/08/2026,17:25:24,B00480,8908401707462,Kurkure Masala Munch 90g,1,20.00,20.00
22/08/2026,17:38:09,B00481,8908977405076,Center Fresh Chewing Gum 28g,2,10.00,20.00
22/08/2026,17:38:12,B00482,8906036439130,Cadbury Perk 35g,1,20.00,20.00
22/08/2026,17:38:24,B00483,8909600566041,Cadbury Gems 17g,1,10.00,10.00
22/08/2026,17:44:02,B00484,8905982374540,Clinic Plus Shampoo Sachet 6ml,1,3.00,3.00
22/08/2026,17:48:43,B00485,8907140272743,Haldiram Aloo Bhujia 42g,1,20.00,20.00
22/08/2026,17:48:43,B00485,8900257989146,Parle Krackjack 70g,1,10.00,10.00
22/08/2026,17:51:53,B00486,8908373852658,Closeup Red Hot 150g,1,95.00,95.00
22/08/2026,18:01:21,B00487,8905982374540,Clinic Plus Shampoo Sachet 6ml,1,3.00,3.00
22/08/2026,18:01:56,B00488,8908079489875,Everest Garam Masala 100g,1,75.00,75.00
22/08/2026,18:01:56,B00488,8904233433135,Lay's Classic Salted 52g,1,20.00,20.00
22/08/2026,18:01:56,B00488,8909501511089,Amul Taaza Milk 500ml,1,27.00,27.00
22/08/2026,18:03:18,B00489,8902228449239,Polo Mint Roll 28g,1,10.00,10.00
22/08/2026,18:03:18,B00489,8905982374540,Clinic Plus Shampoo Sachet 6ml,1,3.00,3.00
22/08/2026,18:03:18,B00489,8900257989146,Parle Krackjack 70g,1,10.00,10.00
22/08/2026,18:03:32,B00490,8909501511089,Amul Taaza Milk 500ml,1,27.00,27.00
22/08/2026,18:03:32,B00490,8903839874342,Chik Shampoo Sachet 6ml,1,3.00,3.00
22/08/2026,18:03:32,B00490,8902228449239,Polo Mint Roll 28g,1,10.00,10.00
22/08/2026,18:05:55,B00491,8909120041196,Surf Excel Easy Wash 500g,1,68.00,68.00
22/08/2026,18:07:44,B00492,8905557725456,Fortune Sunflower Oil 1L,1,135.00,135.00
22/08/2026,18:09:17,B00493,8909120041196,Surf Excel Easy Wash 500g,1,68.00,68.00
22/08/2026,18:21:05,B00494,8906710455012,Vim Dishwash Gel 500ml,1,115.00,115.00
22/08/2026,18:21:13,B00495,8908142746881,Santoor Soap 125g,1,35.00,35.00
22/08/2026,18:23:14,B00496,8908401707462,Kurkure Masala Munch 90g,1,20.00,20.00
22/08/2026,18:26:25,B00497,8908944388630,Fortune Soyabean Oil 1L,1,125.00,125.00
22/08/2026,18:30:54,B00498,8905875652885,Maggi Hot & Sweet Sauce 500g,1,115.00,115.00
22/08/2026,18:30:54,B00498,8904921237526,Alpenliebe Candy Pack 50g,1,20.00,20.00
22/08/2026,18:30:54,B00498,8904196790184,Mother Dairy Toned Milk 500ml,1,27.00,27.00
22/08/2026,18:41:56,B00499,8908977405076,Center Fresh Chewing Gum 28g,1,10.00,10.00
22/08/2026,18:48:06,B00500,8902473535046,Kinley Water 1L,1,20.00,20.00
22/08/2026,18:48:06,B00500,8909427653757,Parle Parle-G Biscuits 70g,1,10.00,10.00
22/08/2026,19:07:33,B00501,8904657151196,Lux Soap 100g,1,35.00,35.00
22/08/2026,19:09:04,B00502,8907436422074,Bisleri Water 1L,1,20.00,20.00
22/08/2026,19:20:30,B00503,8909501511089,Amul Taaza Milk 500ml,1,27.00,27.00
22/08/2026,19:24:37,B00504,8902172108503,Aashirvaad Atta 5kg,1,285.00,285.00
22/08/2026,19:24:37,B00504,8909501511089,Amul Taaza Milk 500ml,1,27.00,27.00
22/08/2026,19:24:37,B00504,8907194704290,Maggi Masala Noodles 70g,1,14.00,14.00
22/08/2026,19:26:31,B00505,8909600566041,Cadbury Gems 17g,1,10.00,10.00
22/08/2026,19:35:23,B00506,8909534043717,Amul Masti Dahi 400g,1,45.00,45.00
22/08/2026,19:36:01,B00507,8907174824185,Madhur Sugar 1kg,1,48.00,48.00
22/08/2026,19:36:01,B00507,8901943556130,Amul Gold Milk 500ml,1,33.00,33.00
22/08/2026,19:36:01,B00507,,LOOSE ITEM,1,27.00,27.00
22/08/2026,19:39:14,B00508,8906780453871,Red Label Tea 250g,1,135.00,135.00
22/08/2026,19:45:28,B00509,8909567262253,Dhara Mustard Oil 1L,1,155.00,155.00
22/08/2026,19:45:28,B00509,8909427653757,Parle Parle-G Biscuits 70g,1,10.00,10.00
22/08/2026,19:47:18,B00510,8909600566041,Cadbury Gems 17g,1,10.00,10.00
22/08/2026,19:48:06,B00511,8909120041196,Surf Excel Easy Wash 500g,1,68.00,68.00
22/08/2026,19:51:42,B00512,8901943556130,Amul Gold Milk 500ml,1,33.00,33.00
22/08/2026,19:52:19,B00513,8909534043717,Amul Masti Dahi 400g,1,45.00,45.00
22/08/2026,20:00:17,B00514,8909023343151,Thums Up Soft Drink 750ml,1,40.00,40.00
22/08/2026,20:00:17,B00514,8903711049158,Mentos Mint Roll 29g,1,10.00,10.00
22/08/2026,20:02:43,B00515,8903003453342,Head&Shoulders Anti-Dandruff 180ml,1,185.00,185.00
22/08/2026,20:04:28,B00516,8902234478650,Vim Dishwash Bar 300g,1,30.00,30.00
22/08/2026,20:04:28,B00516,8901384274525,Yippee Magic Masala 70g,1,14.00,14.00
22/08/2026,20:04:28,B00516,8906604803769,Cadbury Dairy Milk 50g,1,45.00,45.00
22/08/2026,20:26:16,B00517,8906710455012,Vim Dishwash Gel 500ml,1,115.00,115.00
22/08/2026,20:26:16,B00517,8904921237526,Alpenliebe Candy Pack 50g,1,20.00,20.00
22/08/2026,20:32:16,B00518,8905982374540,Clinic Plus Shampoo Sachet 6ml,1,3.00,3.00
22/08/2026,20:33:45,B00519,8907867306226,Rin Detergent Bar 250g,1,20.00,20.00
22/08/2026,20:44:12,B00520,8908757386939,Sunfeast Marie Light 75g,1,10.00,10.00
22/08/2026,20:51:22,B00521,8904921237526,Alpenliebe Candy Pack 50g,1,20.00,20.00
22/08/2026,20:51:22,B00521,8907194704290,Maggi Masala Noodles 70g,1,14.00,14.00
22/08/2026,20:51:24,B00522,8903632424966,Nestle KitKat 37g,1,20.00,20.00
22/08/2026,20:55:13,B00523,8905331753835,Cadbury 5 Star 40g,1,20.00,20.00
22/08/2026,20:59:41,B00524,8907194704290,Maggi Masala Noodles 70g,1,14.00,14.00
22/08/2026,21:01:36,B00525,8909427653757,Parle Parle-G Biscuits 70g,1,10.00,10.00
22/08/2026,21:02:59,B00526,8900257989146,Parle Krackjack 70g,1,10.00,10.00
22/08/2026,21:02:59,B00526,8903632424966,Nestle KitKat 37g,1,20.00,20.00
22/08/2026,21:09:57,B00527,8900635707409,Top Ramen Curry Noodles 70g,1,14.00,14.00
22/08/2026,21:19:14,B00528,8908401707462,Kurkure Masala Munch 90g,1,20.00,20.00
22/08/2026,21:19:14,B00528,8901943556130,Amul Gold Milk 500ml,1,33.00,33.00
22/08/2026,21:30:45,B00529,8908401707462,Kurkure Masala Munch 90g,1,20.00,20.00
22/08/2026,21:40:40,B00530,8904233433135,Lay's Classic Salted 52g,1,20.00,20.00
22/08/2026,21:40:40,B00530,8907560856516,Nestle Munch 20g,1,10.00,10.00
22/08/2026,21:55:21,B00531,8908977405076,Center Fresh Chewing Gum 28g,1,10.00,10.00
22/08/2026,22:28:33,B00532,8901943556130,Amul Gold Milk 500ml,1,33.00,33.00
22/08/2026,22:48:09,B00533,8903401125742,Frooti Mango Drink 600ml,1,40.00,40.00
23/08/2026,06:05:44,B00534,8905982374540,Clinic Plus Shampoo Sachet 6ml,1,3.00,3.00
23/08/2026,07:00:39,B00535,8903839874342,Chik Shampoo Sachet 6ml,1,3.00,3.00
23/08/2026,07:00:39,B00535,8903238955901,Wheel Detergent Powder 1kg,1,62.00,62.00
23/08/2026,07:12:05,B00536,8906715612472,Dettol Soap 125g,1,45.00,45.00
23/08/2026,07:24:07,B00537,8907560856516,Nestle Munch 20g,1,10.00,10.00
23/08/2026,07:49:45,B00538,8906715612472,Dettol Soap 125g,1,45.00,45.00
23/08/2026,08:01:56,B00539,8902961762459,Sundrop Peanut Butter 200g,1,135.00,135.00
23/08/2026,08:03:18,B00540,8903711049158,Mentos Mint Roll 29g,1,10.00,10.00
23/08/2026,08:05:54,B00541,8903839874342,Chik Shampoo Sachet 6ml,1,3.00,3.00
23/08/2026,08:05:54,B00541,8902473535046,Kinley Water 1L,1,20.00,20.00
23/08/2026,08:09:08,B00542,8904196790184,Mother Dairy Toned Milk 500ml,1,27.00,27.00
23/08/2026,08:09:08,B00542,,LOOSE ITEM,1,20.00,20.00
23/08/2026,08:12:22,B00543,8902234478650,Vim Dishwash Bar 300g,1,30.00,30.00
23/08/2026,08:15:01,B00544,8901384274525,Yippee Magic Masala 70g,1,14.00,14.00
23/08/2026,08:16:33,B00545,8909600566041,Cadbury Gems 17g,1,10.00,10.00
23/08/2026,08:20:56,B00546,8902550748321,Sprite Soft Drink 750ml,1,40.00,40.00
23/08/2026,08:22:48,B00547,8909746434730,Kissan Tomato Ketchup 950g,1,135.00,135.00
23/08/2026,08:23:27,B00548,8905270366202,Everest Turmeric Powder 200g,1,68.00,68.00
23/08/2026,08:24:30,B00549,8909023343151,Thums Up Soft Drink 750ml,1,40.00,40.00
23/08/2026,08:30:53,B00550,8903280387262,Tata Tea Gold 250g,1,145.00,145.00
23/08/2026,08:33:59,B00551,8908079489875,Everest Garam Masala 100g,1,75.00,75.00
23/08/2026,08:49:24,B00552,8905331753835,Cadbury 5 Star 40g,1,20.00,20.00
23/08/2026,08:54:09,B00553,8909501511089,Amul Taaza Milk 500ml,1,27.00,27.00
23/08/2026,09:01:02,B00554,8909023343151,Thums Up Soft Drink 750ml,1,40.00,40.00
23/08/2026,09:01:31,B00555,8908401707462,Kurkure Masala Munch 90g,1,20.00,20.00
23/08/2026,09:01:31,B00555,8907637469151,Maaza Mango Drink 600ml,1,40.00,40.00
23/08/2026,09:03:45,B00556,8905331753835,Cadbury 5 Star 40g,1,20.00,20.00
23/08/2026,09:03:45,B00556,8903238955901,Wheel Detergent Powder 1kg,1,62.00,62.00
23/08/2026,09:03:45,B00556,8904485193979,Tide Detergent Powder 1kg,1,115.00,115.00
23/08/2026,09:15:36,B00557,8909501511089,Amul Taaza Milk 500ml,1,27.00,27.00
23/08/2026,09:15:36,B00557,8909023343151,Thums Up Soft Drink 750ml,1,40.00,40.00
23/08/2026,09:17:20,B00558,8907483429934,Pepsodent Germicheck 100g,1,55.00,55.00
23/08/2026,09:22:04,B00559,8902473535046,Kinley Water 1L,1,20.00,20.00
23/08/2026,09:25:49,B00560,8902525262388,Lifebuoy Soap 125g,1,35.00,35.00
23/08/2026,09:31:28,B00561,8909534043717,Amul Masti Dahi 400g,1,45.00,45.00
23/08/2026,09:37:11,B00562,8905331753835,Cadbury 5 Star 40g,1,20.00,20.00
23/08/2026,09:42:21,B00563,8907436422074,Bisleri Water 1L,1,20.00,20.00
23/08/2026,09:42:21,B00563,8907194704290,Maggi Masala Noodles 70g,1,14.00,14.00
23/08/2026,09:50:45,B00564,,LOOSE ITEM,1,20.00,20.00
23/08/2026,09:51:08,B00565,8905982374540,Clinic Plus Shampoo Sachet 6ml,1,3.00,3.00
23/08/2026,09:51:59,B00566,,LOOSE ITEM,1,33.00,33.00
23/08/2026,09:54:16,B00567,8903238955901,Wheel Detergent Powder 1kg,1,62.00,62.00
23/08/2026,10:09:09,B00568,8900635707409,Top Ramen Curry Noodles 70g,1,14.00,14.00
23/08/2026,10:09:09,B00568,8902853532528,Daawat Rozana Rice 5kg,1,340.00,340.00
23/08/2026,10:09:09,B00568,8909713071128,Aashirvaad Atta 1kg,1,62.00,62.00
23/08/2026,10:13:47,B00569,8905982374540,Clinic Plus Shampoo Sachet 6ml,1,3.00,3.00
23/08/2026,10:14:02,B00570,8909501511089,Amul Taaza Milk 500ml,1,27.00,27.00
23/08/2026,10:20:09,B00571,8909501511089,Amul Taaza Milk 500ml,1,27.00,27.00
23/08/2026,10:22:29,B00572,8909567262253,Dhara Mustard Oil 1L,1,155.00,155.00
23/08/2026,10:22:29,B00572,8908142746881,Santoor Soap 125g,1,35.00,35.00
23/08/2026,10:23:52,B00573,8908944388630,Fortune Soyabean Oil 1L,1,125.00,125.00
23/08/2026,10:23:52,B00573,8909501511089,Amul Taaza Milk 500ml,1,27.00,27.00
23/08/2026,10:35:57,B00574,8904823446491,Taj Mahal Tea 250g,1,175.00,175.00
23/08/2026,10:49:58,B00575,8902234478650,Vim Dishwash Bar 300g,1,30.00,30.00
23/08/2026,10:52:56,B00576,8907436422074,Bisleri Water 1L,1,20.00,20.00
23/08/2026,10:52:56,B00576,8901690527315,Real Mixed Fruit Juice 1L,1,125.00,125.00
23/08/2026,10:58:50,B00577,8904196790184,Mother Dairy Toned Milk 500ml,1,27.00,27.00
23/08/2026,10:58:50,B00577,8908373852658,Closeup Red Hot 150g,1,95.00,95.00
23/08/2026,10:58:50,B00577,8904626778355,Britannia Bourbon 60g,1,10.00,10.00
23/08/2026,11:06:41,B00578,8907436422074,Bisleri Water 1L,1,20.00,20.00
23/08/2026,11:23:06,B00579,8906118385591,Kissan Mixed Fruit Jam 500g,1,145.00,145.00
23/08/2026,11:23:06,B00579,8903632424966,Nestle KitKat 37g,1,20.00,20.00
23/08/2026,11:23:06,B00579,8901393160451,Coca-Cola Soft Drink 750ml,1,40.00,40.00
23/08/2026,11:25:30,B00580,8907194704290,Maggi Masala Noodles 70g,1,14.00,14.00
23/08/2026,11:29:56,B00581,8902550748321,Sprite Soft Drink 750ml,1,40.00,40.00
23/08/2026,11:29:56,B00581,8902234478650,Vim Dishwash Bar 300g,1,30.00,30.00
23/08/2026,11:29:56,B00581,8904196790184,Mother Dairy Toned Milk 500ml,1,27.00,27.00
23/08/2026,11:42:11,B00582,,LOOSE ITEM,1,199.00,199.00
23/08/2026,11:44:14,B00583,8909567262253,Dhara Mustard Oil 1L,1,155.00,155.00
23/08/2026,11:44:14,B00583,8909120041196,Surf Excel Easy Wash 500g,1,68.00,68.00
23/08/2026,11:44:14,B00583,8903280387262,Tata Tea Gold 250g,1,145.00,145.00
23/08/2026,12:07:46,B00584,8901384274525,Yippee Magic Masala 70g,1,14.00,14.00
23/08/2026,12:07:46,B00584,8903401125742,Frooti Mango Drink 600ml,1,40.00,40.00
23/08/2026,12:14:25,B00585,8909713071128,Aashirvaad Atta 1kg,1,62.00,62.00
23/08/2026,12:38:11,B00586,8903238955901,Wheel Detergent Powder 1kg,1,62.00,62.00
23/08/2026,12:39:32,B00587,8901384274525,Yippee Magic Masala 70g,1,14.00,14.00
23/08/2026,12:41:57,B00588,8903839874342,Chik Shampoo Sachet 6ml,1,3.00,3.00
23/08/2026,12:44:47,B00589,8900248761133,Britannia Good Day Cashew 75g,1,10.00,10.00
23/08/2026,13:23:39,B00590,8908401707462,Kurkure Masala Munch 90g,1,20.00,20.00
23/08/2026,13:27:18,B00591,8901384274525,Yippee Magic Masala 70g,1,14.00,14.00
23/08/2026,13:32:46,B00592,8905331753835,Cadbury 5 Star 40g,1,20.00,20.00
23/08/2026,13:32:46,B00592,8901393160451,Coca-Cola Soft Drink 750ml,1,40.00,40.00
23/08/2026,13:32:46,B00592,8900349807556,Amul Cheese Slices 200g,1,145.00,145.00
23/08/2026,13:40:26,B00593,8900349807556,Amul Cheese Slices 200g,1,145.00,145.00
23/08/2026,13:51:32,B00594,8906212271295,Clinic Plus Shampoo 175ml,1,99.00,99.00
23/08/2026,13:56:39,B00595,8907560856516,Nestle Munch 20g,1,10.00,10.00
23/08/2026,13:59:57,B00596,8903711049158,Mentos Mint Roll 29g,1,10.00,10.00
23/08/2026,13:59:57,B00596,8909427653757,Parle Parle-G Biscuits 70g,1,10.00,10.00
23/08/2026,14:10:56,B00597,8907064047854,Bournvita Health Drink 500g,1,245.00,245.00
23/08/2026,14:10:56,B00597,8904823446491,Taj Mahal Tea 250g,1,175.00,175.00
23/08/2026,14:10:56,B00597,8902228449239,Polo Mint Roll 28g,1,10.00,10.00
23/08/2026,14:11:59,B00598,8900248761133,Britannia Good Day Cashew 75g,1,10.00,10.00
23/08/2026,14:26:38,B00599,8900248761133,Britannia Good Day Cashew 75g,1,10.00,10.00
23/08/2026,14:26:38,B00599,8906036439130,Cadbury Perk 35g,1,20.00,20.00
23/08/2026,14:54:19,B00600,8908079489875,Everest Garam Masala 100g,1,75.00,75.00
23/08/2026,14:59:05,B00601,8904626778355,Britannia Bourbon 60g,1,10.00,10.00
23/08/2026,15:01:31,B00602,8907194704290,Maggi Masala Noodles 70g,1,14.00,14.00
23/08/2026,15:02:03,B00603,8903632424966,Nestle KitKat 37g,1,20.00,20.00
23/08/2026,15:06:32,B00604,8902234478650,Vim Dishwash Bar 300g,1,30.00,30.00
23/08/2026,15:28:42,B00605,8900349807556,Amul Cheese Slices 200g,1,145.00,145.00
23/08/2026,15:50:58,B00606,8901469251052,Dabur Red Paste 100g,1,55.00,55.00
23/08/2026,16:04:20,B00607,,LOOSE ITEM,1,14.00,14.00
23/08/2026,16:04:20,B00607,8904657151196,Lux Soap 100g,1,35.00,35.00
23/08/2026,16:04:59,B00608,8903401125742,Frooti Mango Drink 600ml,1,40.00,40.00
23/08/2026,16:10:13,B00609,8909501511089,Amul Taaza Milk 500ml,1,27.00,27.00
23/08/2026,16:15:22,B00610,8907140272743,Haldiram Aloo Bhujia 42g,1,20.00,20.00
23/08/2026,16:15:22,B00610,8904921237526,Alpenliebe Candy Pack 50g,1,20.00,20.00
23/08/2026,16:15:22,B00610,8901943556130,Amul Gold Milk 500ml,1,33.00,33.00
23/08/2026,16:21:58,B00611,8908757386939,Sunfeast Marie Light 75g,1,10.00,10.00
23/08/2026,16:21:58,B00611,8903656686821,Nivea Body Lotion 200ml,1,199.00,199.00
23/08/2026,16:21:58,B00611,8906212271295,Clinic Plus Shampoo 175ml,1,99.00,99.00
23/08/2026,16:37:02,B00612,8908401707462,Kurkure Masala Munch 90g,1,20.00,20.00
23/08/2026,16:39:01,B00613,8901384274525,Yippee Magic Masala 70g,1,14.00,14.00
23/08/2026,16:39:01,B00613,8907867306226,Rin Detergent Bar 250g,1,20.00,20.00
23/08/2026,16:43:43,B00614,8909713071128,Aashirvaad Atta 1kg,1,62.00,62.00
23/08/2026,16:48:26,B00615,8901943556130,Amul Gold Milk 500ml,1,33.00,33.00
23/08/2026,16:48:26,B00615,8904921237526,Alpenliebe Candy Pack 50g,1,20.00,20.00
23/08/2026,16:49:05,B00616,8909567262253,Dhara Mustard Oil 1L,1,155.00,155.00
23/08/2026,16:53:42,B00617,8909534043717,Amul Masti Dahi 400g,1,45.00,45.00
23/08/2026,17:04:09,B00618,8906743689880,Colgate Strong Teeth 100g,1,55.00,55.00
23/08/2026,17:04:09,B00618,8907140272743,Haldiram Aloo Bhujia 42g,1,20.00,20.00
23/08/2026,17:10:08,B00619,8902172108503,Aashirvaad Atta 5kg,1,285.00,285.00
23/08/2026,17:13:43,B00620,8906036439130,Cadbury Perk 35g,1,20.00,20.00
23/08/2026,17:17:02,B00621,8901384274525,Yippee Magic Masala 70g,1,14.00,14.00
23/08/2026,17:17:02,B00621,8905331753835,Cadbury 5 Star 40g,1,20.00,20.00
23/08/2026,17:29:09,B00622,8900257989146,Parle Krackjack 70g,1,10.00,10.00
23/08/2026,17:29:09,B00622,8909023343151,Thums Up Soft Drink 750ml,1,40.00,40.00
23/08/2026,17:32:03,B00623,8909600566041,Cadbury Gems 17g,1,10.00,10.00
23/08/2026,17:32:03,B00623,8909136784575,Tata Salt 1kg,1,28.00,28.00
23/08/2026,17:35:16,B00624,8901469251052,Dabur Red Paste 100g,1,55.00,55.00
23/08/2026,17:35:16,B00624,8901193121348,India Gate Basmati Rice 1kg,1,135.00,135.00
23/08/2026,17:36:38,B00625,8906710455012,Vim Dishwash Gel 500ml,1,115.00,115.00
23/08/2026,17:38:18,B00626,8907140272743,Haldiram Aloo Bhujia 42g,1,20.00,20.00
23/08/2026,17:39:46,B00627,8907637469151,Maaza Mango Drink 600ml,1,40.00,40.00
23/08/2026,17:51:22,B00628,8900248761133,Britannia Good Day Cashew 75g,1,10.00,10.00
23/08/2026,17:51:22,B00628,,LOOSE ITEM,1,115.00,115.00
23/08/2026,17:56:44,B00629,8909713071128,Aashirvaad Atta 1kg,1,62.00,62.00
23/08/2026,17:56:44,B00629,8901469251052,Dabur Red Paste 100g,1,55.00,55.00
23/08/2026,18:01:38,B00630,8904626778355,Britannia Bourbon 60g,1,10.00,10.00
23/08/2026,18:01:38,B00630,8901943556130,Amul Gold Milk 500ml,1,33.00,33.00
23/08/2026,18:09:49,B00631,8908401707462,Kurkure Masala Munch 90g,1,20.00,20.00
23/08/2026,18:11:09,B00632,8908373852658,Closeup Red Hot 150g,1,95.00,95.00
23/08/2026,18:13:56,B00633,8909534043717,Amul Masti Dahi 400g,1,45.00,45.00
23/08/2026,18:17:04,B00634,8908821415404,Dove Shampoo 180ml,1,165.00,165.00
23/08/2026,18:19:18,B00635,8907194704290,Maggi Masala Noodles 70g,1,14.00,14.00
23/08/2026,18:19:18,B00635,8909023343151,Thums Up Soft Drink 750ml,1,40.00,40.00
23/08/2026,18:19:18,B00635,8901384274525,Yippee Magic Masala 70g,1,14.00,14.00
23/08/2026,18:26:37,B00636,8904921237526,Alpenliebe Candy Pack 50g,1,20.00,20.00
23/08/2026,18:33:52,B00637,8906751908089,Dettol Antiseptic Liquid 125ml,1,75.00,75.00
23/08/2026,18:33:52,B00637,8905800014993,Bru Instant Coffee 50g,1,155.00,155.00
23/08/2026,18:33:52,B00637,8901469251052,Dabur Red Paste 100g,1,55.00,55.00
23/08/2026,18:38:02,B00638,8905557725456,Fortune Sunflower Oil 1L,1,135.00,135.00
23/08/2026,18:39:14,B00639,8902550748321,Sprite Soft Drink 750ml,1,40.00,40.00
23/08/2026,18:54:29,B00640,8906378779086,Surf Excel Easy Wash 1kg,1,125.00,125.00
23/08/2026,19:09:46,B00641,8909600566041,Cadbury Gems 17g,1,10.00,10.00
23/08/2026,19:09:46,B00641,8907194704290,Maggi Masala Noodles 70g,1,14.00,14.00
23/08/2026,19:09:46,B00641,8904657151196,Lux Soap 100g,1,35.00,35.00
23/08/2026,19:11:14,B00642,8903839874342,Chik Shampoo Sachet 6ml,1,3.00,3.00
23/08/2026,19:11:14,B00642,8904921237526,Alpenliebe Candy Pack 50g,1,20.00,20.00
23/08/2026,19:11:14,B00642,8902228449239,Polo Mint Roll 28g,1,10.00,10.00
23/08/2026,19:22:23,B00643,8909427653757,Parle Parle-G Biscuits 70g,1,10.00,10.00
23/08/2026,19:27:57,B00644,8909534043717,Amul Masti Dahi 400g,1,45.00,45.00
23/08/2026,19:27:57,B00644,8909567262253,Dhara Mustard Oil 1L,1,155.00,155.00
23/08/2026,19:30:36,B00645,8902550748321,Sprite Soft Drink 750ml,1,40.00,40.00
23/08/2026,19:32:45,B00646,8907174824185,Madhur Sugar 1kg,1,48.00,48.00
23/08/2026,19:35:55,B00647,8904921237526,Alpenliebe Candy Pack 50g,1,20.00,20.00
23/08/2026,19:38:08,B00648,8904921237526,Alpenliebe Candy Pack 50g,1,20.00,20.00
23/08/2026,19:39:42,B00649,8907436422074,Bisleri Water 1L,1,20.00,20.00
23/08/2026,19:39:42,B00649,8909427653757,Parle Parle-G Biscuits 70g,1,10.00,10.00
23/08/2026,19:45:04,B00650,8902234478650,Vim Dishwash Bar 300g,1,30.00,30.00
23/08/2026,19:46:38,B00651,8905982374540,Clinic Plus Shampoo Sachet 6ml,1,3.00,3.00
23/08/2026,19:46:38,B00651,8907637469151,Maaza Mango Drink 600ml,1,40.00,40.00
23/08/2026,19:46:47,B00652,8906036439130,Cadbury Perk 35g,1,20.00,20.00
23/08/2026,19:49:13,B00653,8902525262388,Lifebuoy Soap 125g,1,35.00,35.00
23/08/2026,19:56:00,B00654,8900257989146,Parle Krackjack 70g,1,10.00,10.00
23/08/2026,20:02:44,B00655,8909501511089,Amul Taaza Milk 500ml,1,27.00,27.00
23/08/2026,20:02:44,B00655,8907867306226,Rin Detergent Bar 250g,1,20.00,20.00
23/08/2026,20:05:19,B00656,8909023343151,Thums Up Soft Drink 750ml,1,40.00,40.00
23/08/2026,20:05:19,B00656,8904116546181,Maggi Masala Noodles 4-pack 280g,1,56.00,56.00
23/08/2026,20:06:12,B00657,8908079489875,Everest Garam Masala 100g,1,75.00,75.00
23/08/2026,20:06:12,B00657,8903401125742,Frooti Mango Drink 600ml,1,40.00,40.00
23/08/2026,20:10:15,B00658,8904233433135,Lay's Classic Salted 52g,1,20.00,20.00
23/08/2026,20:17:01,B00659,8902172108503,Aashirvaad Atta 5kg,1,285.00,285.00
23/08/2026,20:20:52,B00660,8907174824185,Madhur Sugar 1kg,1,48.00,48.00
23/08/2026,20:23:50,B00661,8904472281122,Gillette Shaving Cream 70g,1,99.00,99.00
23/08/2026,20:26:41,B00662,8909534043717,Amul Masti Dahi 400g,1,45.00,45.00
23/08/2026,20:26:41,B00662,8907194704290,Maggi Masala Noodles 70g,1,14.00,14.00
23/08/2026,20:28:18,B00663,8908401707462,Kurkure Masala Munch 90g,1,20.00,20.00
23/08/2026,20:28:18,B00663,8905875652885,Maggi Hot & Sweet Sauce 500g,1,115.00,115.00
23/08/2026,20:34:09,B00664,8909427653757,Parle Parle-G Biscuits 70g,1,10.00,10.00
23/08/2026,20:59:33,B00665,8907174824185,Madhur Sugar 1kg,1,48.00,48.00
23/08/2026,21:02:22,B00666,8903632424966,Nestle KitKat 37g,1,20.00,20.00
23/08/2026,21:16:15,B00667,8909567262253,Dhara Mustard Oil 1L,1,155.00,155.00
23/08/2026,21:19:27,B00668,8907436422074,Bisleri Water 1L,1,20.00,20.00
23/08/2026,21:20:03,B00669,8903632424966,Nestle KitKat 37g,1,20.00,20.00
23/08/2026,21:32:13,B00670,8901393160451,Coca-Cola Soft Drink 750ml,1,40.00,40.00
23/08/2026,21:33:14,B00671,8903238955901,Wheel Detergent Powder 1kg,1,62.00,62.00
23/08/2026,21:35:17,B00672,8909746434730,Kissan Tomato Ketchup 950g,1,135.00,135.00
23/08/2026,21:35:17,B00672,8900257989146,Parle Krackjack 70g,1,10.00,10.00
23/08/2026,21:43:45,B00673,8905331753835,Cadbury 5 Star 40g,1,20.00,20.00
23/08/2026,21:43:45,B00673,8901943556130,Amul Gold Milk 500ml,1,33.00,33.00
23/08/2026,21:53:36,B00674,8904196790184,Mother Dairy Toned Milk 500ml,1,27.00,27.00
23/08/2026,21:53:36,B00674,,LOOSE ITEM,1,145.00,145.00
23/08/2026,22:04:11,B00675,8905331753835,Cadbury 5 Star 40g,1,20.00,20.00
23/08/2026,22:08:32,B00676,8907197864939,Bingo Mad Angles 66g,1,20.00,20.00
23/08/2026,22:08:32,B00676,8902228449239,Polo Mint Roll 28g,1,10.00,10.00
24/08/2026,06:40:07,B00677,8902550748321,Sprite Soft Drink 750ml,1,40.00,40.00
24/08/2026,06:40:07,B00677,,LOOSE ITEM,1,10.00,10.00
24/08/2026,08:02:38,B00678,8909600566041,Cadbury Gems 17g,1,10.00,10.00
24/08/2026,08:10:58,B00679,8907867306226,Rin Detergent Bar 250g,1,20.00,20.00
24/08/2026,08:35:52,B00680,8907844307079,Saffola Gold Oil 1L,1,175.00,175.00
24/08/2026,08:36:00,B00681,8903839874342,Chik Shampoo Sachet 6ml,1,3.00,3.00
24/08/2026,08:41:59,B00682,8906604803769,Cadbury Dairy Milk 50g,1,45.00,45.00
24/08/2026,08:41:59,B00682,8902228449239,Polo Mint Roll 28g,1,10.00,10.00
24/08/2026,08:41:59,B00682,8907194704290,Maggi Masala Noodles 70g,1,14.00,14.00
24/08/2026,08:45:53,B00683,8901393160451,Coca-Cola Soft Drink 750ml,1,40.00,40.00
24/08/2026,08:45:53,B00683,8907867306226,Rin Detergent Bar 250g,1,20.00,20.00
24/08/2026,08:45:53,B00683,8908944388630,Fortune Soyabean Oil 1L,1,125.00,125.00
24/08/2026,08:45:55,B00684,8907194704290,Maggi Masala Noodles 70g,1,14.00,14.00
24/08/2026,08:45:55,B00684,8906743689880,Colgate Strong Teeth 100g,1,55.00,55.00
24/08/2026,08:47:42,B00685,8906604803769,Cadbury Dairy Milk 50g,1,45.00,45.00
24/08/2026,08:47:42,B00685,8909501511089,Amul Taaza Milk 500ml,1,27.00,27.00
24/08/2026,08:49:52,B00686,8909427653757,Parle Parle-G Biscuits 70g,1,10.00,10.00
24/08/2026,08:50:29,B00687,8909600566041,Cadbury Gems 17g,1,10.00,10.00
24/08/2026,08:50:29,B00687,8906604803769,Cadbury Dairy Milk 50g,1,45.00,45.00
24/08/2026,09:03:36,B00688,8901384274525,Yippee Magic Masala 70g,1,14.00,14.00
24/08/2026,09:03:36,B00688,8909501511089,Amul Taaza Milk 500ml,1,27.00,27.00
24/08/2026,09:07:56,B00689,8906604803769,Cadbury Dairy Milk 50g,1,45.00,45.00
24/08/2026,09:07:56,B00689,8906036439130,Cadbury Perk 35g,1,20.00,20.00
24/08/2026,09:12:34,B00690,8907140272743,Haldiram Aloo Bhujia 42g,1,20.00,20.00
24/08/2026,09:12:34,B00690,8906780453871,Red Label Tea 250g,1,135.00,135.00
24/08/2026,09:13:42,B00691,8901393160451,Coca-Cola Soft Drink 750ml,1,40.00,40.00
24/08/2026,09:17:20,B00692,8907140272743,Haldiram Aloo Bhujia 42g,1,20.00,20.00
24/08/2026,09:19:32,B00693,8901943556130,Amul Gold Milk 500ml,1,33.00,33.00
24/08/2026,09:23:04,B00694,8905557725456,Fortune Sunflower Oil 1L,1,135.00,135.00
24/08/2026,09:27:10,B00695,8906710455012,Vim Dishwash Gel 500ml,1,115.00,115.00
24/08/2026,09:27:10,B00695,8904196790184,Mother Dairy Toned Milk 500ml,1,27.00,27.00
24/08/2026,09:27:10,B00695,8901393160451,Coca-Cola Soft Drink 750ml,1,40.00,40.00
24/08/2026,09:38:19,B00696,8906576251407,Colgate MaxFresh 150g,1,99.00,99.00
24/08/2026,09:39:56,B00697,8906710455012,Vim Dishwash Gel 500ml,1,115.00,115.00
24/08/2026,09:42:09,B00698,8907844307079,Saffola Gold Oil 1L,1,175.00,175.00
24/08/2026,09:49:26,B00699,8908977405076,Center Fresh Chewing Gum 28g,1,10.00,10.00
24/08/2026,09:49:26,B00699,8907197864939,Bingo Mad Angles 66g,1,20.00,20.00
24/08/2026,09:54:39,B00700,8904921237526,Alpenliebe Candy Pack 50g,1,20.00,20.00
24/08/2026,09:56:43,B00701,8906604803769,Cadbury Dairy Milk 50g,1,45.00,45.00
24/08/2026,09:59:20,B00702,8904485193979,Tide Detergent Powder 1kg,1,115.00,115.00
24/08/2026,09:59:20,B00702,8907194704290,Maggi Masala Noodles 70g,1,14.00,14.00
24/08/2026,09:59:20,B00702,8906378779086,Surf Excel Easy Wash 1kg,1,125.00,125.00
24/08/2026,10:15:49,B00703,8909023343151,Thums Up Soft Drink 750ml,1,40.00,40.00
24/08/2026,10:21:03,B00704,8909501511089,Amul Taaza Milk 500ml,1,27.00,27.00
24/08/2026,10:21:09,B00705,8909427653757,Parle Parle-G Biscuits 70g,1,10.00,10.00
24/08/2026,10:22:20,B00706,8905557725456,Fortune Sunflower Oil 1L,1,135.00,135.00
24/08/2026,10:35:50,B00707,8908008397233,Pepsi Soft Drink 750ml,2,40.00,80.00
24/08/2026,10:41:11,B00708,8903238955901,Wheel Detergent Powder 1kg,1,62.00,62.00
24/08/2026,11:07:36,B00709,8909427653757,Parle Parle-G Biscuits 70g,1,10.00,10.00
24/08/2026,11:26:30,B00710,8905557725456,Fortune Sunflower Oil 1L,1,135.00,135.00
24/08/2026,11:26:30,B00710,,LOOSE ITEM,1,99.00,99.00
24/08/2026,11:26:30,B00710,8904657151196,Lux Soap 100g,1,35.00,35.00
24/08/2026,11:29:22,B00711,8906378779086,Surf Excel Easy Wash 1kg,1,125.00,125.00
24/08/2026,11:45:24,B00712,8903401125742,Frooti Mango Drink 600ml,1,40.00,40.00
24/08/2026,11:45:24,B00712,8903280387262,Tata Tea Gold 250g,1,145.00,145.00
24/08/2026,11:45:24,B00712,8905331753835,Cadbury 5 Star 40g,1,20.00,20.00
24/08/2026,11:51:28,B00713,8907197864939,Bingo Mad Angles 66g,1,20.00,20.00
24/08/2026,13:13:45,B00714,8909567262253,Dhara Mustard Oil 1L,1,155.00,155.00
24/08/2026,13:13:45,B00714,8907560856516,Nestle Munch 20g,1,10.00,10.00
24/08/2026,13:21:48,B00715,8904626778355,Britannia Bourbon 60g,1,10.00,10.00
24/08/2026,14:49:45,B00716,8907197864939,Bingo Mad Angles 66g,1,20.00,20.00
24/08/2026,15:48:37,B00717,8905982374540,Clinic Plus Shampoo Sachet 6ml,1,3.00,3.00
24/08/2026,16:13:52,B00718,8904233433135,Lay's Classic Salted 52g,1,20.00,20.00
24/08/2026,16:13:52,B00718,8901469251052,Dabur Red Paste 100g,1,55.00,55.00
24/08/2026,16:13:52,B00718,8909501511089,Amul Taaza Milk 500ml,1,27.00,27.00
24/08/2026,16:37:13,B00719,8902525262388,Lifebuoy Soap 125g,1,35.00,35.00
24/08/2026,16:40:20,B00720,8907436422074,Bisleri Water 1L,1,20.00,20.00
24/08/2026,16:40:20,B00720,8908977405076,Center Fresh Chewing Gum 28g,1,10.00,10.00
24/08/2026,16:40:20,B00720,8907560856516,Nestle Munch 20g,1,10.00,10.00
24/08/2026,16:41:40,B00721,8909501511089,Amul Taaza Milk 500ml,1,27.00,27.00
24/08/2026,17:07:51,B00722,8907194704290,Maggi Masala Noodles 70g,1,14.00,14.00
24/08/2026,17:07:51,B00722,8901393160451,Coca-Cola Soft Drink 750ml,1,40.00,40.00
24/08/2026,17:28:50,B00723,8902473535046,Kinley Water 1L,1,20.00,20.00
24/08/2026,17:32:54,B00724,8905982374540,Clinic Plus Shampoo Sachet 6ml,1,3.00,3.00
24/08/2026,17:37:25,B00725,8909427653757,Parle Parle-G Biscuits 70g,1,10.00,10.00
24/08/2026,17:37:53,B00726,8907140272743,Haldiram Aloo Bhujia 42g,1,20.00,20.00
24/08/2026,17:37:53,B00726,8908977405076,Center Fresh Chewing Gum 28g,1,10.00,10.00
24/08/2026,17:43:10,B00727,8902228449239,Polo Mint Roll 28g,1,10.00,10.00
24/08/2026,17:46:16,B00728,8903379154812,Amul Butter 500g,1,295.00,295.00
24/08/2026,17:46:16,B00728,8904626778355,Britannia Bourbon 60g,1,10.00,10.00
24/08/2026,17:47:31,B00729,8902473535046,Kinley Water 1L,1,20.00,20.00
24/08/2026,17:49:47,B00730,8904485193979,Tide Detergent Powder 1kg,1,115.00,115.00
24/08/2026,17:54:09,B00731,8901393160451,Coca-Cola Soft Drink 750ml,1,40.00,40.00
24/08/2026,18:01:37,B00732,,LOOSE ITEM,2,20.00,40.00
24/08/2026,18:03:09,B00733,8905982374540,Clinic Plus Shampoo Sachet 6ml,1,3.00,3.00
24/08/2026,18:16:17,B00734,8905982374540,Clinic Plus Shampoo Sachet 6ml,1,3.00,3.00
24/08/2026,18:18:29,B00735,8907637469151,Maaza Mango Drink 600ml,1,40.00,40.00
24/08/2026,18:23:57,B00736,8900248761133,Britannia Good Day Cashew 75g,1,10.00,10.00
24/08/2026,18:28:58,B00737,8907867306226,Rin Detergent Bar 250g,1,20.00,20.00
24/08/2026,18:31:06,B00738,8903003453342,Head&Shoulders Anti-Dandruff 180ml,1,185.00,185.00
24/08/2026,18:31:06,B00738,8903401125742,Frooti Mango Drink 600ml,1,40.00,40.00
24/08/2026,18:33:52,B00739,8905557725456,Fortune Sunflower Oil 1L,2,135.00,270.00
24/08/2026,18:33:52,B00739,8907194704290,Maggi Masala Noodles 70g,1,14.00,14.00
24/08/2026,18:46:25,B00740,8900248761133,Britannia Good Day Cashew 75g,1,10.00,10.00
24/08/2026,18:46:25,B00740,8908233620472,Good Knight Mosquito Refill 45ml,1,85.00,85.00
24/08/2026,18:49:38,B00741,8906751908089,Dettol Antiseptic Liquid 125ml,1,75.00,75.00
24/08/2026,18:56:56,B00742,,LOOSE ITEM,1,27.00,27.00
24/08/2026,19:03:26,B00743,8907436422074,Bisleri Water 1L,1,20.00,20.00
24/08/2026,19:03:26,B00743,8903238955901,Wheel Detergent Powder 1kg,1,62.00,62.00
24/08/2026,19:03:26,B00743,8908084499371,Amul Butter 100g,1,62.00,62.00
24/08/2026,19:12:37,B00744,,LOOSE ITEM,1,10.00,10.00
24/08/2026,19:12:37,B00744,8909136784575,Tata Salt 1kg,1,28.00,28.00
24/08/2026,19:12:37,B00744,8904626778355,Britannia Bourbon 60g,1,10.00,10.00
24/08/2026,19:31:20,B00745,8905557725456,Fortune Sunflower Oil 1L,1,135.00,135.00
24/08/2026,19:31:20,B00745,8902234478650,Vim Dishwash Bar 300g,1,30.00,30.00
24/08/2026,19:33:17,B00746,8904116546181,Maggi Masala Noodles 4-pack 280g,1,56.00,56.00
24/08/2026,19:34:29,B00747,8907833475284,Ariel Detergent Powder 1kg,1,165.00,165.00
24/08/2026,19:39:39,B00748,8907637469151,Maaza Mango Drink 600ml,1,40.00,40.00
24/08/2026,19:42:01,B00749,8908008397233,Pepsi Soft Drink 750ml,1,40.00,40.00
24/08/2026,19:46:16,B00750,8906715612472,Dettol Soap 125g,1,45.00,45.00
24/08/2026,19:46:16,B00750,8903238955901,Wheel Detergent Powder 1kg,1,62.00,62.00
24/08/2026,19:46:16,B00750,8902525262388,Lifebuoy Soap 125g,1,35.00,35.00
24/08/2026,20:01:29,B00751,8905331753835,Cadbury 5 Star 40g,1,20.00,20.00
24/08/2026,20:04:17,B00752,8904196790184,Mother Dairy Toned Milk 500ml,1,27.00,27.00
24/08/2026,20:05:10,B00753,8909501511089,Amul Taaza Milk 500ml,1,27.00,27.00
24/08/2026,20:08:21,B00754,8906710455012,Vim Dishwash Gel 500ml,1,115.00,115.00
24/08/2026,20:08:21,B00754,8907194704290,Maggi Masala Noodles 70g,1,14.00,14.00
24/08/2026,20:12:16,B00755,8909501511089,Amul Taaza Milk 500ml,1,27.00,27.00
24/08/2026,20:13:29,B00756,8907867306226,Rin Detergent Bar 250g,1,20.00,20.00
24/08/2026,20:14:05,B00757,8909427653757,Parle Parle-G Biscuits 70g,1,10.00,10.00
24/08/2026,20:14:05,B00757,8907436422074,Bisleri Water 1L,1,20.00,20.00
24/08/2026,20:31:58,B00758,8909120041196,Surf Excel Easy Wash 500g,1,68.00,68.00
24/08/2026,20:48:13,B00759,8907140272743,Haldiram Aloo Bhujia 42g,1,20.00,20.00
24/08/2026,20:48:13,B00759,8904823446491,Taj Mahal Tea 250g,1,175.00,175.00
24/08/2026,20:51:04,B00760,8909600566041,Cadbury Gems 17g,1,10.00,10.00
24/08/2026,20:58:11,B00761,8909501511089,Amul Taaza Milk 500ml,1,27.00,27.00
24/08/2026,20:58:11,B00761,8902234478650,Vim Dishwash Bar 300g,1,30.00,30.00
24/08/2026,21:06:56,B00762,8907194704290,Maggi Masala Noodles 70g,1,14.00,14.00
24/08/2026,21:11:01,B00763,8909427653757,Parle Parle-G Biscuits 70g,1,10.00,10.00
24/08/2026,21:11:01,B00763,8906780453871,Red Label Tea 250g,1,135.00,135.00
24/08/2026,21:11:01,B00763,8904626778355,Britannia Bourbon 60g,1,10.00,10.00
24/08/2026,21:40:37,B00764,8901690527315,Real Mixed Fruit Juice 1L,1,125.00,125.00
24/08/2026,21:43:13,B00765,8902473535046,Kinley Water 1L,1,20.00,20.00
25/08/2026,06:19:27,B00766,8904196790184,Mother Dairy Toned Milk 500ml,1,27.00,27.00
25/08/2026,07:03:27,B00767,8905331753835,Cadbury 5 Star 40g,1,20.00,20.00
25/08/2026,07:38:49,B00768,,LOOSE ITEM,1,10.00,10.00
25/08/2026,07:39:30,B00769,8904626778355,Britannia Bourbon 60g,1,10.00,10.00
25/08/2026,07:39:30,B00769,8907833475284,Ariel Detergent Powder 1kg,1,165.00,165.00
25/08/2026,07:57:37,B00770,8907867306226,Rin Detergent Bar 250g,1,20.00,20.00
25/08/2026,07:57:37,B00770,8903003453342,Head&Shoulders Anti-Dandruff 180ml,1,185.00,185.00
25/08/2026,07:58:46,B00771,8908996794274,MDH Chana Masala 100g,1,75.00,75.00
25/08/2026,08:03:30,B00772,8907194704290,Maggi Masala Noodles 70g,1,14.00,14.00
25/08/2026,08:05:50,B00773,8902267109279,Tata Sampann Toor Dal 1kg,1,165.00,165.00
25/08/2026,08:09:15,B00774,8909713071128,Aashirvaad Atta 1kg,1,62.00,62.00
25/08/2026,08:12:10,B00775,8904921237526,Alpenliebe Candy Pack 50g,1,20.00,20.00
25/08/2026,08:12:10,B00775,8905331753835,Cadbury 5 Star 40g,1,20.00,20.00
25/08/2026,08:22:41,B00776,8907867306226,Rin Detergent Bar 250g,1,20.00,20.00
25/08/2026,08:31:26,B00777,,LOOSE ITEM,1,35.00,35.00
25/08/2026,08:38:56,B00778,8903839874342,Chik Shampoo Sachet 6ml,1,3.00,3.00
25/08/2026,08:55:13,B00779,8906751908089,Dettol Antiseptic Liquid 125ml,1,75.00,75.00
25/08/2026,08:56:05,B00780,8903401125742,Frooti Mango Drink 600ml,1,40.00,40.00
25/08/2026,08:56:05,B00780,8909427653757,Parle Parle-G Biscuits 70g,1,10.00,10.00
25/08/2026,08:59:50,B00781,8901393160451,Coca-Cola Soft Drink 750ml,1,40.00,40.00
25/08/2026,09:02:12,B00782,8907140272743,Haldiram Aloo Bhujia 42g,1,20.00,20.00
25/08/2026,09:02:46,B00783,8907560856516,Nestle Munch 20g,1,10.00,10.00
25/08/2026,09:04:48,B00784,8908008397233,Pepsi Soft Drink 750ml,1,40.00,40.00
25/08/2026,09:05:27,B00785,8909136784575,Tata Salt 1kg,1,28.00,28.00
25/08/2026,09:06:15,B00786,8906715612472,Dettol Soap 125g,1,45.00,45.00
25/08/2026,09:15:45,B00787,8901943556130,Amul Gold Milk 500ml,1,33.00,33.00
25/08/2026,09:19:19,B00788,8909427653757,Parle Parle-G Biscuits 70g,1,10.00,10.00
25/08/2026,09:30:46,B00789,8908757386939,Sunfeast Marie Light 75g,1,10.00,10.00
25/08/2026,09:44:44,B00790,8901943556130,Amul Gold Milk 500ml,1,33.00,33.00
25/08/2026,09:53:09,B00791,8906604803769,Cadbury Dairy Milk 50g,1,45.00,45.00
25/08/2026,10:02:07,B00792,8901943556130,Amul Gold Milk 500ml,1,33.00,33.00
25/08/2026,10:06:02,B00793,8907436422074,Bisleri Water 1L,1,20.00,20.00
25/08/2026,10:23:01,B00794,8908757386939,Sunfeast Marie Light 75g,1,10.00,10.00
25/08/2026,10:24:25,B00795,8907436422074,Bisleri Water 1L,1,20.00,20.00
25/08/2026,10:31:47,B00796,8903839874342,Chik Shampoo Sachet 6ml,1,3.00,3.00
25/08/2026,10:47:36,B00797,8909136784575,Tata Salt 1kg,1,28.00,28.00
25/08/2026,10:48:32,B00798,8903711049158,Mentos Mint Roll 29g,1,10.00,10.00
25/08/2026,10:48:32,B00798,8903632424966,Nestle KitKat 37g,1,20.00,20.00
25/08/2026,10:54:26,B00799,8909202363543,Catch Red Chilli Powder 100g,1,62.00,62.00
25/08/2026,11:03:01,B00800,,LOOSE ITEM,1,175.00,175.00
25/08/2026,11:03:01,B00800,8902525262388,Lifebuoy Soap 125g,1,35.00,35.00
25/08/2026,11:03:01,B00800,8908757386939,Sunfeast Marie Light 75g,1,10.00,10.00
25/08/2026,11:14:51,B00801,8907174824185,Madhur Sugar 1kg,1,48.00,48.00
25/08/2026,11:17:43,B00802,8904921237526,Alpenliebe Candy Pack 50g,1,20.00,20.00
25/08/2026,11:17:43,B00802,8909427653757,Parle Parle-G Biscuits 70g,1,10.00,10.00
25/08/2026,12:06:46,B00803,8903839874342,Chik Shampoo Sachet 6ml,1,3.00,3.00
25/08/2026,12:06:46,B00803,8901469251052,Dabur Red Paste 100g,1,55.00,55.00
25/08/2026,12:08:51,B00804,8900635707409,Top Ramen Curry Noodles 70g,1,14.00,14.00
25/08/2026,12:08:51,B00804,8902473535046,Kinley Water 1L,1,20.00,20.00
25/08/2026,12:15:03,B00805,8903656686821,Nivea Body Lotion 200ml,1,199.00,199.00
25/08/2026,12:15:03,B00805,8906036439130,Cadbury Perk 35g,1,20.00,20.00
25/08/2026,12:15:25,B00806,8904472281122,Gillette Shaving Cream 70g,1,99.00,99.00
25/08/2026,12:32:46,B00807,8903401125742,Frooti Mango Drink 600ml,1,40.00,40.00
25/08/2026,12:35:31,B00808,8905982374540,Clinic Plus Shampoo Sachet 6ml,1,3.00,3.00
25/08/2026,12:39:02,B00809,8908008397233,Pepsi Soft Drink 750ml,1,40.00,40.00
25/08/2026,12:46:49,B00810,8907867306226,Rin Detergent Bar 250g,1,20.00,20.00
25/08/2026,12:46:49,B00810,8901943556130,Amul Gold Milk 500ml,1,33.00,33.00
25/08/2026,13:00:44,B00811,8906604803769,Cadbury Dairy Milk 50g,1,45.00,45.00
25/08/2026,13:58:11,B00812,8906715612472,Dettol Soap 125g,1,45.00,45.00
25/08/2026,14:07:24,B00813,8908944388630,Fortune Soyabean Oil 1L,1,125.00,125.00
25/08/2026,14:07:48,B00814,8902234478650,Vim Dishwash Bar 300g,1,30.00,30.00
25/08/2026,14:31:03,B00815,8907194704290,Maggi Masala Noodles 70g,1,14.00,14.00
25/08/2026,14:54:39,B00816,8901384274525,Yippee Magic Masala 70g,1,14.00,14.00
25/08/2026,15:14:53,B00817,8907174824185,Madhur Sugar 1kg,1,48.00,48.00
25/08/2026,15:38:13,B00818,8906780453871,Red Label Tea 250g,1,135.00,135.00
25/08/2026,15:55:57,B00819,,LOOSE ITEM,1,14.00,14.00
25/08/2026,15:55:57,B00819,8909427653757,Parle Parle-G Biscuits 70g,1,10.00,10.00
25/08/2026,15:55:57,B00819,8907197864939,Bingo Mad Angles 66g,1,20.00,20.00
25/08/2026,16:02:45,B00820,8902234478650,Vim Dishwash Bar 300g,1,30.00,30.00
25/08/2026,16:06:25,B00821,8905800014993,Bru Instant Coffee 50g,1,155.00,155.00
25/08/2026,16:09:32,B00822,8902473535046,Kinley Water 1L,1,20.00,20.00
25/08/2026,16:52:40,B00823,8909746434730,Kissan Tomato Ketchup 950g,1,135.00,135.00
25/08/2026,16:53:41,B00824,8903277964018,Medimix Soap 125g,1,40.00,40.00
25/08/2026,16:54:01,B00825,8903401125742,Frooti Mango Drink 600ml,1,40.00,40.00
25/08/2026,16:58:31,B00826,8906715612472,Dettol Soap 125g,1,45.00,45.00
25/08/2026,17:22:15,B00827,8905800014993,Bru Instant Coffee 50g,1,155.00,155.00
25/08/2026,17:22:15,B00827,8909501511089,Amul Taaza Milk 500ml,1,27.00,27.00
25/08/2026,17:46:45,B00828,8900635707409,Top Ramen Curry Noodles 70g,1,14.00,14.00
25/08/2026,17:48:54,B00829,8904196790184,Mother Dairy Toned Milk 500ml,1,27.00,27.00
25/08/2026,17:50:56,B00830,8904233433135,Lay's Classic Salted 52g,1,20.00,20.00
25/08/2026,18:02:31,B00831,8909501511089,Amul Taaza Milk 500ml,1,27.00,27.00
25/08/2026,18:07:15,B00832,8903632424966,Nestle KitKat 37g,1,20.00,20.00
25/08/2026,18:07:42,B00833,8900248761133,Britannia Good Day Cashew 75g,1,10.00,10.00
25/08/2026,18:09:48,B00834,8908084499371,Amul Butter 100g,1,62.00,62.00
25/08/2026,18:20:56,B00835,8906710455012,Vim Dishwash Gel 500ml,1,115.00,115.00
25/08/2026,18:21:13,B00836,8903003453342,Head&Shoulders Anti-Dandruff 180ml,1,185.00,185.00
25/08/2026,18:25:55,B00837,8909120041196,Surf Excel Easy Wash 500g,1,68.00,68.00
25/08/2026,18:52:05,B00838,8905875652885,Maggi Hot & Sweet Sauce 500g,1,115.00,115.00
25/08/2026,18:57:18,B00839,8908401707462,Kurkure Masala Munch 90g,1,20.00,20.00
25/08/2026,18:58:26,B00840,8908008397233,Pepsi Soft Drink 750ml,1,40.00,40.00
25/08/2026,19:05:53,B00841,8904921237526,Alpenliebe Candy Pack 50g,1,20.00,20.00
25/08/2026,19:06:45,B00842,8908401707462,Kurkure Masala Munch 90g,1,20.00,20.00
25/08/2026,19:09:49,B00843,8905800014993,Bru Instant Coffee 50g,1,155.00,155.00
25/08/2026,19:09:49,B00843,8903401125742,Frooti Mango Drink 600ml,1,40.00,40.00
25/08/2026,19:09:49,B00843,8905270366202,Everest Turmeric Powder 200g,1,68.00,68.00
25/08/2026,19:22:56,B00844,8904176990627,Lizol Floor Cleaner 500ml,1,99.00,99.00
25/08/2026,19:22:56,B00844,8908401707462,Kurkure Masala Munch 90g,1,20.00,20.00
25/08/2026,19:22:56,B00844,8909746434730,Kissan Tomato Ketchup 950g,1,135.00,135.00
25/08/2026,19:25:49,B00845,8902234478650,Vim Dishwash Bar 300g,1,30.00,30.00
25/08/2026,19:30:09,B00846,8907436422074,Bisleri Water 1L,1,20.00,20.00
25/08/2026,19:30:09,B00846,8904657151196,Lux Soap 100g,1,35.00,35.00
25/08/2026,19:35:02,B00847,8902267109279,Tata Sampann Toor Dal 1kg,1,165.00,165.00
25/08/2026,19:35:36,B00848,8900248761133,Britannia Good Day Cashew 75g,1,10.00,10.00
25/08/2026,19:39:54,B00849,8904233433135,Lay's Classic Salted 52g,1,20.00,20.00
25/08/2026,19:42:35,B00850,8909600566041,Cadbury Gems 17g,1,10.00,10.00
25/08/2026,19:42:35,B00850,8907194704290,Maggi Masala Noodles 70g,1,14.00,14.00
25/08/2026,19:49:56,B00851,8903238955901,Wheel Detergent Powder 1kg,1,62.00,62.00
25/08/2026,19:49:56,B00851,8902853532528,Daawat Rozana Rice 5kg,1,340.00,340.00
25/08/2026,19:49:56,B00851,8907194704290,Maggi Masala Noodles 70g,1,14.00,14.00
25/08/2026,19:50:01,B00852,8904823446491,Taj Mahal Tea 250g,1,175.00,175.00
25/08/2026,19:50:40,B00853,8907436422074,Bisleri Water 1L,1,20.00,20.00
25/08/2026,19:53:37,B00854,8906604803769,Cadbury Dairy Milk 50g,1,45.00,45.00
25/08/2026,20:00:52,B00855,8901193121348,India Gate Basmati Rice 1kg,1,135.00,135.00
25/08/2026,20:15:15,B00856,8907436422074,Bisleri Water 1L,1,20.00,20.00
25/08/2026,20:17:17,B00857,8904872245939,Tropicana Orange Juice 1L,1,125.00,125.00
25/08/2026,20:17:17,B00857,8909120041196,Surf Excel Easy Wash 500g,1,68.00,68.00
25/08/2026,20:19:16,B00858,8907194704290,Maggi Masala Noodles 70g,1,14.00,14.00
25/08/2026,20:19:16,B00858,8900635707409,Top Ramen Curry Noodles 70g,1,14.00,14.00
25/08/2026,20:25:29,B00859,8904176990627,Lizol Floor Cleaner 500ml,1,99.00,99.00
25/08/2026,20:25:29,B00859,8907197864939,Bingo Mad Angles 66g,1,20.00,20.00
25/08/2026,20:34:30,B00860,8908757386939,Sunfeast Marie Light 75g,1,10.00,10.00
25/08/2026,20:43:21,B00861,8904196790184,Mother Dairy Toned Milk 500ml,1,27.00,27.00
25/08/2026,20:43:21,B00861,8904233433135,Lay's Classic Salted 52g,1,20.00,20.00
25/08/2026,20:48:53,B00862,8909136784575,Tata Salt 1kg,1,28.00,28.00
25/08/2026,20:56:39,B00863,8909501511089,Amul Taaza Milk 500ml,1,27.00,27.00
25/08/2026,20:56:39,B00863,8906378779086,Surf Excel Easy Wash 1kg,1,125.00,125.00
25/08/2026,20:56:39,B00863,8902473535046,Kinley Water 1L,1,20.00,20.00
25/08/2026,20:57:59,B00864,8908373852658,Closeup Red Hot 150g,1,95.00,95.00
25/08/2026,20:57:59,B00864,8907560856516,Nestle Munch 20g,1,10.00,10.00
25/08/2026,21:01:37,B00865,8906715612472,Dettol Soap 125g,1,45.00,45.00
25/08/2026,21:20:06,B00866,8907436422074,Bisleri Water 1L,1,20.00,20.00
25/08/2026,21:30:15,B00867,8907867306226,Rin Detergent Bar 250g,1,20.00,20.00
25/08/2026,21:36:40,B00868,8902550748321,Sprite Soft Drink 750ml,1,40.00,40.00
25/08/2026,21:36:40,B00868,8901393160451,Coca-Cola Soft Drink 750ml,1,40.00,40.00
25/08/2026,21:36:40,B00868,8904196790184,Mother Dairy Toned Milk 500ml,1,27.00,27.00
25/08/2026,22:05:54,B00869,8907867306226,Rin Detergent Bar 250g,1,20.00,20.00
25/08/2026,22:30:33,B00870,8907064047854,Bournvita Health Drink 500g,1,245.00,245.00
25/08/2026,22:30:33,B00870,8909202363543,Catch Red Chilli Powder 100g,1,62.00,62.00
25/08/2026,22:30:33,B00870,8905331753835,Cadbury 5 Star 40g,1,20.00,20.00
25/08/2026,22:57:00,B00871,8907194704290,Maggi Masala Noodles 70g,1,14.00,14.00
25/08/2026,22:57:00,B00871,8908401707462,Kurkure Masala Munch 90g,1,20.00,20.00
26/08/2026,06:28:36,B00872,8901193121348,India Gate Basmati Rice 1kg,1,135.00,135.00
26/08/2026,06:28:36,B00872,8904657151196,Lux Soap 100g,1,35.00,35.00
26/08/2026,06:28:36,B00872,8904196790184,Mother Dairy Toned Milk 500ml,1,27.00,27.00
26/08/2026,06:50:41,B00873,8903238955901,Wheel Detergent Powder 1kg,1,62.00,62.00
26/08/2026,06:50:41,B00873,8909501511089,Amul Taaza Milk 500ml,1,27.00,27.00
26/08/2026,06:54:04,B00874,8907194704290,Maggi Masala Noodles 70g,1,14.00,14.00
26/08/2026,07:13:18,B00875,8907197864939,Bingo Mad Angles 66g,1,20.00,20.00
26/08/2026,07:13:18,B00875,8902550748321,Sprite Soft Drink 750ml,1,40.00,40.00
26/08/2026,07:14:57,B00876,8903632424966,Nestle KitKat 37g,1,20.00,20.00
26/08/2026,07:33:07,B00877,8905982374540,Clinic Plus Shampoo Sachet 6ml,1,3.00,3.00
26/08/2026,07:38:12,B00878,8904611794537,Fair & Lovely Face Cream 50g,1,125.00,125.00
26/08/2026,07:38:12,B00878,8907436422074,Bisleri Water 1L,1,20.00,20.00
26/08/2026,07:48:42,B00879,8905982374540,Clinic Plus Shampoo Sachet 6ml,1,3.00,3.00
26/08/2026,07:48:42,B00879,8903711049158,Mentos Mint Roll 29g,1,10.00,10.00
26/08/2026,07:48:42,B00879,8909501511089,Amul Taaza Milk 500ml,1,27.00,27.00
26/08/2026,08:01:21,B00880,8904196790184,Mother Dairy Toned Milk 500ml,1,27.00,27.00
26/08/2026,08:07:12,B00881,8907560856516,Nestle Munch 20g,1,10.00,10.00
26/08/2026,08:11:58,B00882,8903839874342,Chik Shampoo Sachet 6ml,1,3.00,3.00
26/08/2026,08:18:31,B00883,8902228449239,Polo Mint Roll 28g,1,10.00,10.00
26/08/2026,08:18:31,B00883,8903711049158,Mentos Mint Roll 29g,1,10.00,10.00
26/08/2026,08:33:06,B00884,8905331753835,Cadbury 5 Star 40g,1,20.00,20.00
26/08/2026,08:33:06,B00884,8908401707462,Kurkure Masala Munch 90g,1,20.00,20.00
26/08/2026,08:33:06,B00884,8908757386939,Sunfeast Marie Light 75g,1,10.00,10.00
26/08/2026,08:34:55,B00885,8904196790184,Mother Dairy Toned Milk 500ml,1,27.00,27.00
26/08/2026,08:38:39,B00886,8900248761133,Britannia Good Day Cashew 75g,1,10.00,10.00
26/08/2026,08:49:00,B00887,8909023343151,Thums Up Soft Drink 750ml,1,40.00,40.00
26/08/2026,08:51:24,B00888,8901018275973,Nescafe Classic Coffee 50g,1,175.00,175.00
26/08/2026,09:03:04,B00889,8906378779086,Surf Excel Easy Wash 1kg,1,125.00,125.00
26/08/2026,09:06:34,B00890,8903711049158,Mentos Mint Roll 29g,1,10.00,10.00
26/08/2026,09:10:59,B00891,8907436422074,Bisleri Water 1L,1,20.00,20.00
26/08/2026,09:17:56,B00892,,LOOSE ITEM,1,145.00,145.00
26/08/2026,09:17:56,B00892,8909534043717,Amul Masti Dahi 400g,1,45.00,45.00
26/08/2026,09:20:53,B00893,8906710455012,Vim Dishwash Gel 500ml,1,115.00,115.00
26/08/2026,09:24:10,B00894,8901393160451,Coca-Cola Soft Drink 750ml,1,40.00,40.00
26/08/2026,09:24:10,B00894,8908142746881,Santoor Soap 125g,1,35.00,35.00
26/08/2026,09:25:16,B00895,8904921237526,Alpenliebe Candy Pack 50g,1,20.00,20.00
26/08/2026,09:30:17,B00896,8904233433135,Lay's Classic Salted 52g,1,20.00,20.00
26/08/2026,09:47:37,B00897,8907194704290,Maggi Masala Noodles 70g,1,14.00,14.00
26/08/2026,09:47:37,B00897,8905331753835,Cadbury 5 Star 40g,1,20.00,20.00
26/08/2026,09:55:15,B00898,8909534043717,Amul Masti Dahi 400g,1,45.00,45.00
26/08/2026,10:02:50,B00899,8904233433135,Lay's Classic Salted 52g,1,20.00,20.00
26/08/2026,10:15:25,B00900,8907174824185,Madhur Sugar 1kg,1,48.00,48.00
26/08/2026,10:15:25,B00900,8909136784575,Tata Salt 1kg,1,28.00,28.00
26/08/2026,10:15:25,B00900,8905982374540,Clinic Plus Shampoo Sachet 6ml,1,3.00,3.00
26/08/2026,10:34:15,B00901,8904196790184,Mother Dairy Toned Milk 500ml,1,27.00,27.00
26/08/2026,10:44:29,B00902,8905982374540,Clinic Plus Shampoo Sachet 6ml,1,3.00,3.00
26/08/2026,10:44:29,B00902,8909713071128,Aashirvaad Atta 1kg,1,62.00,62.00
26/08/2026,10:44:29,B00902,8905270366202,Everest Turmeric Powder 200g,1,68.00,68.00
26/08/2026,10:50:07,B00903,8902550748321,Sprite Soft Drink 750ml,1,40.00,40.00
26/08/2026,11:12:22,B00904,8907174824185,Madhur Sugar 1kg,1,48.00,48.00
26/08/2026,11:47:38,B00905,8901384274525,Yippee Magic Masala 70g,1,14.00,14.00
26/08/2026,11:47:38,B00905,8905331753835,Cadbury 5 Star 40g,1,20.00,20.00
26/08/2026,11:47:38,B00905,8907140272743,Haldiram Aloo Bhujia 42g,1,20.00,20.00
26/08/2026,11:51:10,B00906,8907436422074,Bisleri Water 1L,1,20.00,20.00
26/08/2026,11:51:10,B00906,8909746434730,Kissan Tomato Ketchup 950g,1,135.00,135.00
26/08/2026,11:54:03,B00907,8907197864939,Bingo Mad Angles 66g,1,20.00,20.00
26/08/2026,11:54:03,B00907,8902473535046,Kinley Water 1L,1,20.00,20.00
26/08/2026,11:56:11,B00908,8907236061046,All Out Mosquito Refill 45ml,1,85.00,85.00
26/08/2026,12:00:53,B00909,8905331753835,Cadbury 5 Star 40g,1,20.00,20.00
26/08/2026,12:13:40,B00910,8901943556130,Amul Gold Milk 500ml,1,33.00,33.00
26/08/2026,12:41:35,B00911,8903280387262,Tata Tea Gold 250g,1,145.00,145.00
26/08/2026,12:52:19,B00912,8909534043717,Amul Masti Dahi 400g,1,45.00,45.00
26/08/2026,12:52:19,B00912,8904176990627,Lizol Floor Cleaner 500ml,1,99.00,99.00
26/08/2026,12:53:08,B00913,8905270366202,Everest Turmeric Powder 200g,1,68.00,68.00
26/08/2026,12:57:42,B00914,8906036439130,Cadbury Perk 35g,1,20.00,20.00
26/08/2026,13:24:00,B00915,8907483429934,Pepsodent Germicheck 100g,1,55.00,55.00
26/08/2026,13:35:19,B00916,8904823446491,Taj Mahal Tea 250g,1,175.00,175.00
26/08/2026,13:43:29,B00917,8907436422074,Bisleri Water 1L,1,20.00,20.00
26/08/2026,14:08:36,B00918,8904657151196,Lux Soap 100g,1,35.00,35.00
26/08/2026,14:08:36,B00918,8906604803769,Cadbury Dairy Milk 50g,1,45.00,45.00
26/08/2026,14:20:37,B00919,8901384274525,Yippee Magic Masala 70g,1,14.00,14.00
26/08/2026,14:31:58,B00920,8902525262388,Lifebuoy Soap 125g,1,35.00,35.00
26/08/2026,14:36:01,B00921,8904116546181,Maggi Masala Noodles 4-pack 280g,1,56.00,56.00
26/08/2026,14:36:01,B00921,8900248761133,Britannia Good Day Cashew 75g,1,10.00,10.00
26/08/2026,14:45:27,B00922,8907194704290,Maggi Masala Noodles 70g,1,14.00,14.00
26/08/2026,14:50:53,B00923,,LOOSE ITEM,1,10.00,10.00
26/08/2026,15:11:16,B00924,8901469251052,Dabur Red Paste 100g,1,55.00,55.00
26/08/2026,15:11:16,B00924,8902525262388,Lifebuoy Soap 125g,1,35.00,35.00
26/08/2026,15:46:02,B00925,8907956866624,Colin Glass Cleaner 500ml,1,95.00,95.00
26/08/2026,15:46:02,B00925,,LOOSE ITEM,1,40.00,40.00
26/08/2026,16:22:54,B00926,8905982374540,Clinic Plus Shampoo Sachet 6ml,1,3.00,3.00
26/08/2026,16:25:58,B00927,8904657151196,Lux Soap 100g,1,35.00,35.00
26/08/2026,16:25:58,B00927,,LOOSE ITEM,1,20.00,20.00
26/08/2026,16:35:57,B00928,8906604803769,Cadbury Dairy Milk 50g,1,45.00,45.00
26/08/2026,16:35:57,B00928,8909600566041,Cadbury Gems 17g,1,10.00,10.00
26/08/2026,16:46:36,B00929,8907140272743,Haldiram Aloo Bhujia 42g,1,20.00,20.00
26/08/2026,16:48:56,B00930,8900248761133,Britannia Good Day Cashew 75g,1,10.00,10.00
26/08/2026,17:04:56,B00931,8900257989146,Parle Krackjack 70g,1,10.00,10.00
26/08/2026,17:04:56,B00931,8901469251052,Dabur Red Paste 100g,1,55.00,55.00
26/08/2026,17:07:14,B00932,8902525262388,Lifebuoy Soap 125g,1,35.00,35.00
26/08/2026,17:08:28,B00933,8904872245939,Tropicana Orange Juice 1L,1,125.00,125.00
26/08/2026,17:08:28,B00933,8902550748321,Sprite Soft Drink 750ml,1,40.00,40.00
26/08/2026,17:08:28,B00933,8906780453871,Red Label Tea 250g,1,135.00,135.00
26/08/2026,17:11:58,B00934,8907194704290,Maggi Masala Noodles 70g,1,14.00,14.00
26/08/2026,17:11:58,B00934,8909023343151,Thums Up Soft Drink 750ml,1,40.00,40.00
26/08/2026,17:19:34,B00935,8906604803769,Cadbury Dairy Milk 50g,1,45.00,45.00
26/08/2026,17:29:17,B00936,8903401125742,Frooti Mango Drink 600ml,1,40.00,40.00
26/08/2026,17:29:44,B00937,8903280387262,Tata Tea Gold 250g,1,145.00,145.00
26/08/2026,17:59:25,B00938,8904233433135,Lay's Classic Salted 52g,1,20.00,20.00
26/08/2026,18:02:58,B00939,8906710455012,Vim Dishwash Gel 500ml,1,115.00,115.00
26/08/2026,18:02:58,B00939,8904233433135,Lay's Classic Salted 52g,1,20.00,20.00
26/08/2026,18:09:30,B00940,8909501511089,Amul Taaza Milk 500ml,1,27.00,27.00
26/08/2026,18:09:40,B00941,8904657151196,Lux Soap 100g,1,35.00,35.00
26/08/2026,18:09:40,B00941,8901393160451,Coca-Cola Soft Drink 750ml,1,40.00,40.00
26/08/2026,18:15:23,B00942,8903839874342,Chik Shampoo Sachet 6ml,1,3.00,3.00
26/08/2026,18:18:13,B00943,8909501511089,Amul Taaza Milk 500ml,1,27.00,27.00
26/08/2026,18:29:34,B00944,8907194704290,Maggi Masala Noodles 70g,1,14.00,14.00
26/08/2026,18:29:34,B00944,8905982374540,Clinic Plus Shampoo Sachet 6ml,1,3.00,3.00
26/08/2026,18:29:57,B00945,8908079489875,Everest Garam Masala 100g,1,75.00,75.00
26/08/2026,18:36:13,B00946,8902228449239,Polo Mint Roll 28g,1,10.00,10.00
26/08/2026,18:36:13,B00946,8904872245939,Tropicana Orange Juice 1L,1,125.00,125.00
26/08/2026,18:43:12,B00947,8909600566041,Cadbury Gems 17g,1,10.00,10.00
26/08/2026,18:43:12,B00947,8906780453871,Red Label Tea 250g,1,135.00,135.00
26/08/2026,18:50:12,B00948,8906743689880,Colgate Strong Teeth 100g,1,55.00,55.00
26/08/2026,18:55:08,B00949,8907197864939,Bingo Mad Angles 66g,1,20.00,20.00
26/08/2026,19:06:51,B00950,8907436422074,Bisleri Water 1L,1,20.00,20.00
26/08/2026,19:13:44,B00951,8908977405076,Center Fresh Chewing Gum 28g,1,10.00,10.00
26/08/2026,19:15:17,B00952,8903711049158,Mentos Mint Roll 29g,1,10.00,10.00
26/08/2026,19:18:11,B00953,8909136784575,Tata Salt 1kg,1,28.00,28.00
26/08/2026,19:19:20,B00954,8906118385591,Kissan Mixed Fruit Jam 500g,1,145.00,145.00
26/08/2026,19:19:20,B00954,8909136784575,Tata Salt 1kg,1,28.00,28.00
26/08/2026,19:20:12,B00955,8905331753835,Cadbury 5 Star 40g,1,20.00,20.00
26/08/2026,19:25:46,B00956,8908977405076,Center Fresh Chewing Gum 28g,1,10.00,10.00
26/08/2026,19:45:23,B00957,8904823446491,Taj Mahal Tea 250g,1,175.00,175.00
26/08/2026,19:45:23,B00957,8907436422074,Bisleri Water 1L,1,20.00,20.00
26/08/2026,19:55:16,B00958,8907844307079,Saffola Gold Oil 1L,1,175.00,175.00
26/08/2026,19:55:16,B00958,8906780453871,Red Label Tea 250g,1,135.00,135.00
26/08/2026,19:56:46,B00959,8908401707462,Kurkure Masala Munch 90g,1,20.00,20.00
26/08/2026,19:56:46,B00959,8903401125742,Frooti Mango Drink 600ml,1,40.00,40.00
26/08/2026,20:02:07,B00960,8909600566041,Cadbury Gems 17g,1,10.00,10.00
26/08/2026,20:02:07,B00960,8908944388630,Fortune Soyabean Oil 1L,1,125.00,125.00
26/08/2026,20:04:06,B00961,8908401707462,Kurkure Masala Munch 90g,1,20.00,20.00
26/08/2026,20:07:30,B00962,8908401707462,Kurkure Masala Munch 90g,1,20.00,20.00
26/08/2026,20:08:15,B00963,8909136784575,Tata Salt 1kg,1,28.00,28.00
26/08/2026,20:18:24,B00964,8902473535046,Kinley Water 1L,1,20.00,20.00
26/08/2026,20:37:10,B00965,8904657151196,Lux Soap 100g,1,35.00,35.00
26/08/2026,20:38:35,B00966,8903839874342,Chik Shampoo Sachet 6ml,1,3.00,3.00
26/08/2026,20:38:35,B00966,8903401125742,Frooti Mango Drink 600ml,1,40.00,40.00
26/08/2026,20:38:35,B00966,8903632424966,Nestle KitKat 37g,1,20.00,20.00
26/08/2026,20:41:16,B00967,8909427653757,Parle Parle-G Biscuits 70g,1,10.00,10.00
26/08/2026,20:48:38,B00968,8909427653757,Parle Parle-G Biscuits 70g,1,10.00,10.00
26/08/2026,20:55:02,B00969,8907867306226,Rin Detergent Bar 250g,1,20.00,20.00
26/08/2026,20:55:02,B00969,8904626778355,Britannia Bourbon 60g,1,10.00,10.00
26/08/2026,21:03:10,B00970,8904196790184,Mother Dairy Toned Milk 500ml,1,27.00,27.00
26/08/2026,21:03:10,B00970,8909746434730,Kissan Tomato Ketchup 950g,1,135.00,135.00
26/08/2026,21:03:10,B00970,8907436422074,Bisleri Water 1L,1,20.00,20.00
26/08/2026,21:20:44,B00971,8906036439130,Cadbury Perk 35g,1,20.00,20.00
26/08/2026,21:43:18,B00972,8901193121348,India Gate Basmati Rice 1kg,1,135.00,135.00
26/08/2026,21:43:18,B00972,8909501511089,Amul Taaza Milk 500ml,1,27.00,27.00
26/08/2026,21:50:16,B00973,8904116546181,Maggi Masala Noodles 4-pack 280g,1,56.00,56.00
26/08/2026,21:56:30,B00974,8905982374540,Clinic Plus Shampoo Sachet 6ml,1,3.00,3.00
26/08/2026,21:56:30,B00974,8908401707462,Kurkure Masala Munch 90g,1,20.00,20.00
26/08/2026,22:10:57,B00975,8902525262388,Lifebuoy Soap 125g,1,35.00,35.00
26/08/2026,22:10:57,B00975,8909534043717,Amul Masti Dahi 400g,1,45.00,45.00
26/08/2026,22:30:49,B00976,8909023343151,Thums Up Soft Drink 750ml,1,40.00,40.00
26/08/2026,22:30:49,B00976,8901943556130,Amul Gold Milk 500ml,1,33.00,33.00
26/08/2026,22:58:16,B00977,8909501511089,Amul Taaza Milk 500ml,1,27.00,27.00
27/08/2026,06:32:28,B00978,8907194704290,Maggi Masala Noodles 70g,1,14.00,14.00
27/08/2026,06:45:50,B00979,8901393160451,Coca-Cola Soft Drink 750ml,1,40.00,40.00
27/08/2026,07:12:12,B00980,8904233433135,Lay's Classic Salted 52g,1,20.00,20.00
27/08/2026,07:14:10,B00981,8909600566041,Cadbury Gems 17g,1,10.00,10.00
27/08/2026,07:24:52,B00982,8907140272743,Haldiram Aloo Bhujia 42g,1,20.00,20.00
27/08/2026,07:31:43,B00983,8905557725456,Fortune Sunflower Oil 1L,1,135.00,135.00
27/08/2026,07:31:43,B00983,8905331753835,Cadbury 5 Star 40g,1,20.00,20.00
27/08/2026,08:01:02,B00984,8908373852658,Closeup Red Hot 150g,2,95.00,190.00
27/08/2026,08:01:02,B00984,8908977405076,Center Fresh Chewing Gum 28g,1,10.00,10.00
27/08/2026,08:26:31,B00985,8903711049158,Mentos Mint Roll 29g,1,10.00,10.00
27/08/2026,08:31:56,B00986,8906118385591,Kissan Mixed Fruit Jam 500g,1,145.00,145.00
27/08/2026,08:31:56,B00986,8908977405076,Center Fresh Chewing Gum 28g,1,10.00,10.00
27/08/2026,08:34:41,B00987,8907436422074,Bisleri Water 1L,1,20.00,20.00
27/08/2026,08:34:41,B00987,8901384274525,Yippee Magic Masala 70g,1,14.00,14.00
27/08/2026,08:34:41,B00987,8908944388630,Fortune Soyabean Oil 1L,1,125.00,125.00
27/08/2026,08:39:07,B00988,8905982374540,Clinic Plus Shampoo Sachet 6ml,1,3.00,3.00
27/08/2026,08:39:07,B00988,8903401125742,Frooti Mango Drink 600ml,1,40.00,40.00
27/08/2026,08:44:56,B00989,8909120041196,Surf Excel Easy Wash 500g,1,68.00,68.00
27/08/2026,08:47:58,B00990,,LOOSE ITEM,1,40.00,40.00
27/08/2026,08:53:06,B00991,8903839874342,Chik Shampoo Sachet 6ml,1,3.00,3.00
27/08/2026,08:53:59,B00992,,LOOSE ITEM,1,40.00,40.00
27/08/2026,08:54:07,B00993,8909713071128,Aashirvaad Atta 1kg,1,62.00,62.00
27/08/2026,08:54:07,B00993,8902550748321,Sprite Soft Drink 750ml,1,40.00,40.00
27/08/2026,08:54:07,B00993,8909746434730,Kissan Tomato Ketchup 950g,1,135.00,135.00
27/08/2026,08:55:23,B00994,8901393160451,Coca-Cola Soft Drink 750ml,1,40.00,40.00
27/08/2026,09:00:35,B00995,8905982374540,Clinic Plus Shampoo Sachet 6ml,1,3.00,3.00
27/08/2026,09:13:25,B00996,8904823446491,Taj Mahal Tea 250g,1,175.00,175.00
27/08/2026,09:13:25,B00996,8901393160451,Coca-Cola Soft Drink 750ml,1,40.00,40.00
27/08/2026,09:20:18,B00997,8903277964018,Medimix Soap 125g,1,40.00,40.00
27/08/2026,09:24:29,B00998,8908977405076,Center Fresh Chewing Gum 28g,1,10.00,10.00
27/08/2026,09:24:29,B00998,8903839874342,Chik Shampoo Sachet 6ml,1,3.00,3.00
27/08/2026,09:24:29,B00998,8909427653757,Parle Parle-G Biscuits 70g,1,10.00,10.00
27/08/2026,09:34:27,B00999,8902550748321,Sprite Soft Drink 750ml,1,40.00,40.00
27/08/2026,09:34:27,B00999,8909136784575,Tata Salt 1kg,1,28.00,28.00
27/08/2026,09:34:27,B00999,8902234478650,Vim Dishwash Bar 300g,1,30.00,30.00
27/08/2026,09:41:32,B01000,8907560856516,Nestle Munch 20g,1,10.00,10.00
27/08/2026,09:42:01,B01001,8907560856516,Nestle Munch 20g,1,10.00,10.00
27/08/2026,09:44:42,B01002,8909534043717,Amul Masti Dahi 400g,1,45.00,45.00
27/08/2026,09:44:42,B01002,8903632424966,Nestle KitKat 37g,1,20.00,20.00
27/08/2026,09:44:42,B01002,8907197864939,Bingo Mad Angles 66g,1,20.00,20.00
27/08/2026,09:48:54,B01003,8901469251052,Dabur Red Paste 100g,1,55.00,55.00
27/08/2026,09:50:31,B01004,8908193642644,Nestle Milkmaid 400g,1,145.00,145.00
27/08/2026,09:50:31,B01004,8908084499371,Amul Butter 100g,1,62.00,62.00
27/08/2026,09:51:18,B01005,8907197864939,Bingo Mad Angles 66g,1,20.00,20.00
27/08/2026,09:56:34,B01006,8908373852658,Closeup Red Hot 150g,1,95.00,95.00
27/08/2026,09:57:37,B01007,8906118385591,Kissan Mixed Fruit Jam 500g,1,145.00,145.00
27/08/2026,10:02:15,B01008,8902525262388,Lifebuoy Soap 125g,1,35.00,35.00
27/08/2026,10:02:15,B01008,,LOOSE ITEM,1,20.00,20.00
27/08/2026,10:24:47,B01009,8909136784575,Tata Salt 1kg,1,28.00,28.00
27/08/2026,10:37:15,B01010,8901943556130,Amul Gold Milk 500ml,1,33.00,33.00
27/08/2026,10:37:15,B01010,8904233433135,Lay's Classic Salted 52g,1,20.00,20.00
27/08/2026,10:37:15,B01010,8907483429934,Pepsodent Germicheck 100g,1,55.00,55.00
27/08/2026,10:46:18,B01011,8908008397233,Pepsi Soft Drink 750ml,1,40.00,40.00
27/08/2026,10:48:46,B01012,8905982374540,Clinic Plus Shampoo Sachet 6ml,1,3.00,3.00
27/08/2026,11:04:18,B01013,8907867306226,Rin Detergent Bar 250g,1,20.00,20.00
27/08/2026,11:04:18,B01013,8903711049158,Mentos Mint Roll 29g,1,10.00,10.00
27/08/2026,11:05:34,B01014,8900248761133,Britannia Good Day Cashew 75g,1,10.00,10.00
27/08/2026,11:06:07,B01015,8902234478650,Vim Dishwash Bar 300g,1,30.00,30.00
27/08/2026,11:13:32,B01016,8906715612472,Dettol Soap 125g,1,45.00,45.00
27/08/2026,11:13:32,B01016,8905557725456,Fortune Sunflower Oil 1L,1,135.00,135.00
27/08/2026,11:13:32,B01016,8907436422074,Bisleri Water 1L,1,20.00,20.00
27/08/2026,11:17:15,B01017,8907174824185,Madhur Sugar 1kg,1,48.00,48.00
27/08/2026,11:22:00,B01018,8904657151196,Lux Soap 100g,1,35.00,35.00
27/08/2026,11:22:47,B01019,8904921237526,Alpenliebe Candy Pack 50g,1,20.00,20.00
27/08/2026,11:37:23,B01020,8901384274525,Yippee Magic Masala 70g,1,14.00,14.00
27/08/2026,12:03:39,B01021,8909427653757,Parle Parle-G Biscuits 70g,1,10.00,10.00
27/08/2026,12:03:39,B01021,8907637469151,Maaza Mango Drink 600ml,1,40.00,40.00
27/08/2026,12:10:37,B01022,8909501511089,Amul Taaza Milk 500ml,1,27.00,27.00
27/08/2026,12:22:28,B01023,,LOOSE ITEM,1,125.00,125.00
27/08/2026,12:40:49,B01024,8907174824185,Madhur Sugar 1kg,1,48.00,48.00
27/08/2026,12:56:47,B01025,8903839874342,Chik Shampoo Sachet 6ml,1,3.00,3.00
27/08/2026,13:02:58,B01026,8903711049158,Mentos Mint Roll 29g,1,10.00,10.00
27/08/2026,13:02:58,B01026,8901393160451,Coca-Cola Soft Drink 750ml,1,40.00,40.00
27/08/2026,13:34:12,B01027,8902234478650,Vim Dishwash Bar 300g,1,30.00,30.00
27/08/2026,13:37:40,B01028,8909023343151,Thums Up Soft Drink 750ml,1,40.00,40.00
27/08/2026,13:37:40,B01028,,LOOSE ITEM,1,135.00,135.00
27/08/2026,13:45:19,B01029,8908821415404,Dove Shampoo 180ml,1,165.00,165.00
27/08/2026,13:50:29,B01030,8907560856516,Nestle Munch 20g,1,10.00,10.00
27/08/2026,13:58:02,B01031,8908401707462,Kurkure Masala Munch 90g,1,20.00,20.00
27/08/2026,14:10:07,B01032,8907140272743,Haldiram Aloo Bhujia 42g,1,20.00,20.00
27/08/2026,14:10:07,B01032,8902267109279,Tata Sampann Toor Dal 1kg,1,165.00,165.00
27/08/2026,14:26:28,B01033,8903839874342,Chik Shampoo Sachet 6ml,1,3.00,3.00
27/08/2026,14:45:07,B01034,8907194704290,Maggi Masala Noodles 70g,1,14.00,14.00
27/08/2026,15:00:50,B01035,8907140272743,Haldiram Aloo Bhujia 42g,1,20.00,20.00
27/08/2026,15:09:01,B01036,8908008397233,Pepsi Soft Drink 750ml,1,40.00,40.00
27/08/2026,15:09:01,B01036,8906751908089,Dettol Antiseptic Liquid 125ml,1,75.00,75.00
27/08/2026,15:38:22,B01037,8909501511089,Amul Taaza Milk 500ml,1,27.00,27.00
27/08/2026,15:42:53,B01038,8904233433135,Lay's Classic Salted 52g,1,20.00,20.00
27/08/2026,15:42:53,B01038,8906604803769,Cadbury Dairy Milk 50g,1,45.00,45.00
27/08/2026,15:42:53,B01038,8901193121348,India Gate Basmati Rice 1kg,1,135.00,135.00
27/08/2026,15:57:22,B01039,8909501511089,Amul Taaza Milk 500ml,1,27.00,27.00
27/08/2026,16:31:07,B01040,8905331753835,Cadbury 5 Star 40g,1,20.00,20.00
27/08/2026,16:31:20,B01041,8903839874342,Chik Shampoo Sachet 6ml,1,3.00,3.00
27/08/2026,16:31:20,B01041,8905331753835,Cadbury 5 Star 40g,1,20.00,20.00
27/08/2026,16:31:20,B01041,8907436422074,Bisleri Water 1L,1,20.00,20.00
27/08/2026,17:03:41,B01042,,LOOSE ITEM,1,62.00,62.00
27/08/2026,17:07:04,B01043,8909501511089,Amul Taaza Milk 500ml,1,27.00,27.00
27/08/2026,17:13:45,B01044,8903280387262,Tata Tea Gold 250g,1,145.00,145.00
27/08/2026,17:34:34,B01045,8908757386939,Sunfeast Marie Light 75g,1,10.00,10.00
27/08/2026,17:47:01,B01046,,LOOSE ITEM,1,115.00,115.00
27/08/2026,17:47:01,B01046,8900257989146,Parle Krackjack 70g,1,10.00,10.00
27/08/2026,17:47:18,B01047,8901690527315,Real Mixed Fruit Juice 1L,1,125.00,125.00
27/08/2026,17:49:57,B01048,8903632424966,Nestle KitKat 37g,1,20.00,20.00
27/08/2026,17:50:06,B01049,8907194704290,Maggi Masala Noodles 70g,1,14.00,14.00
27/08/2026,17:50:06,B01049,8907560856516,Nestle Munch 20g,1,10.00,10.00
27/08/2026,17:56:04,B01050,8908821415404,Dove Shampoo 180ml,1,165.00,165.00
27/08/2026,18:01:25,B01051,8907197864939,Bingo Mad Angles 66g,1,20.00,20.00
27/08/2026,18:01:25,B01051,8906604803769,Cadbury Dairy Milk 50g,1,45.00,45.00
27/08/2026,18:30:30,B01052,8904196790184,Mother Dairy Toned Milk 500ml,1,27.00,27.00
27/08/2026,18:30:30,B01052,8907483429934,Pepsodent Germicheck 100g,1,55.00,55.00
27/08/2026,18:45:18,B01053,8901193121348,India Gate Basmati Rice 1kg,1,135.00,135.00
27/08/2026,18:52:20,B01054,8904921237526,Alpenliebe Candy Pack 50g,1,20.00,20.00
27/08/2026,18:52:20,B01054,8903632424966,Nestle KitKat 37g,1,20.00,20.00
27/08/2026,18:52:20,B01054,8909427653757,Parle Parle-G Biscuits 70g,1,10.00,10.00
27/08/2026,18:55:38,B01055,8908401707462,Kurkure Masala Munch 90g,1,20.00,20.00
27/08/2026,18:56:23,B01056,8902234478650,Vim Dishwash Bar 300g,1,30.00,30.00
27/08/2026,18:58:51,B01057,8907194704290,Maggi Masala Noodles 70g,1,14.00,14.00
27/08/2026,18:59:12,B01058,8908142746881,Santoor Soap 125g,1,35.00,35.00
27/08/2026,18:59:26,B01059,8905270366202,Everest Turmeric Powder 200g,1,68.00,68.00
27/08/2026,19:00:38,B01060,8903277964018,Medimix Soap 125g,1,40.00,40.00
27/08/2026,19:02:36,B01061,8906604803769,Cadbury Dairy Milk 50g,1,45.00,45.00
27/08/2026,19:02:36,B01061,8906751908089,Dettol Antiseptic Liquid 125ml,1,75.00,75.00
27/08/2026,19:06:14,B01062,8903711049158,Mentos Mint Roll 29g,1,10.00,10.00
27/08/2026,19:07:35,B01063,,LOOSE ITEM,1,75.00,75.00
27/08/2026,19:09:39,B01064,8905982374540,Clinic Plus Shampoo Sachet 6ml,1,3.00,3.00
27/08/2026,19:12:09,B01065,8901943556130,Amul Gold Milk 500ml,1,33.00,33.00
27/08/2026,19:16:20,B01066,8905331753835,Cadbury 5 Star 40g,1,20.00,20.00
27/08/2026,19:16:20,B01066,8903711049158,Mentos Mint Roll 29g,1,10.00,10.00
27/08/2026,19:17:50,B01067,8904626778355,Britannia Bourbon 60g,1,10.00,10.00
27/08/2026,19:17:50,B01067,8902473535046,Kinley Water 1L,1,20.00,20.00
27/08/2026,19:20:31,B01068,8909600566041,Cadbury Gems 17g,1,10.00,10.00
27/08/2026,19:22:30,B01069,8904233433135,Lay's Classic Salted 52g,1,20.00,20.00
27/08/2026,19:27:36,B01070,8907867306226,Rin Detergent Bar 250g,1,20.00,20.00
27/08/2026,19:30:41,B01071,8909501511089,Amul Taaza Milk 500ml,1,27.00,27.00
27/08/2026,19:31:54,B01072,8908821415404,Dove Shampoo 180ml,1,165.00,165.00
27/08/2026,19:31:54,B01072,8901393160451,Coca-Cola Soft Drink 750ml,1,40.00,40.00
27/08/2026,19:31:54,B01072,8907436422074,Bisleri Water 1L,1,20.00,20.00
27/08/2026,19:40:17,B01073,8904116546181,Maggi Masala Noodles 4-pack 280g,1,56.00,56.00
27/08/2026,19:44:11,B01074,,LOOSE ITEM,1,35.00,35.00
27/08/2026,19:44:11,B01074,8903238955901,Wheel Detergent Powder 1kg,1,62.00,62.00
27/08/2026,19:46:35,B01075,8904176990627,Lizol Floor Cleaner 500ml,1,99.00,99.00
27/08/2026,19:48:31,B01076,8908944388630,Fortune Soyabean Oil 1L,1,125.00,125.00
27/08/2026,19:48:31,B01076,8900248761133,Britannia Good Day Cashew 75g,1,10.00,10.00
27/08/2026,20:06:03,B01077,8908233620472,Good Knight Mosquito Refill 45ml,1,85.00,85.00
27/08/2026,20:06:03,B01077,8907833475284,Ariel Detergent Powder 1kg,1,165.00,165.00
27/08/2026,20:15:08,B01078,8904626778355,Britannia Bourbon 60g,1,10.00,10.00
27/08/2026,20:20:58,B01079,8907194704290,Maggi Masala Noodles 70g,1,14.00,14.00
27/08/2026,20:24:36,B01080,8901384274525,Yippee Magic Masala 70g,1,14.00,14.00
27/08/2026,20:38:50,B01081,8905982374540,Clinic Plus Shampoo Sachet 6ml,1,3.00,3.00
27/08/2026,20:44:58,B01082,8905982374540,Clinic Plus Shampoo Sachet 6ml,1,3.00,3.00
27/08/2026,21:20:05,B01083,8907637469151,Maaza Mango Drink 600ml,1,40.00,40.00
27/08/2026,21:20:05,B01083,8906780453871,Red Label Tea 250g,1,135.00,135.00
27/08/2026,21:29:01,B01084,8908084499371,Amul Butter 100g,1,62.00,62.00
27/08/2026,21:54:32,B01085,8903711049158,Mentos Mint Roll 29g,1,10.00,10.00
27/08/2026,22:21:35,B01086,8909136784575,Tata Salt 1kg,1,28.00,28.00
28/08/2026,06:42:29,B01087,8900248761133,Britannia Good Day Cashew 75g,1,10.00,10.00
28/08/2026,06:53:39,B01088,8908977405076,Center Fresh Chewing Gum 28g,1,10.00,10.00
28/08/2026,06:59:21,B01089,8902550748321,Sprite Soft Drink 750ml,1,40.00,40.00
28/08/2026,06:59:21,B01089,8906710455012,Vim Dishwash Gel 500ml,1,115.00,115.00
28/08/2026,07:17:26,B01090,8905800014993,Bru Instant Coffee 50g,1,155.00,155.00
28/08/2026,07:23:57,B01091,8909136784575,Tata Salt 1kg,1,28.00,28.00
28/08/2026,07:23:57,B01091,,LOOSE ITEM,1,10.00,10.00
28/08/2026,07:26:38,B01092,8908757386939,Sunfeast Marie Light 75g,1,10.00,10.00
28/08/2026,07:26:38,B01092,8907174824185,Madhur Sugar 1kg,1,48.00,48.00
28/08/2026,07:27:54,B01093,8905982374540,Clinic Plus Shampoo Sachet 6ml,1,3.00,3.00
28/08/2026,08:13:22,B01094,8907194704290,Maggi Masala Noodles 70g,1,14.00,14.00
28/08/2026,08:23:12,B01095,8909534043717,Amul Masti Dahi 400g,1,45.00,45.00
28/08/2026,08:26:33,B01096,8908084499371,Amul Butter 100g,1,62.00,62.00
28/08/2026,08:28:46,B01097,8907064047854,Bournvita Health Drink 500g,1,245.00,245.00
28/08/2026,08:28:46,B01097,8903238955901,Wheel Detergent Powder 1kg,1,62.00,62.00
28/08/2026,08:31:01,B01098,8907867306226,Rin Detergent Bar 250g,1,20.00,20.00
28/08/2026,08:31:01,B01098,8902172108503,Aashirvaad Atta 5kg,1,285.00,285.00
28/08/2026,08:48:08,B01099,8909501511089,Amul Taaza Milk 500ml,1,27.00,27.00
28/08/2026,08:48:08,B01099,8901943556130,Amul Gold Milk 500ml,1,33.00,33.00
28/08/2026,08:51:19,B01100,8905982374540,Clinic Plus Shampoo Sachet 6ml,1,3.00,3.00
28/08/2026,08:59:08,B01101,8909534043717,Amul Masti Dahi 400g,1,45.00,45.00
28/08/2026,09:06:42,B01102,8904116546181,Maggi Masala Noodles 4-pack 280g,1,56.00,56.00
28/08/2026,09:10:39,B01103,8908193642644,Nestle Milkmaid 400g,1,145.00,145.00
28/08/2026,09:10:39,B01103,8907436422074,Bisleri Water 1L,1,20.00,20.00
28/08/2026,09:10:39,B01103,8902473535046,Kinley Water 1L,1,20.00,20.00
28/08/2026,09:29:38,B01104,8907436422074,Bisleri Water 1L,1,20.00,20.00
28/08/2026,09:32:36,B01105,8901393160451,Coca-Cola Soft Drink 750ml,1,40.00,40.00
28/08/2026,09:43:12,B01106,8907560856516,Nestle Munch 20g,1,10.00,10.00
28/08/2026,09:43:12,B01106,8903401125742,Frooti Mango Drink 600ml,1,40.00,40.00
28/08/2026,09:43:12,B01106,8906710455012,Vim Dishwash Gel 500ml,1,115.00,115.00
28/08/2026,09:45:18,B01107,8902234478650,Vim Dishwash Bar 300g,1,30.00,30.00
28/08/2026,09:53:42,B01108,8909202363543,Catch Red Chilli Powder 100g,1,62.00,62.00
28/08/2026,09:57:41,B01109,8909501511089,Amul Taaza Milk 500ml,1,27.00,27.00
28/08/2026,09:59:34,B01110,8909600566041,Cadbury Gems 17g,1,10.00,10.00
28/08/2026,09:59:34,B01110,8901943556130,Amul Gold Milk 500ml,1,33.00,33.00
28/08/2026,09:59:34,B01110,8908401707462,Kurkure Masala Munch 90g,1,20.00,20.00
28/08/2026,10:05:21,B01111,8902550748321,Sprite Soft Drink 750ml,1,40.00,40.00
28/08/2026,10:07:47,B01112,8900257989146,Parle Krackjack 70g,1,10.00,10.00
28/08/2026,10:07:47,B01112,8902234478650,Vim Dishwash Bar 300g,1,30.00,30.00
28/08/2026,10:25:53,B01113,8903839874342,Chik Shampoo Sachet 6ml,1,3.00,3.00
28/08/2026,10:28:25,B01114,8908401707462,Kurkure Masala Munch 90g,1,20.00,20.00
28/08/2026,10:32:22,B01115,8908008397233,Pepsi Soft Drink 750ml,1,40.00,40.00
28/08/2026,10:32:23,B01116,8904233433135,Lay's Classic Salted 52g,1,20.00,20.00
28/08/2026,10:32:23,B01116,8909600566041,Cadbury Gems 17g,1,10.00,10.00
28/08/2026,10:33:29,B01117,8907436422074,Bisleri Water 1L,1,20.00,20.00
28/08/2026,10:41:29,B01118,8906118385591,Kissan Mixed Fruit Jam 500g,1,145.00,145.00
28/08/2026,10:57:26,B01119,8902525262388,Lifebuoy Soap 125g,1,35.00,35.00
28/08/2026,10:57:26,B01119,8908193642644,Nestle Milkmaid 400g,1,145.00,145.00
28/08/2026,11:10:36,B01120,8909427653757,Parle Parle-G Biscuits 70g,1,10.00,10.00
28/08/2026,11:17:52,B01121,8903401125742,Frooti Mango Drink 600ml,1,40.00,40.00
28/08/2026,11:17:52,B01121,8909427653757,Parle Parle-G Biscuits 70g,1,10.00,10.00
28/08/2026,11:17:52,B01121,8909501511089,Amul Taaza Milk 500ml,1,27.00,27.00
28/08/2026,11:20:36,B01122,8901384274525,Yippee Magic Masala 70g,1,14.00,14.00
28/08/2026,11:35:18,B01123,8906118385591,Kissan Mixed Fruit Jam 500g,1,145.00,145.00
28/08/2026,11:35:18,B01123,8907867306226,Rin Detergent Bar 250g,1,20.00,20.00
28/08/2026,11:46:24,B01124,8909427653757,Parle Parle-G Biscuits 70g,1,10.00,10.00
28/08/2026,11:52:31,B01125,8908142746881,Santoor Soap 125g,1,35.00,35.00
28/08/2026,11:59:19,B01126,8905982374540,Clinic Plus Shampoo Sachet 6ml,1,3.00,3.00
28/08/2026,12:04:33,B01127,8905331753835,Cadbury 5 Star 40g,1,20.00,20.00
28/08/2026,12:05:42,B01128,8903280387262,Tata Tea Gold 250g,1,145.00,145.00
28/08/2026,12:28:58,B01129,,LOOSE ITEM,1,20.00,20.00
28/08/2026,12:28:58,B01129,8907436422074,Bisleri Water 1L,1,20.00,20.00
28/08/2026,12:39:06,B01130,8903401125742,Frooti Mango Drink 600ml,1,40.00,40.00
28/08/2026,12:51:51,B01131,8905982374540,Clinic Plus Shampoo Sachet 6ml,1,3.00,3.00
28/08/2026,13:11:14,B01132,8905982374540,Clinic Plus Shampoo Sachet 6ml,1,3.00,3.00
28/08/2026,13:14:37,B01133,8903277964018,Medimix Soap 125g,1,40.00,40.00
28/08/2026,13:14:37,B01133,8909501511089,Amul Taaza Milk 500ml,1,27.00,27.00
28/08/2026,13:14:38,B01134,8903839874342,Chik Shampoo Sachet 6ml,1,3.00,3.00
28/08/2026,13:14:38,B01134,8906751908089,Dettol Antiseptic Liquid 125ml,1,75.00,75.00
28/08/2026,13:19:25,B01135,8902234478650,Vim Dishwash Bar 300g,1,30.00,30.00
28/08/2026,13:33:09,B01136,8903277964018,Medimix Soap 125g,1,40.00,40.00
28/08/2026,13:33:09,B01136,8908142746881,Santoor Soap 125g,1,35.00,35.00
28/08/2026,13:44:41,B01137,8909427653757,Parle Parle-G Biscuits 70g,2,10.00,20.00
28/08/2026,13:44:41,B01137,8909202363543,Catch Red Chilli Powder 100g,1,62.00,62.00
28/08/2026,14:10:16,B01138,8907560856516,Nestle Munch 20g,1,10.00,10.00
28/08/2026,14:31:51,B01139,8908401707462,Kurkure Masala Munch 90g,1,20.00,20.00
28/08/2026,14:43:36,B01140,8907436422074,Bisleri Water 1L,1,20.00,20.00
28/08/2026,14:51:14,B01141,8903280387262,Tata Tea Gold 250g,1,145.00,145.00
28/08/2026,15:21:37,B01142,8907194704290,Maggi Masala Noodles 70g,1,14.00,14.00
28/08/2026,15:21:37,B01142,8902525262388,Lifebuoy Soap 125g,1,35.00,35.00
28/08/2026,16:27:57,B01143,8908977405076,Center Fresh Chewing Gum 28g,1,10.00,10.00
28/08/2026,16:45:35,B01144,8903632424966,Nestle KitKat 37g,1,20.00,20.00
28/08/2026,16:45:35,B01144,8909600566041,Cadbury Gems 17g,1,10.00,10.00
28/08/2026,17:04:48,B01145,8901943556130,Amul Gold Milk 500ml,1,33.00,33.00
28/08/2026,17:04:48,B01145,8901393160451,Coca-Cola Soft Drink 750ml,1,40.00,40.00
28/08/2026,17:04:48,B01145,8900257989146,Parle Krackjack 70g,1,10.00,10.00
28/08/2026,17:05:16,B01146,,LOOSE ITEM,1,10.00,10.00
28/08/2026,17:06:11,B01147,8902525262388,Lifebuoy Soap 125g,1,35.00,35.00
28/08/2026,17:06:11,B01147,8906212271295,Clinic Plus Shampoo 175ml,1,99.00,99.00
28/08/2026,17:15:53,B01148,8909136784575,Tata Salt 1kg,1,28.00,28.00
28/08/2026,17:39:32,B01149,8907560856516,Nestle Munch 20g,1,10.00,10.00
28/08/2026,17:45:19,B01150,8901193121348,India Gate Basmati Rice 1kg,1,135.00,135.00
28/08/2026,17:45:19,B01150,8902172108503,Aashirvaad Atta 5kg,1,285.00,285.00
28/08/2026,17:50:03,B01151,8907064047854,Bournvita Health Drink 500g,1,245.00,245.00
28/08/2026,17:56:47,B01152,8909534043717,Amul Masti Dahi 400g,1,45.00,45.00
28/08/2026,17:58:56,B01153,8902525262388,Lifebuoy Soap 125g,1,35.00,35.00
28/08/2026,17:59:10,B01154,8909713071128,Aashirvaad Atta 1kg,1,62.00,62.00
28/08/2026,18:01:52,B01155,8909427653757,Parle Parle-G Biscuits 70g,1,10.00,10.00
28/08/2026,18:01:52,B01155,8901384274525,Yippee Magic Masala 70g,1,14.00,14.00
28/08/2026,18:01:52,B01155,8903839874342,Chik Shampoo Sachet 6ml,1,3.00,3.00
28/08/2026,18:03:40,B01156,8909600566041,Cadbury Gems 17g,1,10.00,10.00
28/08/2026,18:03:40,B01156,8904233433135,Lay's Classic Salted 52g,1,20.00,20.00
28/08/2026,18:03:40,B01156,,LOOSE ITEM,1,40.00,40.00
28/08/2026,18:11:07,B01157,8904921237526,Alpenliebe Candy Pack 50g,1,20.00,20.00
28/08/2026,18:24:52,B01158,8908401707462,Kurkure Masala Munch 90g,1,20.00,20.00
28/08/2026,18:24:52,B01158,8908996794274,MDH Chana Masala 100g,1,75.00,75.00
28/08/2026,18:25:41,B01159,8906212271295,Clinic Plus Shampoo 175ml,1,99.00,99.00
28/08/2026,18:25:41,B01159,8909501511089,Amul Taaza Milk 500ml,1,27.00,27.00
28/08/2026,18:26:03,B01160,8908233620472,Good Knight Mosquito Refill 45ml,1,85.00,85.00
28/08/2026,18:26:03,B01160,8907140272743,Haldiram Aloo Bhujia 42g,1,20.00,20.00
28/08/2026,18:27:43,B01161,8904233433135,Lay's Classic Salted 52g,1,20.00,20.00
28/08/2026,18:28:17,B01162,8906715612472,Dettol Soap 125g,1,45.00,45.00
28/08/2026,18:31:31,B01163,8908977405076,Center Fresh Chewing Gum 28g,1,10.00,10.00
28/08/2026,18:32:46,B01164,8907194704290,Maggi Masala Noodles 70g,1,14.00,14.00
28/08/2026,18:32:46,B01164,8903722609518,Horlicks Classic Malt 500g,1,255.00,255.00
28/08/2026,18:32:46,B01164,8902525262388,Lifebuoy Soap 125g,1,35.00,35.00
28/08/2026,18:33:16,B01165,8907140272743,Haldiram Aloo Bhujia 42g,1,20.00,20.00
28/08/2026,18:34:18,B01166,8908944388630,Fortune Soyabean Oil 1L,1,125.00,125.00
28/08/2026,18:43:37,B01167,8904233433135,Lay's Classic Salted 52g,1,20.00,20.00
28/08/2026,18:56:11,B01168,8907637469151,Maaza Mango Drink 600ml,1,40.00,40.00
28/08/2026,18:57:10,B01169,8908977405076,Center Fresh Chewing Gum 28g,1,10.00,10.00
28/08/2026,18:57:10,B01169,8908401707462,Kurkure Masala Munch 90g,1,20.00,20.00
28/08/2026,19:03:53,B01170,8907194704290,Maggi Masala Noodles 70g,1,14.00,14.00
28/08/2026,19:08:19,B01171,8901469251052,Dabur Red Paste 100g,1,55.00,55.00
28/08/2026,19:23:10,B01172,8909501511089,Amul Taaza Milk 500ml,1,27.00,27.00
28/08/2026,19:30:32,B01173,8907194704290,Maggi Masala Noodles 70g,1,14.00,14.00
28/08/2026,19:30:54,B01174,8904233433135,Lay's Classic Salted 52g,1,20.00,20.00
28/08/2026,19:42:48,B01175,8908401707462,Kurkure Masala Munch 90g,1,20.00,20.00
28/08/2026,19:48:00,B01176,8901384274525,Yippee Magic Masala 70g,1,14.00,14.00
28/08/2026,19:49:54,B01177,8909427653757,Parle Parle-G Biscuits 70g,1,10.00,10.00
28/08/2026,19:50:03,B01178,8905982374540,Clinic Plus Shampoo Sachet 6ml,1,3.00,3.00
28/08/2026,19:54:10,B01179,8908084499371,Amul Butter 100g,1,62.00,62.00
28/08/2026,19:54:50,B01180,8908401707462,Kurkure Masala Munch 90g,1,20.00,20.00
28/08/2026,19:55:04,B01181,8909120041196,Surf Excel Easy Wash 500g,1,68.00,68.00
28/08/2026,19:57:20,B01182,8906751908089,Dettol Antiseptic Liquid 125ml,1,75.00,75.00
28/08/2026,20:04:34,B01183,8903632424966,Nestle KitKat 37g,1,20.00,20.00
28/08/2026,20:13:49,B01184,8907140272743,Haldiram Aloo Bhujia 42g,1,20.00,20.00
28/08/2026,20:13:49,B01184,8908401707462,Kurkure Masala Munch 90g,1,20.00,20.00
28/08/2026,20:14:49,B01185,8903238955901,Wheel Detergent Powder 1kg,1,62.00,62.00
28/08/2026,20:38:03,B01186,8903632424966,Nestle KitKat 37g,1,20.00,20.00
28/08/2026,20:44:49,B01187,8907483429934,Pepsodent Germicheck 100g,1,55.00,55.00
28/08/2026,20:46:17,B01188,,LOOSE ITEM,1,62.00,62.00
28/08/2026,20:50:34,B01189,8907174824185,Madhur Sugar 1kg,1,48.00,48.00
28/08/2026,20:50:34,B01189,,LOOSE ITEM,1,20.00,20.00
28/08/2026,20:50:34,B01189,8905331753835,Cadbury 5 Star 40g,1,20.00,20.00
28/08/2026,20:50:53,B01190,8905982374540,Clinic Plus Shampoo Sachet 6ml,1,3.00,3.00
28/08/2026,20:50:53,B01190,8909501511089,Amul Taaza Milk 500ml,1,27.00,27.00
28/08/2026,20:54:46,B01191,8906780453871,Red Label Tea 250g,1,135.00,135.00
28/08/2026,20:54:46,B01191,8907140272743,Haldiram Aloo Bhujia 42g,1,20.00,20.00
28/08/2026,21:19:04,B01192,8907436422074,Bisleri Water 1L,1,20.00,20.00
28/08/2026,21:26:56,B01193,8902525262388,Lifebuoy Soap 125g,1,35.00,35.00
28/08/2026,21:47:21,B01194,8905331753835,Cadbury 5 Star 40g,1,20.00,20.00
28/08/2026,22:08:56,B01195,8908142746881,Santoor Soap 125g,1,35.00,35.00
28/08/2026,22:39:21,B01196,8909023343151,Thums Up Soft Drink 750ml,1,40.00,40.00
28/08/2026,22:39:21,B01196,8907560856516,Nestle Munch 20g,1,10.00,10.00
29/08/2026,06:27:57,B01197,8908401707462,Kurkure Masala Munch 90g,1,20.00,20.00
29/08/2026,06:27:57,B01197,8902267109279,Tata Sampann Toor Dal 1kg,1,165.00,165.00
29/08/2026,07:00:45,B01198,8902473535046,Kinley Water 1L,1,20.00,20.00
29/08/2026,07:04:31,B01199,8909501511089,Amul Taaza Milk 500ml,1,27.00,27.00
29/08/2026,07:05:10,B01200,8909427653757,Parle Parle-G Biscuits 70g,1,10.00,10.00
29/08/2026,07:18:44,B01201,8909427653757,Parle Parle-G Biscuits 70g,1,10.00,10.00
29/08/2026,07:18:44,B01201,8902853532528,Daawat Rozana Rice 5kg,1,340.00,340.00
29/08/2026,07:20:55,B01202,8900257989146,Parle Krackjack 70g,1,10.00,10.00
29/08/2026,07:29:14,B01203,8901690527315,Real Mixed Fruit Juice 1L,1,125.00,125.00
29/08/2026,07:29:14,B01203,8907197864939,Bingo Mad Angles 66g,1,20.00,20.00
29/08/2026,08:05:56,B01204,8903839874342,Chik Shampoo Sachet 6ml,1,3.00,3.00
29/08/2026,08:09:56,B01205,8900248761133,Britannia Good Day Cashew 75g,1,10.00,10.00
29/08/2026,08:14:15,B01206,8907483429934,Pepsodent Germicheck 100g,1,55.00,55.00
29/08/2026,08:19:57,B01207,8907194704290,Maggi Masala Noodles 70g,2,14.00,28.00
29/08/2026,08:19:57,B01207,8901393160451,Coca-Cola Soft Drink 750ml,1,40.00,40.00
29/08/2026,08:24:57,B01208,8907194704290,Maggi Masala Noodles 70g,1,14.00,14.00
29/08/2026,08:25:21,B01209,8908944388630,Fortune Soyabean Oil 1L,1,125.00,125.00
29/08/2026,08:25:43,B01210,8908757386939,Sunfeast Marie Light 75g,1,10.00,10.00
29/08/2026,08:25:43,B01210,8907436422074,Bisleri Water 1L,1,20.00,20.00
29/08/2026,08:36:07,B01211,8904233433135,Lay's Classic Salted 52g,1,20.00,20.00
29/08/2026,08:46:02,B01212,8906604803769,Cadbury Dairy Milk 50g,1,45.00,45.00
29/08/2026,08:46:02,B01212,8906715612472,Dettol Soap 125g,1,45.00,45.00
29/08/2026,08:58:39,B01213,8907867306226,Rin Detergent Bar 250g,1,20.00,20.00
29/08/2026,08:59:03,B01214,8903280387262,Tata Tea Gold 250g,1,145.00,145.00
29/08/2026,09:07:02,B01215,8908401707462,Kurkure Masala Munch 90g,1,20.00,20.00
29/08/2026,09:07:58,B01216,8906378779086,Surf Excel Easy Wash 1kg,1,125.00,125.00
29/08/2026,09:09:01,B01217,,LOOSE ITEM,1,33.00,33.00
29/08/2026,09:09:06,B01218,8909427653757,Parle Parle-G Biscuits 70g,1,10.00,10.00
29/08/2026,09:09:06,B01218,8904472281122,Gillette Shaving Cream 70g,1,99.00,99.00
29/08/2026,09:09:26,B01219,8901943556130,Amul Gold Milk 500ml,1,33.00,33.00
29/08/2026,09:09:26,B01219,8909023343151,Thums Up Soft Drink 750ml,1,40.00,40.00
29/08/2026,09:12:30,B01220,8909136784575,Tata Salt 1kg,1,28.00,28.00
29/08/2026,09:12:30,B01220,8908757386939,Sunfeast Marie Light 75g,1,10.00,10.00
29/08/2026,09:14:56,B01221,8904626778355,Britannia Bourbon 60g,1,10.00,10.00
29/08/2026,09:30:41,B01222,8905982374540,Clinic Plus Shampoo Sachet 6ml,1,3.00,3.00
29/08/2026,09:30:41,B01222,8909600566041,Cadbury Gems 17g,1,10.00,10.00
29/08/2026,09:30:41,B01222,8907436422074,Bisleri Water 1L,1,20.00,20.00
29/08/2026,09:34:57,B01223,8904872245939,Tropicana Orange Juice 1L,1,125.00,125.00
29/08/2026,09:34:57,B01223,8906780453871,Red Label Tea 250g,1,135.00,135.00
29/08/2026,09:37:11,B01224,8902473535046,Kinley Water 1L,1,20.00,20.00
29/08/2026,09:37:11,B01224,8909600566041,Cadbury Gems 17g,1,10.00,10.00
29/08/2026,09:37:11,B01224,8908977405076,Center Fresh Chewing Gum 28g,1,10.00,10.00
29/08/2026,09:38:29,B01225,8902267109279,Tata Sampann Toor Dal 1kg,1,165.00,165.00
29/08/2026,09:46:58,B01226,8902228449239,Polo Mint Roll 28g,1,10.00,10.00
29/08/2026,09:46:58,B01226,8904921237526,Alpenliebe Candy Pack 50g,1,20.00,20.00
29/08/2026,09:46:58,B01226,8907637469151,Maaza Mango Drink 600ml,1,40.00,40.00
29/08/2026,09:49:45,B01227,8907867306226,Rin Detergent Bar 250g,1,20.00,20.00
29/08/2026,09:51:03,B01228,8908977405076,Center Fresh Chewing Gum 28g,1,10.00,10.00
29/08/2026,09:52:43,B01229,8909427653757,Parle Parle-G Biscuits 70g,1,10.00,10.00
29/08/2026,09:55:47,B01230,8907197864939,Bingo Mad Angles 66g,1,20.00,20.00
29/08/2026,10:13:29,B01231,8904233433135,Lay's Classic Salted 52g,1,20.00,20.00
29/08/2026,10:13:29,B01231,8905557725456,Fortune Sunflower Oil 1L,1,135.00,135.00
29/08/2026,10:14:11,B01232,8907833475284,Ariel Detergent Powder 1kg,1,165.00,165.00
29/08/2026,10:14:11,B01232,8909427653757,Parle Parle-G Biscuits 70g,1,10.00,10.00
29/08/2026,10:14:32,B01233,8906036439130,Cadbury Perk 35g,1,20.00,20.00
29/08/2026,10:14:32,B01233,8904921237526,Alpenliebe Candy Pack 50g,1,20.00,20.00
29/08/2026,10:26:00,B01234,8907140272743,Haldiram Aloo Bhujia 42g,1,20.00,20.00
29/08/2026,10:26:00,B01234,8901943556130,Amul Gold Milk 500ml,1,33.00,33.00
29/08/2026,10:28:51,B01235,8905982374540,Clinic Plus Shampoo Sachet 6ml,1,3.00,3.00
29/08/2026,10:35:42,B01236,8903632424966,Nestle KitKat 37g,1,20.00,20.00
29/08/2026,10:35:42,B01236,8906715612472,Dettol Soap 125g,1,45.00,45.00
29/08/2026,10:35:42,B01236,8909501511089,Amul Taaza Milk 500ml,1,27.00,27.00
29/08/2026,10:38:34,B01237,8903379154812,Amul Butter 500g,1,295.00,295.00
29/08/2026,10:39:34,B01238,8908757386939,Sunfeast Marie Light 75g,1,10.00,10.00
29/08/2026,10:41:31,B01239,8905167752002,Vaseline Body Lotion 200ml,1,185.00,185.00
29/08/2026,10:53:57,B01240,8904233433135,Lay's Classic Salted 52g,1,20.00,20.00
29/08/2026,10:53:57,B01240,8907560856516,Nestle Munch 20g,1,10.00,10.00
29/08/2026,10:55:48,B01241,8908977405076,Center Fresh Chewing Gum 28g,1,10.00,10.00
29/08/2026,10:55:48,B01241,8907867306226,Rin Detergent Bar 250g,1,20.00,20.00
29/08/2026,10:55:48,B01241,8902234478650,Vim Dishwash Bar 300g,1,30.00,30.00
29/08/2026,11:06:49,B01242,8900257989146,Parle Krackjack 70g,1,10.00,10.00
29/08/2026,11:06:49,B01242,8904611794537,Fair & Lovely Face Cream 50g,1,125.00,125.00
29/08/2026,11:09:51,B01243,8905982374540,Clinic Plus Shampoo Sachet 6ml,1,3.00,3.00
29/08/2026,11:09:51,B01243,8908401707462,Kurkure Masala Munch 90g,1,20.00,20.00
29/08/2026,11:09:51,B01243,8908008397233,Pepsi Soft Drink 750ml,1,40.00,40.00
29/08/2026,11:15:56,B01244,8909501511089,Amul Taaza Milk 500ml,1,27.00,27.00
29/08/2026,11:22:05,B01245,8909501511089,Amul Taaza Milk 500ml,1,27.00,27.00
29/08/2026,11:24:35,B01246,8909501511089,Amul Taaza Milk 500ml,1,27.00,27.00
29/08/2026,11:26:32,B01247,8903839874342,Chik Shampoo Sachet 6ml,1,3.00,3.00
29/08/2026,11:26:32,B01247,8903632424966,Nestle KitKat 37g,1,20.00,20.00
29/08/2026,11:45:43,B01248,8907560856516,Nestle Munch 20g,1,10.00,10.00
29/08/2026,11:45:43,B01248,8905982374540,Clinic Plus Shampoo Sachet 6ml,1,3.00,3.00
29/08/2026,11:45:43,B01248,8906780453871,Red Label Tea 250g,1,135.00,135.00
29/08/2026,12:03:36,B01249,8907436422074,Bisleri Water 1L,1,20.00,20.00
29/08/2026,12:03:36,B01249,8908977405076,Center Fresh Chewing Gum 28g,1,10.00,10.00
29/08/2026,12:06:20,B01250,8906036439130,Cadbury Perk 35g,1,20.00,20.00
29/08/2026,12:11:52,B01251,8906378779086,Surf Excel Easy Wash 1kg,1,125.00,125.00
29/08/2026,12:11:52,B01251,8909501511089,Amul Taaza Milk 500ml,1,27.00,27.00
29/08/2026,12:11:52,B01251,8903656686821,Nivea Body Lotion 200ml,1,199.00,199.00
29/08/2026,12:20:35,B01252,8904626778355,Britannia Bourbon 60g,1,10.00,10.00
29/08/2026,12:45:13,B01253,8900248761133,Britannia Good Day Cashew 75g,1,10.00,10.00
29/08/2026,13:01:07,B01254,8906576251407,Colgate MaxFresh 150g,1,99.00,99.00
29/08/2026,13:01:07,B01254,8907174824185,Madhur Sugar 1kg,1,48.00,48.00
29/08/2026,13:07:46,B01255,8901943556130,Amul Gold Milk 500ml,1,33.00,33.00
29/08/2026,13:34:58,B01256,8908233620472,Good Knight Mosquito Refill 45ml,1,85.00,85.00
29/08/2026,13:37:12,B01257,8908401707462,Kurkure Masala Munch 90g,1,20.00,20.00
29/08/2026,13:37:12,B01257,8906036439130,Cadbury Perk 35g,1,20.00,20.00
29/08/2026,13:38:01,B01258,8907236061046,All Out Mosquito Refill 45ml,1,85.00,85.00
29/08/2026,14:02:32,B01259,8903280387262,Tata Tea Gold 250g,1,145.00,145.00
29/08/2026,14:03:21,B01260,8904611794537,Fair & Lovely Face Cream 50g,1,125.00,125.00
29/08/2026,14:13:27,B01261,8902473535046,Kinley Water 1L,1,20.00,20.00
29/08/2026,14:15:34,B01262,8904823446491,Taj Mahal Tea 250g,1,175.00,175.00
29/08/2026,14:15:34,B01262,8902473535046,Kinley Water 1L,1,20.00,20.00
29/08/2026,14:20:44,B01263,8903238955901,Wheel Detergent Powder 1kg,1,62.00,62.00
29/08/2026,14:30:00,B01264,8905331753835,Cadbury 5 Star 40g,1,20.00,20.00
29/08/2026,14:56:29,B01265,8905331753835,Cadbury 5 Star 40g,1,20.00,20.00
29/08/2026,15:24:17,B01266,8909600566041,Cadbury Gems 17g,1,10.00,10.00
29/08/2026,15:24:17,B01266,8908142746881,Santoor Soap 125g,1,35.00,35.00
29/08/2026,15:40:22,B01267,8903401125742,Frooti Mango Drink 600ml,1,40.00,40.00
29/08/2026,15:40:22,B01267,8907867306226,Rin Detergent Bar 250g,1,20.00,20.00
29/08/2026,15:40:30,B01268,8905331753835,Cadbury 5 Star 40g,1,20.00,20.00
29/08/2026,15:51:56,B01269,8907560856516,Nestle Munch 20g,1,10.00,10.00
29/08/2026,16:38:09,B01270,8901393160451,Coca-Cola Soft Drink 750ml,1,40.00,40.00
29/08/2026,16:38:09,B01270,8909427653757,Parle Parle-G Biscuits 70g,1,10.00,10.00
29/08/2026,17:00:25,B01271,8904626778355,Britannia Bourbon 60g,1,10.00,10.00
29/08/2026,17:00:48,B01272,8902234478650,Vim Dishwash Bar 300g,1,30.00,30.00
29/08/2026,17:09:51,B01273,8903379154812,Amul Butter 500g,1,295.00,295.00
29/08/2026,17:09:51,B01273,8903839874342,Chik Shampoo Sachet 6ml,1,3.00,3.00
29/08/2026,17:09:51,B01273,8904116546181,Maggi Masala Noodles 4-pack 280g,1,56.00,56.00
29/08/2026,17:11:03,B01274,8903238955901,Wheel Detergent Powder 1kg,1,62.00,62.00
29/08/2026,17:11:03,B01274,8909501511089,Amul Taaza Milk 500ml,1,27.00,27.00
29/08/2026,17:16:18,B01275,8901393160451,Coca-Cola Soft Drink 750ml,1,40.00,40.00
29/08/2026,17:17:00,B01276,8902473535046,Kinley Water 1L,1,20.00,20.00
29/08/2026,17:17:00,B01276,8901384274525,Yippee Magic Masala 70g,1,14.00,14.00
29/08/2026,17:17:00,B01276,8905331753835,Cadbury 5 Star 40g,1,20.00,20.00
29/08/2026,17:20:54,B01277,8906604803769,Cadbury Dairy Milk 50g,1,45.00,45.00
29/08/2026,17:20:54,B01277,8900248761133,Britannia Good Day Cashew 75g,1,10.00,10.00
29/08/2026,17:21:27,B01278,8907637469151,Maaza Mango Drink 600ml,1,40.00,40.00
29/08/2026,17:21:27,B01278,8904116546181,Maggi Masala Noodles 4-pack 280g,1,56.00,56.00
29/08/2026,17:21:27,B01278,8909120041196,Surf Excel Easy Wash 500g,1,68.00,68.00
29/08/2026,17:31:49,B01279,8907174824185,Madhur Sugar 1kg,1,48.00,48.00
29/08/2026,17:53:52,B01280,8909600566041,Cadbury Gems 17g,1,10.00,10.00
29/08/2026,17:53:52,B01280,,LOOSE ITEM,1,10.00,10.00
29/08/2026,17:54:47,B01281,8907560856516,Nestle Munch 20g,1,10.00,10.00
29/08/2026,17:54:47,B01281,8904233433135,Lay's Classic Salted 52g,1,20.00,20.00
29/08/2026,18:03:07,B01282,8904657151196,Lux Soap 100g,1,35.00,35.00
29/08/2026,18:03:07,B01282,8909136784575,Tata Salt 1kg,1,28.00,28.00
29/08/2026,18:15:39,B01283,8909501511089,Amul Taaza Milk 500ml,1,27.00,27.00
29/08/2026,18:17:07,B01284,8909746434730,Kissan Tomato Ketchup 950g,1,135.00,135.00
29/08/2026,18:21:28,B01285,8908821415404,Dove Shampoo 180ml,1,165.00,165.00
29/08/2026,18:24:32,B01286,8902473535046,Kinley Water 1L,1,20.00,20.00
29/08/2026,18:24:32,B01286,8908008397233,Pepsi Soft Drink 750ml,1,40.00,40.00
29/08/2026,18:28:09,B01287,8903632424966,Nestle KitKat 37g,1,20.00,20.00
29/08/2026,18:35:30,B01288,8909427653757,Parle Parle-G Biscuits 70g,1,10.00,10.00
29/08/2026,18:42:55,B01289,8901943556130,Amul Gold Milk 500ml,1,33.00,33.00
29/08/2026,18:43:15,B01290,8909136784575,Tata Salt 1kg,1,28.00,28.00
29/08/2026,18:46:15,B01291,8908142746881,Santoor Soap 125g,1,35.00,35.00
29/08/2026,18:46:48,B01292,8907867306226,Rin Detergent Bar 250g,1,20.00,20.00
29/08/2026,18:46:48,B01292,8909501511089,Amul Taaza Milk 500ml,1,27.00,27.00
29/08/2026,18:52:41,B01293,8900248761133,Britannia Good Day Cashew 75g,1,10.00,10.00
29/08/2026,18:52:41,B01293,8909427653757,Parle Parle-G Biscuits 70g,1,10.00,10.00
29/08/2026,18:52:41,B01293,,LOOSE ITEM,1,125.00,125.00
29/08/2026,18:55:54,B01294,8901193121348,India Gate Basmati Rice 1kg,1,135.00,135.00
29/08/2026,18:55:54,B01294,8907197864939,Bingo Mad Angles 66g,1,20.00,20.00
29/08/2026,18:55:54,B01294,8904657151196,Lux Soap 100g,1,35.00,35.00
29/08/2026,19:04:36,B01295,8907436422074,Bisleri Water 1L,1,20.00,20.00
29/08/2026,19:10:03,B01296,8903839874342,Chik Shampoo Sachet 6ml,1,3.00,3.00
29/08/2026,19:10:03,B01296,8905982374540,Clinic Plus Shampoo Sachet 6ml,1,3.00,3.00
29/08/2026,19:14:04,B01297,8903839874342,Chik Shampoo Sachet 6ml,1,3.00,3.00
29/08/2026,19:15:12,B01298,8909427653757,Parle Parle-G Biscuits 70g,1,10.00,10.00
29/08/2026,19:15:12,B01298,8907560856516,Nestle Munch 20g,1,10.00,10.00
29/08/2026,19:18:21,B01299,8902525262388,Lifebuoy Soap 125g,1,35.00,35.00
29/08/2026,19:21:09,B01300,8908008397233,Pepsi Soft Drink 750ml,1,40.00,40.00
29/08/2026,19:24:01,B01301,8907197864939,Bingo Mad Angles 66g,1,20.00,20.00
29/08/2026,19:29:32,B01302,8904485193979,Tide Detergent Powder 1kg,1,115.00,115.00
29/08/2026,19:37:45,B01303,8907560856516,Nestle Munch 20g,1,10.00,10.00
29/08/2026,19:37:45,B01303,8900248761133,Britannia Good Day Cashew 75g,1,10.00,10.00
29/08/2026,19:47:15,B01304,8907867306226,Rin Detergent Bar 250g,1,20.00,20.00
29/08/2026,19:47:15,B01304,8906604803769,Cadbury Dairy Milk 50g,1,45.00,45.00
29/08/2026,19:50:11,B01305,8909713071128,Aashirvaad Atta 1kg,1,62.00,62.00
29/08/2026,19:50:11,B01305,8901943556130,Amul Gold Milk 500ml,1,33.00,33.00
29/08/2026,19:50:11,B01305,8902550748321,Sprite Soft Drink 750ml,1,40.00,40.00
29/08/2026,19:52:24,B01306,8909136784575,Tata Salt 1kg,1,28.00,28.00
29/08/2026,19:53:34,B01307,8907637469151,Maaza Mango Drink 600ml,1,40.00,40.00
29/08/2026,19:53:34,B01307,8909501511089,Amul Taaza Milk 500ml,1,27.00,27.00
29/08/2026,19:57:36,B01308,8908944388630,Fortune Soyabean Oil 1L,1,125.00,125.00
29/08/2026,19:57:43,B01309,8907560856516,Nestle Munch 20g,1,10.00,10.00
29/08/2026,19:58:08,B01310,8905982374540,Clinic Plus Shampoo Sachet 6ml,1,3.00,3.00
29/08/2026,19:58:08,B01310,8904116546181,Maggi Masala Noodles 4-pack 280g,1,56.00,56.00
29/08/2026,20:10:24,B01311,8903632424966,Nestle KitKat 37g,1,20.00,20.00
29/08/2026,20:17:24,B01312,8906715612472,Dettol Soap 125g,1,45.00,45.00
29/08/2026,20:17:24,B01312,8909567262253,Dhara Mustard Oil 1L,1,155.00,155.00
29/08/2026,20:17:24,B01312,8903277964018,Medimix Soap 125g,1,40.00,40.00
29/08/2026,20:23:34,B01313,8908142746881,Santoor Soap 125g,1,35.00,35.00
29/08/2026,20:28:01,B01314,8909600566041,Cadbury Gems 17g,1,10.00,10.00
29/08/2026,20:30:31,B01315,8907956866624,Colin Glass Cleaner 500ml,1,95.00,95.00
29/08/2026,20:31:22,B01316,8909427653757,Parle Parle-G Biscuits 70g,1,10.00,10.00
29/08/2026,20:31:22,B01316,8902234478650,Vim Dishwash Bar 300g,1,30.00,30.00
29/08/2026,20:31:22,B01316,8907197864939,Bingo Mad Angles 66g,1,20.00,20.00
29/08/2026,20:32:15,B01317,8909427653757,Parle Parle-G Biscuits 70g,1,10.00,10.00
29/08/2026,20:32:15,B01317,8907174824185,Madhur Sugar 1kg,1,48.00,48.00
29/08/2026,20:33:45,B01318,8907483429934,Pepsodent Germicheck 100g,1,55.00,55.00
29/08/2026,20:33:45,B01318,8908977405076,Center Fresh Chewing Gum 28g,1,10.00,10.00
29/08/2026,20:40:20,B01319,8900248761133,Britannia Good Day Cashew 75g,1,10.00,10.00
29/08/2026,20:43:24,B01320,8903835745424,Harpic Toilet Cleaner 500ml,1,99.00,99.00
29/08/2026,20:43:24,B01320,8904233433135,Lay's Classic Salted 52g,1,20.00,20.00
29/08/2026,20:43:24,B01320,8904116546181,Maggi Masala Noodles 4-pack 280g,1,56.00,56.00
29/08/2026,20:49:00,B01321,8909746434730,Kissan Tomato Ketchup 950g,1,135.00,135.00
29/08/2026,21:13:52,B01322,8908008397233,Pepsi Soft Drink 750ml,1,40.00,40.00
29/08/2026,21:18:59,B01323,8908233620472,Good Knight Mosquito Refill 45ml,1,85.00,85.00
29/08/2026,21:18:59,B01323,8901393160451,Coca-Cola Soft Drink 750ml,1,40.00,40.00
29/08/2026,21:19:38,B01324,8904233433135,Lay's Classic Salted 52g,1,20.00,20.00
29/08/2026,21:19:38,B01324,8903839874342,Chik Shampoo Sachet 6ml,1,3.00,3.00
29/08/2026,21:19:38,B01324,8906780453871,Red Label Tea 250g,1,135.00,135.00
29/08/2026,21:23:25,B01325,8907560856516,Nestle Munch 20g,1,10.00,10.00
29/08/2026,21:23:25,B01325,8907197864939,Bingo Mad Angles 66g,1,20.00,20.00
29/08/2026,21:34:27,B01326,8902228449239,Polo Mint Roll 28g,1,10.00,10.00
29/08/2026,21:42:33,B01327,8907194704290,Maggi Masala Noodles 70g,1,14.00,14.00
29/08/2026,21:48:16,B01328,8901943556130,Amul Gold Milk 500ml,1,33.00,33.00
29/08/2026,21:55:21,B01329,8900248761133,Britannia Good Day Cashew 75g,1,10.00,10.00
29/08/2026,21:55:21,B01329,8902228449239,Polo Mint Roll 28g,1,10.00,10.00
29/08/2026,21:59:28,B01330,8909501511089,Amul Taaza Milk 500ml,1,27.00,27.00
29/08/2026,21:59:28,B01330,8908944388630,Fortune Soyabean Oil 1L,1,125.00,125.00
29/08/2026,22:18:28,B01331,8907236061046,All Out Mosquito Refill 45ml,1,85.00,85.00
30/08/2026,06:07:13,B01332,8903839874342,Chik Shampoo Sachet 6ml,1,3.00,3.00
30/08/2026,06:18:51,B01333,8901943556130,Amul Gold Milk 500ml,1,33.00,33.00
30/08/2026,06:43:18,B01334,8904116546181,Maggi Masala Noodles 4-pack 280g,1,56.00,56.00
30/08/2026,07:15:02,B01335,8909023343151,Thums Up Soft Drink 750ml,1,40.00,40.00
30/08/2026,07:21:52,B01336,8903711049158,Mentos Mint Roll 29g,1,10.00,10.00
30/08/2026,07:27:00,B01337,8900257989146,Parle Krackjack 70g,1,10.00,10.00
30/08/2026,07:27:00,B01337,8901943556130,Amul Gold Milk 500ml,1,33.00,33.00
30/08/2026,07:27:00,B01337,8909120041196,Surf Excel Easy Wash 500g,1,68.00,68.00
30/08/2026,07:27:08,B01338,8903632424966,Nestle KitKat 37g,1,20.00,20.00
30/08/2026,07:27:08,B01338,8907174824185,Madhur Sugar 1kg,1,48.00,48.00
30/08/2026,07:46:20,B01339,8906378779086,Surf Excel Easy Wash 1kg,1,125.00,125.00
30/08/2026,08:02:10,B01340,8907140272743,Haldiram Aloo Bhujia 42g,1,20.00,20.00
30/08/2026,08:04:59,B01341,8908084499371,Amul Butter 100g,2,62.00,124.00
30/08/2026,08:04:59,B01341,8909501511089,Amul Taaza Milk 500ml,1,27.00,27.00
30/08/2026,08:11:41,B01342,,LOOSE ITEM,1,10.00,10.00
30/08/2026,08:11:41,B01342,8908977405076,Center Fresh Chewing Gum 28g,1,10.00,10.00
30/08/2026,08:11:47,B01343,8908977405076,Center Fresh Chewing Gum 28g,1,10.00,10.00
30/08/2026,08:16:41,B01344,8902961762459,Sundrop Peanut Butter 200g,1,135.00,135.00
30/08/2026,08:18:54,B01345,8903839874342,Chik Shampoo Sachet 6ml,1,3.00,3.00
30/08/2026,08:20:39,B01346,8902525262388,Lifebuoy Soap 125g,1,35.00,35.00
30/08/2026,08:20:39,B01346,8904233433135,Lay's Classic Salted 52g,1,20.00,20.00
30/08/2026,08:20:39,B01346,8902473535046,Kinley Water 1L,1,20.00,20.00
30/08/2026,08:23:19,B01347,8908084499371,Amul Butter 100g,1,62.00,62.00
30/08/2026,08:23:19,B01347,,LOOSE ITEM,1,40.00,40.00
30/08/2026,08:24:42,B01348,8909136784575,Tata Salt 1kg,1,28.00,28.00
30/08/2026,08:35:35,B01349,8909600566041,Cadbury Gems 17g,1,10.00,10.00
30/08/2026,08:41:06,B01350,8904196790184,Mother Dairy Toned Milk 500ml,1,27.00,27.00
30/08/2026,08:41:06,B01350,8909501511089,Amul Taaza Milk 500ml,1,27.00,27.00
30/08/2026,08:41:06,B01350,8903632424966,Nestle KitKat 37g,1,20.00,20.00
30/08/2026,08:42:12,B01351,8904196790184,Mother Dairy Toned Milk 500ml,1,27.00,27.00
30/08/2026,08:44:02,B01352,8909501511089,Amul Taaza Milk 500ml,1,27.00,27.00
30/08/2026,08:44:02,B01352,8904233433135,Lay's Classic Salted 52g,1,20.00,20.00
30/08/2026,08:44:02,B01352,8905982374540,Clinic Plus Shampoo Sachet 6ml,1,3.00,3.00
30/08/2026,08:45:40,B01353,8905982374540,Clinic Plus Shampoo Sachet 6ml,1,3.00,3.00
30/08/2026,08:47:50,B01354,8907436422074,Bisleri Water 1L,1,20.00,20.00
30/08/2026,08:47:50,B01354,8900248761133,Britannia Good Day Cashew 75g,1,10.00,10.00
30/08/2026,08:52:23,B01355,8906710455012,Vim Dishwash Gel 500ml,1,115.00,115.00
30/08/2026,08:52:23,B01355,8907867306226,Rin Detergent Bar 250g,1,20.00,20.00
30/08/2026,09:06:17,B01356,8907194704290,Maggi Masala Noodles 70g,1,14.00,14.00
30/08/2026,09:18:16,B01357,8907867306226,Rin Detergent Bar 250g,1,20.00,20.00
30/08/2026,09:20:11,B01358,8903401125742,Frooti Mango Drink 600ml,1,40.00,40.00
30/08/2026,09:21:14,B01359,8909713071128,Aashirvaad Atta 1kg,1,62.00,62.00
30/08/2026,09:21:14,B01359,8907174824185,Madhur Sugar 1kg,1,48.00,48.00
30/08/2026,09:23:28,B01360,8900349807556,Amul Cheese Slices 200g,1,145.00,145.00
30/08/2026,09:25:04,B01361,8900248761133,Britannia Good Day Cashew 75g,1,10.00,10.00
30/08/2026,09:32:11,B01362,8902473535046,Kinley Water 1L,1,20.00,20.00
30/08/2026,09:35:39,B01363,8901018275973,Nescafe Classic Coffee 50g,1,175.00,175.00
30/08/2026,09:39:09,B01364,8907867306226,Rin Detergent Bar 250g,1,20.00,20.00
30/08/2026,09:39:09,B01364,8908757386939,Sunfeast Marie Light 75g,1,10.00,10.00
30/08/2026,09:42:02,B01365,8907174824185,Madhur Sugar 1kg,1,48.00,48.00
30/08/2026,09:42:02,B01365,8907194704290,Maggi Masala Noodles 70g,1,14.00,14.00
30/08/2026,09:47:57,B01366,8909534043717,Amul Masti Dahi 400g,1,45.00,45.00
30/08/2026,09:47:57,B01366,8902473535046,Kinley Water 1L,1,20.00,20.00
30/08/2026,09:48:03,B01367,8907436422074,Bisleri Water 1L,1,20.00,20.00
30/08/2026,09:48:03,B01367,8902473535046,Kinley Water 1L,1,20.00,20.00
30/08/2026,09:48:22,B01368,8902525262388,Lifebuoy Soap 125g,1,35.00,35.00
30/08/2026,09:48:45,B01369,8901393160451,Coca-Cola Soft Drink 750ml,1,40.00,40.00
30/08/2026,09:48:45,B01369,8906710455012,Vim Dishwash Gel 500ml,1,115.00,115.00
30/08/2026,09:48:45,B01369,8903379154812,Amul Butter 500g,1,295.00,295.00
30/08/2026,09:49:51,B01370,8906743689880,Colgate Strong Teeth 100g,1,55.00,55.00
30/08/2026,09:51:48,B01371,8904233433135,Lay's Classic Salted 52g,1,20.00,20.00
30/08/2026,09:51:48,B01371,8901193121348,India Gate Basmati Rice 1kg,1,135.00,135.00
30/08/2026,09:51:48,B01371,8907436422074,Bisleri Water 1L,1,20.00,20.00
30/08/2026,10:01:09,B01372,8904872245939,Tropicana Orange Juice 1L,1,125.00,125.00
30/08/2026,10:01:09,B01372,8909136784575,Tata Salt 1kg,1,28.00,28.00
30/08/2026,10:02:15,B01373,8905982374540,Clinic Plus Shampoo Sachet 6ml,1,3.00,3.00
30/08/2026,10:03:27,B01374,,LOOSE ITEM,1,40.00,40.00
30/08/2026,10:10:58,B01375,8902525262388,Lifebuoy Soap 125g,1,35.00,35.00
30/08/2026,10:13:47,B01376,8908977405076,Center Fresh Chewing Gum 28g,1,10.00,10.00
30/08/2026,10:13:47,B01376,8905557725456,Fortune Sunflower Oil 1L,1,135.00,135.00
30/08/2026,10:15:05,B01377,8904233433135,Lay's Classic Salted 52g,1,20.00,20.00
30/08/2026,10:15:05,B01377,8908977405076,Center Fresh Chewing Gum 28g,1,10.00,10.00
30/08/2026,10:16:00,B01378,8907436422074,Bisleri Water 1L,1,20.00,20.00
30/08/2026,10:19:36,B01379,8903280387262,Tata Tea Gold 250g,1,145.00,145.00
30/08/2026,10:19:36,B01379,8901469251052,Dabur Red Paste 100g,1,55.00,55.00
30/08/2026,10:25:23,B01380,8908008397233,Pepsi Soft Drink 750ml,1,40.00,40.00
30/08/2026,10:25:23,B01380,8901943556130,Amul Gold Milk 500ml,1,33.00,33.00
30/08/2026,10:35:25,B01381,8901943556130,Amul Gold Milk 500ml,1,33.00,33.00
30/08/2026,10:35:25,B01381,8902234478650,Vim Dishwash Bar 300g,1,30.00,30.00
30/08/2026,10:48:42,B01382,8909427653757,Parle Parle-G Biscuits 70g,1,10.00,10.00
30/08/2026,10:49:05,B01383,8909501511089,Amul Taaza Milk 500ml,1,27.00,27.00
30/08/2026,10:49:23,B01384,8908401707462,Kurkure Masala Munch 90g,1,20.00,20.00
30/08/2026,10:50:59,B01385,8905875652885,Maggi Hot & Sweet Sauce 500g,1,115.00,115.00
30/08/2026,10:59:32,B01386,8908233620472,Good Knight Mosquito Refill 45ml,1,85.00,85.00
30/08/2026,10:59:32,B01386,8903401125742,Frooti Mango Drink 600ml,1,40.00,40.00
30/08/2026,11:00:55,B01387,8904176990627,Lizol Floor Cleaner 500ml,1,99.00,99.00
30/08/2026,11:04:45,B01388,8905331753835,Cadbury 5 Star 40g,1,20.00,20.00
30/08/2026,11:04:45,B01388,8908008397233,Pepsi Soft Drink 750ml,1,40.00,40.00
30/08/2026,11:04:50,B01389,8908401707462,Kurkure Masala Munch 90g,1,20.00,20.00
30/08/2026,11:04:50,B01389,8901393160451,Coca-Cola Soft Drink 750ml,1,40.00,40.00
30/08/2026,11:14:49,B01390,8907174824185,Madhur Sugar 1kg,1,48.00,48.00
30/08/2026,11:16:44,B01391,8907867306226,Rin Detergent Bar 250g,1,20.00,20.00
30/08/2026,11:37:07,B01392,8907197864939,Bingo Mad Angles 66g,1,20.00,20.00
30/08/2026,11:42:42,B01393,8907436422074,Bisleri Water 1L,2,20.00,40.00
30/08/2026,11:47:39,B01394,8907140272743,Haldiram Aloo Bhujia 42g,1,20.00,20.00
30/08/2026,12:03:58,B01395,8909427653757,Parle Parle-G Biscuits 70g,1,10.00,10.00
30/08/2026,12:07:58,B01396,8904657151196,Lux Soap 100g,1,35.00,35.00
30/08/2026,12:17:28,B01397,8902550748321,Sprite Soft Drink 750ml,1,40.00,40.00
30/08/2026,12:17:28,B01397,8904626778355,Britannia Bourbon 60g,1,10.00,10.00
30/08/2026,12:39:56,B01398,8909600566041,Cadbury Gems 17g,1,10.00,10.00
30/08/2026,12:39:56,B01398,8902228449239,Polo Mint Roll 28g,1,10.00,10.00
30/08/2026,12:42:59,B01399,8905800014993,Bru Instant Coffee 50g,1,155.00,155.00
30/08/2026,12:56:09,B01400,8901690527315,Real Mixed Fruit Juice 1L,1,125.00,125.00
30/08/2026,12:56:09,B01400,8905982374540,Clinic Plus Shampoo Sachet 6ml,1,3.00,3.00
30/08/2026,13:04:47,B01401,8906036439130,Cadbury Perk 35g,1,20.00,20.00
30/08/2026,13:11:33,B01402,,LOOSE ITEM,1,14.00,14.00
30/08/2026,13:21:48,B01403,8908977405076,Center Fresh Chewing Gum 28g,1,10.00,10.00
30/08/2026,13:30:11,B01404,8906715612472,Dettol Soap 125g,1,45.00,45.00
30/08/2026,13:40:29,B01405,8904233433135,Lay's Classic Salted 52g,1,20.00,20.00
30/08/2026,13:43:00,B01406,8906036439130,Cadbury Perk 35g,1,20.00,20.00
30/08/2026,13:43:00,B01406,8902234478650,Vim Dishwash Bar 300g,1,30.00,30.00
30/08/2026,13:43:00,B01406,8903277964018,Medimix Soap 125g,1,40.00,40.00
30/08/2026,14:28:36,B01407,8904233433135,Lay's Classic Salted 52g,1,20.00,20.00
30/08/2026,14:28:36,B01407,8903238955901,Wheel Detergent Powder 1kg,1,62.00,62.00
30/08/2026,14:28:36,B01407,8905331753835,Cadbury 5 Star 40g,1,20.00,20.00
30/08/2026,14:52:01,B01408,8903839874342,Chik Shampoo Sachet 6ml,1,3.00,3.00
30/08/2026,14:52:01,B01408,8909534043717,Amul Masti Dahi 400g,1,45.00,45.00
30/08/2026,14:52:01,B01408,8907637469151,Maaza Mango Drink 600ml,1,40.00,40.00
30/08/2026,15:02:59,B01409,8902234478650,Vim Dishwash Bar 300g,1,30.00,30.00
30/08/2026,15:09:12,B01410,8907867306226,Rin Detergent Bar 250g,1,20.00,20.00
30/08/2026,15:39:49,B01411,8906604803769,Cadbury Dairy Milk 50g,1,45.00,45.00
30/08/2026,16:17:41,B01412,8906715612472,Dettol Soap 125g,1,45.00,45.00
30/08/2026,16:32:05,B01413,8908401707462,Kurkure Masala Munch 90g,1,20.00,20.00
30/08/2026,16:37:33,B01414,8904485193979,Tide Detergent Powder 1kg,1,115.00,115.00
30/08/2026,16:37:33,B01414,8908757386939,Sunfeast Marie Light 75g,1,10.00,10.00
30/08/2026,16:37:39,B01415,8901469251052,Dabur Red Paste 100g,1,55.00,55.00
30/08/2026,16:37:39,B01415,8907064047854,Bournvita Health Drink 500g,1,245.00,245.00
30/08/2026,16:37:39,B01415,8902172108503,Aashirvaad Atta 5kg,1,285.00,285.00
30/08/2026,16:42:23,B01416,8905982374540,Clinic Plus Shampoo Sachet 6ml,1,3.00,3.00
30/08/2026,16:42:23,B01416,8903835745424,Harpic Toilet Cleaner 500ml,1,99.00,99.00
30/08/2026,16:42:23,B01416,8901943556130,Amul Gold Milk 500ml,1,33.00,33.00
30/08/2026,16:45:08,B01417,8904233433135,Lay's Classic Salted 52g,1,20.00,20.00
30/08/2026,16:45:08,B01417,8902473535046,Kinley Water 1L,1,20.00,20.00
30/08/2026,16:51:09,B01418,8908233620472,Good Knight Mosquito Refill 45ml,1,85.00,85.00
30/08/2026,17:00:53,B01419,8900635707409,Top Ramen Curry Noodles 70g,1,14.00,14.00
30/08/2026,17:11:09,B01420,8907194704290,Maggi Masala Noodles 70g,1,14.00,14.00
30/08/2026,17:11:33,B01421,8906743689880,Colgate Strong Teeth 100g,1,55.00,55.00
30/08/2026,17:15:11,B01422,8901943556130,Amul Gold Milk 500ml,1,33.00,33.00
30/08/2026,17:24:25,B01423,8905982374540,Clinic Plus Shampoo Sachet 6ml,1,3.00,3.00
30/08/2026,17:29:10,B01424,8907436422074,Bisleri Water 1L,1,20.00,20.00
30/08/2026,17:30:46,B01425,8902234478650,Vim Dishwash Bar 300g,1,30.00,30.00
30/08/2026,17:35:27,B01426,8903238955901,Wheel Detergent Powder 1kg,1,62.00,62.00
30/08/2026,17:35:27,B01426,8908084499371,Amul Butter 100g,1,62.00,62.00
30/08/2026,17:40:10,B01427,8901193121348,India Gate Basmati Rice 1kg,1,135.00,135.00
30/08/2026,17:40:10,B01427,8902525262388,Lifebuoy Soap 125g,1,35.00,35.00
30/08/2026,17:42:20,B01428,8907637469151,Maaza Mango Drink 600ml,1,40.00,40.00
30/08/2026,18:00:24,B01429,8909600566041,Cadbury Gems 17g,1,10.00,10.00
30/08/2026,18:00:24,B01429,8905557725456,Fortune Sunflower Oil 1L,1,135.00,135.00
30/08/2026,18:01:55,B01430,8907637469151,Maaza Mango Drink 600ml,1,40.00,40.00
30/08/2026,18:01:55,B01430,8909427653757,Parle Parle-G Biscuits 70g,1,10.00,10.00
30/08/2026,18:01:55,B01430,8907197864939,Bingo Mad Angles 66g,1,20.00,20.00
30/08/2026,18:06:09,B01431,8907197864939,Bingo Mad Angles 66g,2,20.00,40.00
30/08/2026,18:08:32,B01432,8901943556130,Amul Gold Milk 500ml,1,33.00,33.00
30/08/2026,18:10:54,B01433,8904196790184,Mother Dairy Toned Milk 500ml,1,27.00,27.00
30/08/2026,18:23:32,B01434,8909136784575,Tata Salt 1kg,1,28.00,28.00
30/08/2026,18:27:21,B01435,8904626778355,Britannia Bourbon 60g,1,10.00,10.00
30/08/2026,18:28:04,B01436,8901384274525,Yippee Magic Masala 70g,1,14.00,14.00
30/08/2026,18:28:04,B01436,8903003453342,Head&Shoulders Anti-Dandruff 180ml,1,185.00,185.00
30/08/2026,18:30:39,B01437,8908996794274,MDH Chana Masala 100g,1,75.00,75.00
30/08/2026,18:34:42,B01438,8902525262388,Lifebuoy Soap 125g,1,35.00,35.00
30/08/2026,18:39:53,B01439,8906036439130,Cadbury Perk 35g,1,20.00,20.00
30/08/2026,18:39:53,B01439,8908084499371,Amul Butter 100g,1,62.00,62.00
30/08/2026,18:42:00,B01440,8909023343151,Thums Up Soft Drink 750ml,1,40.00,40.00
30/08/2026,18:46:27,B01441,8903839874342,Chik Shampoo Sachet 6ml,1,3.00,3.00
30/08/2026,18:50:38,B01442,8902525262388,Lifebuoy Soap 125g,1,35.00,35.00
30/08/2026,18:50:38,B01442,8907833475284,Ariel Detergent Powder 1kg,1,165.00,165.00
30/08/2026,18:50:38,B01442,8909746434730,Kissan Tomato Ketchup 950g,1,135.00,135.00
30/08/2026,18:51:47,B01443,8901943556130,Amul Gold Milk 500ml,1,33.00,33.00
30/08/2026,18:53:47,B01444,8905982374540,Clinic Plus Shampoo Sachet 6ml,1,3.00,3.00
30/08/2026,18:53:47,B01444,8906780453871,Red Label Tea 250g,1,135.00,135.00
30/08/2026,18:58:41,B01445,8907867306226,Rin Detergent Bar 250g,1,20.00,20.00
30/08/2026,18:58:41,B01445,8904823446491,Taj Mahal Tea 250g,1,175.00,175.00
30/08/2026,19:03:15,B01446,8909136784575,Tata Salt 1kg,1,28.00,28.00
30/08/2026,19:08:03,B01447,8904196790184,Mother Dairy Toned Milk 500ml,1,27.00,27.00
30/08/2026,19:11:10,B01448,8900257989146,Parle Krackjack 70g,1,10.00,10.00
30/08/2026,19:11:10,B01448,8904233433135,Lay's Classic Salted 52g,1,20.00,20.00
30/08/2026,19:13:24,B01449,8908008397233,Pepsi Soft Drink 750ml,1,40.00,40.00
30/08/2026,19:24:11,B01450,8909501511089,Amul Taaza Milk 500ml,1,27.00,27.00
30/08/2026,19:24:38,B01451,8909120041196,Surf Excel Easy Wash 500g,1,68.00,68.00
30/08/2026,19:24:42,B01452,8905982374540,Clinic Plus Shampoo Sachet 6ml,1,3.00,3.00
30/08/2026,19:25:18,B01453,8906604803769,Cadbury Dairy Milk 50g,1,45.00,45.00
30/08/2026,19:25:18,B01453,8903711049158,Mentos Mint Roll 29g,1,10.00,10.00
30/08/2026,19:30:38,B01454,8906710455012,Vim Dishwash Gel 500ml,1,115.00,115.00
30/08/2026,19:31:19,B01455,8909600566041,Cadbury Gems 17g,1,10.00,10.00
30/08/2026,19:35:46,B01456,8904657151196,Lux Soap 100g,1,35.00,35.00
30/08/2026,19:38:40,B01457,8909501511089,Amul Taaza Milk 500ml,1,27.00,27.00
30/08/2026,19:43:23,B01458,8909501511089,Amul Taaza Milk 500ml,1,27.00,27.00
30/08/2026,19:43:23,B01458,8902525262388,Lifebuoy Soap 125g,1,35.00,35.00
30/08/2026,19:45:18,B01459,8901393160451,Coca-Cola Soft Drink 750ml,1,40.00,40.00
30/08/2026,19:46:57,B01460,8908142746881,Santoor Soap 125g,1,35.00,35.00
30/08/2026,19:47:41,B01461,8909600566041,Cadbury Gems 17g,1,10.00,10.00
30/08/2026,19:48:30,B01462,8907436422074,Bisleri Water 1L,1,20.00,20.00
30/08/2026,19:52:55,B01463,8905982374540,Clinic Plus Shampoo Sachet 6ml,1,3.00,3.00
30/08/2026,19:55:52,B01464,8904176990627,Lizol Floor Cleaner 500ml,1,99.00,99.00
30/08/2026,19:55:52,B01464,8902172108503,Aashirvaad Atta 5kg,1,285.00,285.00
30/08/2026,19:55:52,B01464,8904196790184,Mother Dairy Toned Milk 500ml,1,27.00,27.00
30/08/2026,19:58:57,B01465,8906715612472,Dettol Soap 125g,1,45.00,45.00
30/08/2026,20:07:00,B01466,8902234478650,Vim Dishwash Bar 300g,1,30.00,30.00
30/08/2026,20:07:00,B01466,8907867306226,Rin Detergent Bar 250g,1,20.00,20.00
30/08/2026,20:07:00,B01466,8902228449239,Polo Mint Roll 28g,1,10.00,10.00
30/08/2026,20:10:48,B01467,8907174824185,Madhur Sugar 1kg,1,48.00,48.00
30/08/2026,20:16:10,B01468,8903280387262,Tata Tea Gold 250g,1,145.00,145.00
30/08/2026,20:16:43,B01469,8900248761133,Britannia Good Day Cashew 75g,1,10.00,10.00
30/08/2026,20:16:43,B01469,8909501511089,Amul Taaza Milk 500ml,1,27.00,27.00
30/08/2026,20:20:20,B01470,8903711049158,Mentos Mint Roll 29g,1,10.00,10.00
30/08/2026,20:23:43,B01471,8907194704290,Maggi Masala Noodles 70g,1,14.00,14.00
30/08/2026,20:23:43,B01471,8909600566041,Cadbury Gems 17g,1,10.00,10.00
30/08/2026,20:23:43,B01471,8907140272743,Haldiram Aloo Bhujia 42g,1,20.00,20.00
30/08/2026,20:24:08,B01472,8906715612472,Dettol Soap 125g,1,45.00,45.00
30/08/2026,20:26:43,B01473,8909501511089,Amul Taaza Milk 500ml,1,27.00,27.00
30/08/2026,20:26:43,B01473,8906715612472,Dettol Soap 125g,1,45.00,45.00
30/08/2026,20:33:22,B01474,8905331753835,Cadbury 5 Star 40g,1,20.00,20.00
30/08/2026,20:36:05,B01475,8909501511089,Amul Taaza Milk 500ml,1,27.00,27.00
30/08/2026,20:46:28,B01476,8904233433135,Lay's Classic Salted 52g,1,20.00,20.00
30/08/2026,20:46:28,B01476,,LOOSE ITEM,1,62.00,62.00
30/08/2026,20:48:13,B01477,8909501511089,Amul Taaza Milk 500ml,1,27.00,27.00
30/08/2026,20:48:13,B01477,8906604803769,Cadbury Dairy Milk 50g,1,45.00,45.00
30/08/2026,20:51:27,B01478,8909136784575,Tata Salt 1kg,1,28.00,28.00
30/08/2026,20:51:27,B01478,8906036439130,Cadbury Perk 35g,1,20.00,20.00
30/08/2026,20:51:27,B01478,8907194704290,Maggi Masala Noodles 70g,1,14.00,14.00
30/08/2026,20:53:08,B01479,8909427653757,Parle Parle-G Biscuits 70g,1,10.00,10.00
30/08/2026,21:00:46,B01480,8909713071128,Aashirvaad Atta 1kg,1,62.00,62.00
30/08/2026,21:04:14,B01481,8906715612472,Dettol Soap 125g,1,45.00,45.00
30/08/2026,21:09:20,B01482,8903632424966,Nestle KitKat 37g,1,20.00,20.00
30/08/2026,21:09:20,B01482,8903839874342,Chik Shampoo Sachet 6ml,1,3.00,3.00
30/08/2026,21:09:20,B01482,8906710455012,Vim Dishwash Gel 500ml,1,115.00,115.00
30/08/2026,21:11:15,B01483,8907637469151,Maaza Mango Drink 600ml,1,40.00,40.00
30/08/2026,21:11:15,B01483,8905331753835,Cadbury 5 Star 40g,1,20.00,20.00
30/08/2026,21:26:20,B01484,8907194704290,Maggi Masala Noodles 70g,1,14.00,14.00
30/08/2026,21:26:20,B01484,8907637469151,Maaza Mango Drink 600ml,1,40.00,40.00
30/08/2026,21:26:20,B01484,8902234478650,Vim Dishwash Bar 300g,1,30.00,30.00
30/08/2026,21:28:29,B01485,8905167752002,Vaseline Body Lotion 200ml,1,185.00,185.00
30/08/2026,21:28:54,B01486,8907560856516,Nestle Munch 20g,1,10.00,10.00
30/08/2026,21:51:18,B01487,8908142746881,Santoor Soap 125g,1,35.00,35.00
30/08/2026,22:06:45,B01488,8909427653757,Parle Parle-G Biscuits 70g,1,10.00,10.00
30/08/2026,22:06:45,B01488,8907560856516,Nestle Munch 20g,1,10.00,10.00
30/08/2026,22:06:45,B01488,8909600566041,Cadbury Gems 17g,1,10.00,10.00
31/08/2026,06:00:50,B01489,8906604803769,Cadbury Dairy Milk 50g,1,45.00,45.00
31/08/2026,06:03:43,B01490,8901393160451,Coca-Cola Soft Drink 750ml,1,40.00,40.00
31/08/2026,06:03:43,B01490,8903839874342,Chik Shampoo Sachet 6ml,1,3.00,3.00
31/08/2026,06:32:39,B01491,8902228449239,Polo Mint Roll 28g,1,10.00,10.00
31/08/2026,06:55:14,B01492,8907194704290,Maggi Masala Noodles 70g,1,14.00,14.00
31/08/2026,07:08:26,B01493,8902228449239,Polo Mint Roll 28g,1,10.00,10.00
31/08/2026,07:09:23,B01494,8901943556130,Amul Gold Milk 500ml,1,33.00,33.00
31/08/2026,07:23:02,B01495,8909713071128,Aashirvaad Atta 1kg,1,62.00,62.00
31/08/2026,07:23:02,B01495,8903280387262,Tata Tea Gold 250g,1,145.00,145.00
31/08/2026,07:37:44,B01496,8909746434730,Kissan Tomato Ketchup 950g,1,135.00,135.00
31/08/2026,07:37:44,B01496,8904233433135,Lay's Classic Salted 52g,1,20.00,20.00
31/08/2026,08:02:10,B01497,8906715612472,Dettol Soap 125g,1,45.00,45.00
31/08/2026,08:04:12,B01498,8900248761133,Britannia Good Day Cashew 75g,1,10.00,10.00
31/08/2026,08:04:26,B01499,8907197864939,Bingo Mad Angles 66g,1,20.00,20.00
31/08/2026,08:19:26,B01500,8908757386939,Sunfeast Marie Light 75g,1,10.00,10.00
31/08/2026,08:21:18,B01501,8902550748321,Sprite Soft Drink 750ml,1,40.00,40.00
31/08/2026,08:27:19,B01502,8909427653757,Parle Parle-G Biscuits 70g,1,10.00,10.00
31/08/2026,08:27:19,B01502,8908977405076,Center Fresh Chewing Gum 28g,1,10.00,10.00
31/08/2026,08:27:19,B01502,8909136784575,Tata Salt 1kg,1,28.00,28.00
31/08/2026,08:40:56,B01503,8904116546181,Maggi Masala Noodles 4-pack 280g,1,56.00,56.00
31/08/2026,08:44:03,B01504,8902961762459,Sundrop Peanut Butter 200g,1,135.00,135.00
31/08/2026,08:55:34,B01505,8907194704290,Maggi Masala Noodles 70g,1,14.00,14.00
31/08/2026,09:00:41,B01506,8906212271295,Clinic Plus Shampoo 175ml,1,99.00,99.00
31/08/2026,09:06:01,B01507,8908401707462,Kurkure Masala Munch 90g,1,20.00,20.00
31/08/2026,09:21:46,B01508,8907174824185,Madhur Sugar 1kg,1,48.00,48.00
31/08/2026,09:24:08,B01509,8905982374540,Clinic Plus Shampoo Sachet 6ml,1,3.00,3.00
31/08/2026,09:26:45,B01510,8903280387262,Tata Tea Gold 250g,1,145.00,145.00
31/08/2026,09:26:45,B01510,8908401707462,Kurkure Masala Munch 90g,1,20.00,20.00
31/08/2026,09:26:48,B01511,8904196790184,Mother Dairy Toned Milk 500ml,1,27.00,27.00
31/08/2026,09:34:04,B01512,8901943556130,Amul Gold Milk 500ml,1,33.00,33.00
31/08/2026,09:34:04,B01512,8908401707462,Kurkure Masala Munch 90g,1,20.00,20.00
31/08/2026,09:34:24,B01513,8908008397233,Pepsi Soft Drink 750ml,1,40.00,40.00
31/08/2026,09:34:24,B01513,8905557725456,Fortune Sunflower Oil 1L,1,135.00,135.00
31/08/2026,09:50:11,B01514,8902550748321,Sprite Soft Drink 750ml,1,40.00,40.00
31/08/2026,09:50:13,B01515,8902228449239,Polo Mint Roll 28g,1,10.00,10.00
31/08/2026,09:55:42,B01516,8907197864939,Bingo Mad Angles 66g,1,20.00,20.00
31/08/2026,10:06:52,B01517,8907140272743,Haldiram Aloo Bhujia 42g,1,20.00,20.00
31/08/2026,10:06:52,B01517,8906710455012,Vim Dishwash Gel 500ml,1,115.00,115.00
31/08/2026,10:06:52,B01517,8909600566041,Cadbury Gems 17g,1,10.00,10.00
31/08/2026,10:16:07,B01518,8909427653757,Parle Parle-G Biscuits 70g,1,10.00,10.00
31/08/2026,10:16:07,B01518,8906212271295,Clinic Plus Shampoo 175ml,1,99.00,99.00
31/08/2026,10:17:04,B01519,8907174824185,Madhur Sugar 1kg,1,48.00,48.00
31/08/2026,10:22:30,B01520,8904921237526,Alpenliebe Candy Pack 50g,1,20.00,20.00
31/08/2026,10:22:30,B01520,8907436422074,Bisleri Water 1L,2,20.00,40.00
31/08/2026,10:23:32,B01521,8908757386939,Sunfeast Marie Light 75g,1,10.00,10.00
31/08/2026,10:40:22,B01522,8903238955901,Wheel Detergent Powder 1kg,1,62.00,62.00
31/08/2026,10:42:24,B01523,8900257989146,Parle Krackjack 70g,1,10.00,10.00
31/08/2026,10:54:11,B01524,8902234478650,Vim Dishwash Bar 300g,1,30.00,30.00
31/08/2026,10:54:11,B01524,8907436422074,Bisleri Water 1L,1,20.00,20.00
31/08/2026,10:54:11,B01524,8902473535046,Kinley Water 1L,1,20.00,20.00
31/08/2026,10:59:57,B01525,8905982374540,Clinic Plus Shampoo Sachet 6ml,1,3.00,3.00
31/08/2026,10:59:57,B01525,8909427653757,Parle Parle-G Biscuits 70g,1,10.00,10.00
31/08/2026,11:10:08,B01526,8907867306226,Rin Detergent Bar 250g,1,20.00,20.00
31/08/2026,11:10:08,B01526,8907560856516,Nestle Munch 20g,1,10.00,10.00
31/08/2026,11:10:08,B01526,8903401125742,Frooti Mango Drink 600ml,1,40.00,40.00
31/08/2026,11:10:52,B01527,8907637469151,Maaza Mango Drink 600ml,1,40.00,40.00
31/08/2026,11:18:52,B01528,,LOOSE ITEM,1,40.00,40.00
31/08/2026,11:24:51,B01529,,LOOSE ITEM,1,245.00,245.00
31/08/2026,11:26:21,B01530,8905331753835,Cadbury 5 Star 40g,1,20.00,20.00
31/08/2026,11:26:30,B01531,8909501511089,Amul Taaza Milk 500ml,1,27.00,27.00
31/08/2026,11:30:01,B01532,8907197864939,Bingo Mad Angles 66g,1,20.00,20.00
31/08/2026,11:45:54,B01533,8900635707409,Top Ramen Curry Noodles 70g,1,14.00,14.00
31/08/2026,11:45:54,B01533,8908757386939,Sunfeast Marie Light 75g,1,10.00,10.00
31/08/2026,11:46:06,B01534,8903711049158,Mentos Mint Roll 29g,1,10.00,10.00
31/08/2026,11:46:06,B01534,,LOOSE ITEM,1,27.00,27.00
31/08/2026,12:29:03,B01535,8907140272743,Haldiram Aloo Bhujia 42g,1,20.00,20.00
31/08/2026,12:41:48,B01536,8905167752002,Vaseline Body Lotion 200ml,1,185.00,185.00
31/08/2026,12:51:00,B01537,8903839874342,Chik Shampoo Sachet 6ml,1,3.00,3.00
31/08/2026,12:51:30,B01538,8909136784575,Tata Salt 1kg,1,28.00,28.00
31/08/2026,12:51:30,B01538,8904196790184,Mother Dairy Toned Milk 500ml,1,27.00,27.00
31/08/2026,13:12:09,B01539,8904657151196,Lux Soap 100g,1,35.00,35.00
31/08/2026,13:27:57,B01540,8904626778355,Britannia Bourbon 60g,1,10.00,10.00
31/08/2026,13:41:32,B01541,8905982374540,Clinic Plus Shampoo Sachet 6ml,1,3.00,3.00
31/08/2026,13:42:48,B01542,8904657151196,Lux Soap 100g,1,35.00,35.00
31/08/2026,13:50:36,B01543,8902228449239,Polo Mint Roll 28g,1,10.00,10.00
31/08/2026,14:30:13,B01544,8905800014993,Bru Instant Coffee 50g,1,155.00,155.00
31/08/2026,14:32:07,B01545,8907867306226,Rin Detergent Bar 250g,1,20.00,20.00
31/08/2026,14:35:29,B01546,8903401125742,Frooti Mango Drink 600ml,1,40.00,40.00
31/08/2026,14:35:29,B01546,,LOOSE ITEM,1,62.00,62.00
31/08/2026,14:58:22,B01547,8904657151196,Lux Soap 100g,1,35.00,35.00
31/08/2026,14:58:22,B01547,8909427653757,Parle Parle-G Biscuits 70g,1,10.00,10.00
31/08/2026,15:11:01,B01548,8907194704290,Maggi Masala Noodles 70g,1,14.00,14.00
31/08/2026,15:14:17,B01549,8902525262388,Lifebuoy Soap 125g,1,35.00,35.00
31/08/2026,15:15:08,B01550,8907560856516,Nestle Munch 20g,1,10.00,10.00
31/08/2026,15:25:00,B01551,8905557725456,Fortune Sunflower Oil 1L,1,135.00,135.00
31/08/2026,15:51:18,B01552,8907197864939,Bingo Mad Angles 66g,1,20.00,20.00
31/08/2026,16:01:23,B01553,8903238955901,Wheel Detergent Powder 1kg,1,62.00,62.00
31/08/2026,16:01:23,B01553,8901469251052,Dabur Red Paste 100g,1,55.00,55.00
31/08/2026,16:22:44,B01554,8909023343151,Thums Up Soft Drink 750ml,1,40.00,40.00
31/08/2026,16:22:46,B01555,8900349807556,Amul Cheese Slices 200g,1,145.00,145.00
31/08/2026,16:34:25,B01556,8909427653757,Parle Parle-G Biscuits 70g,1,10.00,10.00
31/08/2026,16:47:55,B01557,8909713071128,Aashirvaad Atta 1kg,1,62.00,62.00
31/08/2026,16:47:55,B01557,8908373852658,Closeup Red Hot 150g,1,95.00,95.00
31/08/2026,16:49:18,B01558,8907194704290,Maggi Masala Noodles 70g,1,14.00,14.00
31/08/2026,16:53:25,B01559,8903839874342,Chik Shampoo Sachet 6ml,1,3.00,3.00
31/08/2026,16:55:38,B01560,8904611794537,Fair & Lovely Face Cream 50g,1,125.00,125.00
31/08/2026,17:18:01,B01561,8907844307079,Saffola Gold Oil 1L,1,175.00,175.00
31/08/2026,17:39:47,B01562,8907867306226,Rin Detergent Bar 250g,1,20.00,20.00
31/08/2026,17:40:39,B01563,8907194704290,Maggi Masala Noodles 70g,1,14.00,14.00
31/08/2026,17:40:39,B01563,8906212271295,Clinic Plus Shampoo 175ml,1,99.00,99.00
31/08/2026,17:42:34,B01564,8901393160451,Coca-Cola Soft Drink 750ml,1,40.00,40.00
31/08/2026,17:42:57,B01565,8906780453871,Red Label Tea 250g,1,135.00,135.00
31/08/2026,17:45:49,B01566,8905982374540,Clinic Plus Shampoo Sachet 6ml,1,3.00,3.00
31/08/2026,17:55:36,B01567,8904872245939,Tropicana Orange Juice 1L,1,125.00,125.00
31/08/2026,17:58:22,B01568,8909501511089,Amul Taaza Milk 500ml,1,27.00,27.00
31/08/2026,17:58:22,B01568,8906780453871,Red Label Tea 250g,1,135.00,135.00
31/08/2026,18:03:31,B01569,8900248761133,Britannia Good Day Cashew 75g,1,10.00,10.00
31/08/2026,18:04:59,B01570,8907867306226,Rin Detergent Bar 250g,1,20.00,20.00
31/08/2026,18:05:50,B01571,8908757386939,Sunfeast Marie Light 75g,1,10.00,10.00
31/08/2026,18:05:50,B01571,8906576251407,Colgate MaxFresh 150g,1,99.00,99.00
31/08/2026,18:08:11,B01572,8907140272743,Haldiram Aloo Bhujia 42g,1,20.00,20.00
31/08/2026,18:08:11,B01572,8903379154812,Amul Butter 500g,1,295.00,295.00
31/08/2026,18:08:11,B01572,8908008397233,Pepsi Soft Drink 750ml,1,40.00,40.00
31/08/2026,18:28:57,B01573,8907194704290,Maggi Masala Noodles 70g,1,14.00,14.00
31/08/2026,18:28:57,B01573,8902473535046,Kinley Water 1L,1,20.00,20.00
31/08/2026,18:33:01,B01574,8906710455012,Vim Dishwash Gel 500ml,1,115.00,115.00
31/08/2026,18:36:03,B01575,8909567262253,Dhara Mustard Oil 1L,1,155.00,155.00
31/08/2026,18:40:43,B01576,8902550748321,Sprite Soft Drink 750ml,1,40.00,40.00
31/08/2026,18:48:25,B01577,8909023343151,Thums Up Soft Drink 750ml,1,40.00,40.00
31/08/2026,18:48:25,B01577,8908944388630,Fortune Soyabean Oil 1L,1,125.00,125.00
31/08/2026,18:51:09,B01578,8909600566041,Cadbury Gems 17g,1,10.00,10.00
31/08/2026,18:51:09,B01578,8907436422074,Bisleri Water 1L,1,20.00,20.00
31/08/2026,18:52:13,B01579,8908079489875,Everest Garam Masala 100g,1,75.00,75.00
31/08/2026,19:04:05,B01580,8906604803769,Cadbury Dairy Milk 50g,1,45.00,45.00
31/08/2026,19:05:44,B01581,8909427653757,Parle Parle-G Biscuits 70g,1,10.00,10.00
31/08/2026,19:13:36,B01582,8901193121348,India Gate Basmati Rice 1kg,1,135.00,135.00
31/08/2026,19:15:39,B01583,8905875652885,Maggi Hot & Sweet Sauce 500g,1,115.00,115.00
31/08/2026,19:22:38,B01584,8905331753835,Cadbury 5 Star 40g,1,20.00,20.00
31/08/2026,19:28:44,B01585,8901393160451,Coca-Cola Soft Drink 750ml,1,40.00,40.00
31/08/2026,19:34:12,B01586,8907637469151,Maaza Mango Drink 600ml,1,40.00,40.00
31/08/2026,19:36:11,B01587,8901018275973,Nescafe Classic Coffee 50g,1,175.00,175.00
31/08/2026,19:42:32,B01588,8904116546181,Maggi Masala Noodles 4-pack 280g,1,56.00,56.00
31/08/2026,19:43:32,B01589,8902228449239,Polo Mint Roll 28g,1,10.00,10.00
31/08/2026,19:46:21,B01590,8903632424966,Nestle KitKat 37g,1,20.00,20.00
31/08/2026,19:46:21,B01590,8903711049158,Mentos Mint Roll 29g,1,10.00,10.00
31/08/2026,19:57:13,B01591,8909501511089,Amul Taaza Milk 500ml,1,27.00,27.00
31/08/2026,19:57:13,B01591,8904921237526,Alpenliebe Candy Pack 50g,1,20.00,20.00
31/08/2026,20:00:45,B01592,8900257989146,Parle Krackjack 70g,1,10.00,10.00
31/08/2026,20:00:45,B01592,8901469251052,Dabur Red Paste 100g,1,55.00,55.00
31/08/2026,20:02:40,B01593,8904196790184,Mother Dairy Toned Milk 500ml,1,27.00,27.00
31/08/2026,20:08:46,B01594,8904196790184,Mother Dairy Toned Milk 500ml,1,27.00,27.00
31/08/2026,20:08:52,B01595,8900248761133,Britannia Good Day Cashew 75g,1,10.00,10.00
31/08/2026,20:09:30,B01596,8907197864939,Bingo Mad Angles 66g,1,20.00,20.00
31/08/2026,20:37:16,B01597,8906710455012,Vim Dishwash Gel 500ml,1,115.00,115.00
31/08/2026,20:37:16,B01597,8903277964018,Medimix Soap 125g,1,40.00,40.00
31/08/2026,20:37:36,B01598,8904233433135,Lay's Classic Salted 52g,1,20.00,20.00
31/08/2026,20:37:36,B01598,8906212271295,Clinic Plus Shampoo 175ml,1,99.00,99.00
31/08/2026,20:37:44,B01599,8908977405076,Center Fresh Chewing Gum 28g,1,10.00,10.00
31/08/2026,20:37:44,B01599,8901384274525,Yippee Magic Masala 70g,1,14.00,14.00
31/08/2026,20:49:37,B01600,8907867306226,Rin Detergent Bar 250g,1,20.00,20.00
31/08/2026,20:49:37,B01600,,LOOSE ITEM,1,10.00,10.00
31/08/2026,20:59:15,B01601,8901393160451,Coca-Cola Soft Drink 750ml,1,40.00,40.00
31/08/2026,20:59:15,B01601,,LOOSE ITEM,1,27.00,27.00
31/08/2026,20:59:15,B01601,8904921237526,Alpenliebe Candy Pack 50g,1,20.00,20.00
31/08/2026,21:28:22,B01602,8907140272743,Haldiram Aloo Bhujia 42g,1,20.00,20.00
31/08/2026,21:47:59,B01603,8901943556130,Amul Gold Milk 500ml,1,33.00,33.00
31/08/2026,21:54:49,B01604,8906604803769,Cadbury Dairy Milk 50g,1,45.00,45.00
31/08/2026,21:54:49,B01604,8908084499371,Amul Butter 100g,1,62.00,62.00
31/08/2026,22:24:30,B01605,8909534043717,Amul Masti Dahi 400g,1,45.00,45.00
31/08/2026,22:24:30,B01605,8904233433135,Lay's Classic Salted 52g,1,20.00,20.00
31/08/2026,22:34:34,B01606,8909501511089,Amul Taaza Milk 500ml,1,27.00,27.00
31/08/2026,22:34:40,B01607,8902550748321,Sprite Soft Drink 750ml,1,40.00,40.00
01/09/2026,06:02:23,B01608,8909120041196,Surf Excel Easy Wash 500g,1,68.00,68.00
01/09/2026,06:07:02,B01609,8901393160451,Coca-Cola Soft Drink 750ml,1,40.00,40.00
01/09/2026,07:03:45,B01610,8902550748321,Sprite Soft Drink 750ml,1,40.00,40.00
01/09/2026,07:03:45,B01610,8901393160451,Coca-Cola Soft Drink 750ml,1,40.00,40.00
01/09/2026,07:03:45,B01610,8907844307079,Saffola Gold Oil 1L,1,175.00,175.00
01/09/2026,07:25:26,B01611,8909427653757,Parle Parle-G Biscuits 70g,1,10.00,10.00
01/09/2026,07:39:46,B01612,8902172108503,Aashirvaad Atta 5kg,1,285.00,285.00
01/09/2026,07:39:46,B01612,8901393160451,Coca-Cola Soft Drink 750ml,1,40.00,40.00
01/09/2026,07:51:25,B01613,8904626778355,Britannia Bourbon 60g,1,10.00,10.00
01/09/2026,08:05:05,B01614,8905800014993,Bru Instant Coffee 50g,1,155.00,155.00
01/09/2026,08:07:45,B01615,8905982374540,Clinic Plus Shampoo Sachet 6ml,1,3.00,3.00
01/09/2026,08:18:15,B01616,,LOOSE ITEM,1,10.00,10.00
01/09/2026,08:18:15,B01616,8903839874342,Chik Shampoo Sachet 6ml,1,3.00,3.00
01/09/2026,08:25:10,B01617,8909534043717,Amul Masti Dahi 400g,1,45.00,45.00
01/09/2026,08:28:53,B01618,8909501511089,Amul Taaza Milk 500ml,1,27.00,27.00
01/09/2026,08:33:56,B01619,8905982374540,Clinic Plus Shampoo Sachet 6ml,1,3.00,3.00
01/09/2026,08:36:47,B01620,8903656686821,Nivea Body Lotion 200ml,1,199.00,199.00
01/09/2026,08:36:47,B01620,8908757386939,Sunfeast Marie Light 75g,1,10.00,10.00
01/09/2026,08:43:14,B01621,8904921237526,Alpenliebe Candy Pack 50g,1,20.00,20.00
01/09/2026,08:50:35,B01622,8907197864939,Bingo Mad Angles 66g,1,20.00,20.00
01/09/2026,08:50:35,B01622,8900248761133,Britannia Good Day Cashew 75g,1,10.00,10.00
01/09/2026,08:50:35,B01622,8901393160451,Coca-Cola Soft Drink 750ml,1,40.00,40.00
01/09/2026,08:58:15,B01623,8907197864939,Bingo Mad Angles 66g,1,20.00,20.00
01/09/2026,08:58:15,B01623,8908401707462,Kurkure Masala Munch 90g,1,20.00,20.00
01/09/2026,08:58:15,B01623,8902473535046,Kinley Water 1L,1,20.00,20.00
01/09/2026,08:58:43,B01624,8903632424966,Nestle KitKat 37g,1,20.00,20.00
01/09/2026,09:01:03,B01625,8901943556130,Amul Gold Milk 500ml,1,33.00,33.00
01/09/2026,09:04:20,B01626,8908084499371,Amul Butter 100g,1,62.00,62.00
01/09/2026,09:04:48,B01627,8903238955901,Wheel Detergent Powder 1kg,1,62.00,62.00
01/09/2026,09:04:48,B01627,8902234478650,Vim Dishwash Bar 300g,1,30.00,30.00
01/09/2026,09:17:32,B01628,8909600566041,Cadbury Gems 17g,1,10.00,10.00
01/09/2026,09:20:54,B01629,8908142746881,Santoor Soap 125g,1,35.00,35.00
01/09/2026,09:20:54,B01629,8905982374540,Clinic Plus Shampoo Sachet 6ml,1,3.00,3.00
01/09/2026,09:24:30,B01630,8902228449239,Polo Mint Roll 28g,1,10.00,10.00
01/09/2026,09:24:51,B01631,8908142746881,Santoor Soap 125g,1,35.00,35.00
01/09/2026,09:38:22,B01632,8905875652885,Maggi Hot & Sweet Sauce 500g,1,115.00,115.00
01/09/2026,09:38:22,B01632,8905557725456,Fortune Sunflower Oil 1L,1,135.00,135.00
01/09/2026,09:40:21,B01633,8904233433135,Lay's Classic Salted 52g,1,20.00,20.00
01/09/2026,09:40:21,B01633,8906710455012,Vim Dishwash Gel 500ml,1,115.00,115.00
01/09/2026,09:45:20,B01634,8905875652885,Maggi Hot & Sweet Sauce 500g,1,115.00,115.00
01/09/2026,09:49:04,B01635,8907194704290,Maggi Masala Noodles 70g,1,14.00,14.00
01/09/2026,10:09:40,B01636,8909136784575,Tata Salt 1kg,1,28.00,28.00
01/09/2026,10:11:20,B01637,8905331753835,Cadbury 5 Star 40g,1,20.00,20.00
01/09/2026,10:17:10,B01638,8909501511089,Amul Taaza Milk 500ml,1,27.00,27.00
01/09/2026,10:18:34,B01639,8902234478650,Vim Dishwash Bar 300g,1,30.00,30.00
01/09/2026,10:18:34,B01639,8906036439130,Cadbury Perk 35g,2,20.00,40.00
01/09/2026,10:18:38,B01640,,LOOSE ITEM,1,10.00,10.00
01/09/2026,10:29:16,B01641,8903277964018,Medimix Soap 125g,1,40.00,40.00
01/09/2026,10:35:25,B01642,8907194704290,Maggi Masala Noodles 70g,1,14.00,14.00
01/09/2026,10:41:17,B01643,8907560856516,Nestle Munch 20g,1,10.00,10.00
01/09/2026,10:41:23,B01644,8909136784575,Tata Salt 1kg,1,28.00,28.00
01/09/2026,10:41:23,B01644,8907194704290,Maggi Masala Noodles 70g,1,14.00,14.00
01/09/2026,10:41:43,B01645,8904233433135,Lay's Classic Salted 52g,2,20.00,40.00
01/09/2026,10:45:08,B01646,8904872245939,Tropicana Orange Juice 1L,1,125.00,125.00
01/09/2026,10:48:31,B01647,8901193121348,India Gate Basmati Rice 1kg,1,135.00,135.00
01/09/2026,10:54:14,B01648,8909713071128,Aashirvaad Atta 1kg,1,62.00,62.00
01/09/2026,11:02:21,B01649,8907436422074,Bisleri Water 1L,1,20.00,20.00
01/09/2026,11:05:38,B01650,8904233433135,Lay's Classic Salted 52g,1,20.00,20.00
01/09/2026,11:12:38,B01651,8902234478650,Vim Dishwash Bar 300g,1,30.00,30.00
01/09/2026,11:33:29,B01652,8907140272743,Haldiram Aloo Bhujia 42g,1,20.00,20.00
01/09/2026,11:33:29,B01652,8907436422074,Bisleri Water 1L,1,20.00,20.00
01/09/2026,11:43:54,B01653,8902228449239,Polo Mint Roll 28g,1,10.00,10.00
01/09/2026,11:43:54,B01653,,LOOSE ITEM,1,10.00,10.00
01/09/2026,11:43:54,B01653,8900257989146,Parle Krackjack 70g,1,10.00,10.00
01/09/2026,12:00:02,B01654,8906780453871,Red Label Tea 250g,1,135.00,135.00
01/09/2026,12:00:21,B01655,8909120041196,Surf Excel Easy Wash 500g,1,68.00,68.00
01/09/2026,12:00:21,B01655,8909534043717,Amul Masti Dahi 400g,1,45.00,45.00
01/09/2026,12:00:21,B01655,8907194704290,Maggi Masala Noodles 70g,1,14.00,14.00
01/09/2026,12:04:00,B01656,8904196790184,Mother Dairy Toned Milk 500ml,1,27.00,27.00
01/09/2026,12:31:58,B01657,8906604803769,Cadbury Dairy Milk 50g,1,45.00,45.00
01/09/2026,12:31:58,B01657,8909023343151,Thums Up Soft Drink 750ml,1,40.00,40.00
01/09/2026,12:57:38,B01658,8901393160451,Coca-Cola Soft Drink 750ml,1,40.00,40.00
01/09/2026,13:07:28,B01659,8909713071128,Aashirvaad Atta 1kg,1,62.00,62.00
01/09/2026,13:07:28,B01659,8900248761133,Britannia Good Day Cashew 75g,1,10.00,10.00
01/09/2026,13:13:04,B01660,8903277964018,Medimix Soap 125g,1,40.00,40.00
01/09/2026,13:55:23,B01661,8907560856516,Nestle Munch 20g,1,10.00,10.00
01/09/2026,13:59:25,B01662,8904196790184,Mother Dairy Toned Milk 500ml,1,27.00,27.00
01/09/2026,14:02:23,B01663,8905982374540,Clinic Plus Shampoo Sachet 6ml,1,3.00,3.00
01/09/2026,14:04:48,B01664,,LOOSE ITEM,1,165.00,165.00
01/09/2026,14:04:48,B01664,8907560856516,Nestle Munch 20g,1,10.00,10.00
01/09/2026,14:04:48,B01664,,LOOSE ITEM,1,115.00,115.00
01/09/2026,14:24:29,B01665,8909534043717,Amul Masti Dahi 400g,1,45.00,45.00
01/09/2026,15:13:58,B01666,8906378779086,Surf Excel Easy Wash 1kg,1,125.00,125.00
01/09/2026,15:38:35,B01667,8908008397233,Pepsi Soft Drink 750ml,1,40.00,40.00
01/09/2026,15:38:35,B01667,8907560856516,Nestle Munch 20g,1,10.00,10.00
01/09/2026,16:11:54,B01668,8905982374540,Clinic Plus Shampoo Sachet 6ml,1,3.00,3.00
01/09/2026,16:19:14,B01669,8907174824185,Madhur Sugar 1kg,1,48.00,48.00
01/09/2026,16:19:14,B01669,8906604803769,Cadbury Dairy Milk 50g,1,45.00,45.00
01/09/2026,16:19:39,B01670,8909427653757,Parle Parle-G Biscuits 70g,1,10.00,10.00
01/09/2026,16:28:42,B01671,8904626778355,Britannia Bourbon 60g,1,10.00,10.00
01/09/2026,16:28:42,B01671,8904921237526,Alpenliebe Candy Pack 50g,1,20.00,20.00
01/09/2026,16:34:07,B01672,8909120041196,Surf Excel Easy Wash 500g,1,68.00,68.00
01/09/2026,16:34:07,B01672,8908996794274,MDH Chana Masala 100g,1,75.00,75.00
01/09/2026,16:34:07,B01672,8908373852658,Closeup Red Hot 150g,1,95.00,95.00
01/09/2026,17:01:09,B01673,8903632424966,Nestle KitKat 37g,1,20.00,20.00
01/09/2026,17:09:25,B01674,8907560856516,Nestle Munch 20g,1,10.00,10.00
01/09/2026,17:09:25,B01674,8907436422074,Bisleri Water 1L,1,20.00,20.00
01/09/2026,17:10:15,B01675,8907436422074,Bisleri Water 1L,1,20.00,20.00
01/09/2026,17:10:15,B01675,8900635707409,Top Ramen Curry Noodles 70g,1,14.00,14.00
01/09/2026,17:10:15,B01675,8905982374540,Clinic Plus Shampoo Sachet 6ml,1,3.00,3.00
01/09/2026,17:26:29,B01676,8908142746881,Santoor Soap 125g,1,35.00,35.00
01/09/2026,17:26:29,B01676,8904611794537,Fair & Lovely Face Cream 50g,1,125.00,125.00
01/09/2026,17:34:23,B01677,8905982374540,Clinic Plus Shampoo Sachet 6ml,1,3.00,3.00
01/09/2026,17:38:22,B01678,8902525262388,Lifebuoy Soap 125g,1,35.00,35.00
01/09/2026,17:38:22,B01678,8904657151196,Lux Soap 100g,1,35.00,35.00
01/09/2026,17:41:52,B01679,8902473535046,Kinley Water 1L,1,20.00,20.00
01/09/2026,17:41:52,B01679,8909501511089,Amul Taaza Milk 500ml,1,27.00,27.00
01/09/2026,17:44:10,B01680,8908757386939,Sunfeast Marie Light 75g,1,10.00,10.00
01/09/2026,17:44:10,B01680,8909501511089,Amul Taaza Milk 500ml,1,27.00,27.00
01/09/2026,17:46:34,B01681,8906604803769,Cadbury Dairy Milk 50g,1,45.00,45.00
01/09/2026,17:53:55,B01682,8904611794537,Fair & Lovely Face Cream 50g,1,125.00,125.00
01/09/2026,17:59:41,B01683,8906036439130,Cadbury Perk 35g,1,20.00,20.00
01/09/2026,17:59:41,B01683,,LOOSE ITEM,1,40.00,40.00
01/09/2026,17:59:41,B01683,8907174824185,Madhur Sugar 1kg,1,48.00,48.00
01/09/2026,18:03:13,B01684,8905982374540,Clinic Plus Shampoo Sachet 6ml,1,3.00,3.00
01/09/2026,18:03:13,B01684,8908142746881,Santoor Soap 125g,1,35.00,35.00
01/09/2026,18:09:16,B01685,8909501511089,Amul Taaza Milk 500ml,1,27.00,27.00
01/09/2026,18:09:16,B01685,8906715612472,Dettol Soap 125g,1,45.00,45.00
01/09/2026,18:09:16,B01685,8908401707462,Kurkure Masala Munch 90g,1,20.00,20.00
01/09/2026,18:09:56,B01686,8904472281122,Gillette Shaving Cream 70g,1,99.00,99.00
01/09/2026,18:09:56,B01686,8902234478650,Vim Dishwash Bar 300g,1,30.00,30.00
01/09/2026,18:11:54,B01687,8904233433135,Lay's Classic Salted 52g,2,20.00,40.00
01/09/2026,18:18:38,B01688,8902550748321,Sprite Soft Drink 750ml,1,40.00,40.00
01/09/2026,18:21:42,B01689,8909136784575,Tata Salt 1kg,1,28.00,28.00
01/09/2026,18:21:42,B01689,8901393160451,Coca-Cola Soft Drink 750ml,1,40.00,40.00
01/09/2026,18:21:42,B01689,8903839874342,Chik Shampoo Sachet 6ml,1,3.00,3.00
01/09/2026,18:21:51,B01690,8907956866624,Colin Glass Cleaner 500ml,1,95.00,95.00
01/09/2026,18:29:07,B01691,8906604803769,Cadbury Dairy Milk 50g,1,45.00,45.00
01/09/2026,18:36:22,B01692,8902961762459,Sundrop Peanut Butter 200g,1,135.00,135.00
01/09/2026,18:49:08,B01693,8907867306226,Rin Detergent Bar 250g,1,20.00,20.00
01/09/2026,18:49:08,B01693,8908373852658,Closeup Red Hot 150g,1,95.00,95.00
01/09/2026,18:55:11,B01694,8904116546181,Maggi Masala Noodles 4-pack 280g,1,56.00,56.00
01/09/2026,19:00:56,B01695,8907560856516,Nestle Munch 20g,1,10.00,10.00
01/09/2026,19:07:22,B01696,8904823446491,Taj Mahal Tea 250g,1,175.00,175.00
01/09/2026,19:07:22,B01696,8906378779086,Surf Excel Easy Wash 1kg,1,125.00,125.00
01/09/2026,19:07:22,B01696,8907194704290,Maggi Masala Noodles 70g,1,14.00,14.00
01/09/2026,19:15:10,B01697,8904921237526,Alpenliebe Candy Pack 50g,1,20.00,20.00
01/09/2026,19:15:10,B01697,8901393160451,Coca-Cola Soft Drink 750ml,1,40.00,40.00
01/09/2026,19:15:39,B01698,8908757386939,Sunfeast Marie Light 75g,1,10.00,10.00
01/09/2026,19:17:12,B01699,8900349807556,Amul Cheese Slices 200g,1,145.00,145.00
01/09/2026,19:17:12,B01699,8908233620472,Good Knight Mosquito Refill 45ml,1,85.00,85.00
01/09/2026,19:27:01,B01700,8904233433135,Lay's Classic Salted 52g,1,20.00,20.00
01/09/2026,19:27:43,B01701,8900257989146,Parle Krackjack 70g,1,10.00,10.00
01/09/2026,19:29:50,B01702,8900349807556,Amul Cheese Slices 200g,1,145.00,145.00
01/09/2026,19:29:50,B01702,8907194704290,Maggi Masala Noodles 70g,1,14.00,14.00
01/09/2026,19:29:50,B01702,8905557725456,Fortune Sunflower Oil 1L,1,135.00,135.00
01/09/2026,19:31:13,B01703,8903711049158,Mentos Mint Roll 29g,1,10.00,10.00
01/09/2026,19:42:26,B01704,8903656686821,Nivea Body Lotion 200ml,1,199.00,199.00
01/09/2026,19:42:26,B01704,8905982374540,Clinic Plus Shampoo Sachet 6ml,1,3.00,3.00
01/09/2026,19:43:47,B01705,8907197864939,Bingo Mad Angles 66g,1,20.00,20.00
01/09/2026,19:43:47,B01705,8909023343151,Thums Up Soft Drink 750ml,1,40.00,40.00
01/09/2026,19:44:11,B01706,8904196790184,Mother Dairy Toned Milk 500ml,1,27.00,27.00
01/09/2026,19:53:29,B01707,8904657151196,Lux Soap 100g,1,35.00,35.00
01/09/2026,19:53:29,B01707,8909427653757,Parle Parle-G Biscuits 70g,1,10.00,10.00
01/09/2026,19:53:29,B01707,8902234478650,Vim Dishwash Bar 300g,1,30.00,30.00
01/09/2026,19:57:13,B01708,8907194704290,Maggi Masala Noodles 70g,1,14.00,14.00
01/09/2026,19:57:13,B01708,8906715612472,Dettol Soap 125g,1,45.00,45.00
01/09/2026,19:57:13,B01708,8904196790184,Mother Dairy Toned Milk 500ml,1,27.00,27.00
01/09/2026,19:57:22,B01709,8901393160451,Coca-Cola Soft Drink 750ml,1,40.00,40.00
01/09/2026,19:58:08,B01710,8907194704290,Maggi Masala Noodles 70g,1,14.00,14.00
01/09/2026,20:00:04,B01711,8907867306226,Rin Detergent Bar 250g,1,20.00,20.00
01/09/2026,20:05:16,B01712,8907194704290,Maggi Masala Noodles 70g,1,14.00,14.00
01/09/2026,20:06:45,B01713,8904116546181,Maggi Masala Noodles 4-pack 280g,1,56.00,56.00
01/09/2026,20:07:47,B01714,8904823446491,Taj Mahal Tea 250g,1,175.00,175.00
01/09/2026,20:10:11,B01715,8905982374540,Clinic Plus Shampoo Sachet 6ml,1,3.00,3.00
01/09/2026,20:16:59,B01716,8903632424966,Nestle KitKat 37g,1,20.00,20.00
01/09/2026,20:16:59,B01716,8908079489875,Everest Garam Masala 100g,1,75.00,75.00
01/09/2026,20:16:59,B01716,8903238955901,Wheel Detergent Powder 1kg,1,62.00,62.00
01/09/2026,20:18:31,B01717,8904485193979,Tide Detergent Powder 1kg,1,115.00,115.00
01/09/2026,20:19:11,B01718,8908977405076,Center Fresh Chewing Gum 28g,1,10.00,10.00
01/09/2026,20:36:45,B01719,8902234478650,Vim Dishwash Bar 300g,1,30.00,30.00
01/09/2026,20:36:45,B01719,8906036439130,Cadbury Perk 35g,1,20.00,20.00
01/09/2026,20:36:45,B01719,8903280387262,Tata Tea Gold 250g,1,145.00,145.00
01/09/2026,20:40:12,B01720,8905982374540,Clinic Plus Shampoo Sachet 6ml,1,3.00,3.00
01/09/2026,20:40:12,B01720,8906212271295,Clinic Plus Shampoo 175ml,1,99.00,99.00
01/09/2026,20:49:41,B01721,8909023343151,Thums Up Soft Drink 750ml,1,40.00,40.00
01/09/2026,20:49:41,B01721,8902525262388,Lifebuoy Soap 125g,1,35.00,35.00
01/09/2026,21:12:37,B01722,8904233433135,Lay's Classic Salted 52g,2,20.00,40.00
01/09/2026,21:24:32,B01723,8901018275973,Nescafe Classic Coffee 50g,1,175.00,175.00
01/09/2026,21:24:32,B01723,8904233433135,Lay's Classic Salted 52g,1,20.00,20.00
01/09/2026,21:24:32,B01723,8908757386939,Sunfeast Marie Light 75g,1,10.00,10.00
01/09/2026,21:27:01,B01724,8907064047854,Bournvita Health Drink 500g,1,245.00,245.00
01/09/2026,21:27:01,B01724,8909501511089,Amul Taaza Milk 500ml,1,27.00,27.00
01/09/2026,21:27:01,B01724,8905982374540,Clinic Plus Shampoo Sachet 6ml,1,3.00,3.00
01/09/2026,21:38:24,B01725,8903632424966,Nestle KitKat 37g,1,20.00,20.00
01/09/2026,21:39:27,B01726,8901393160451,Coca-Cola Soft Drink 750ml,1,40.00,40.00
01/09/2026,21:45:17,B01727,8908142746881,Santoor Soap 125g,1,35.00,35.00
01/09/2026,22:42:12,B01728,8906036439130,Cadbury Perk 35g,1,20.00,20.00
01/09/2026,22:42:12,B01728,8908401707462,Kurkure Masala Munch 90g,1,20.00,20.00
02/09/2026,06:06:49,B01729,8909501511089,Amul Taaza Milk 500ml,1,27.00,27.00
02/09/2026,06:06:49,B01729,8908977405076,Center Fresh Chewing Gum 28g,1,10.00,10.00
02/09/2026,06:06:49,B01729,8903711049158,Mentos Mint Roll 29g,1,10.00,10.00
02/09/2026,06:11:15,B01730,8907197864939,Bingo Mad Angles 66g,1,20.00,20.00
02/09/2026,06:37:40,B01731,8909501511089,Amul Taaza Milk 500ml,1,27.00,27.00
02/09/2026,07:03:21,B01732,8904176990627,Lizol Floor Cleaner 500ml,1,99.00,99.00
02/09/2026,07:03:21,B01732,8901384274525,Yippee Magic Masala 70g,1,14.00,14.00
02/09/2026,07:03:21,B01732,8904823446491,Taj Mahal Tea 250g,1,175.00,175.00
02/09/2026,07:52:41,B01733,8901943556130,Amul Gold Milk 500ml,1,33.00,33.00
02/09/2026,07:52:41,B01733,8907197864939,Bingo Mad Angles 66g,1,20.00,20.00
02/09/2026,07:52:41,B01733,8906780453871,Red Label Tea 250g,1,135.00,135.00
02/09/2026,08:00:59,B01734,,LOOSE ITEM,1,20.00,20.00
02/09/2026,08:02:06,B01735,,LOOSE ITEM,1,10.00,10.00
02/09/2026,08:02:06,B01735,8907194704290,Maggi Masala Noodles 70g,1,14.00,14.00
02/09/2026,08:07:10,B01736,8904657151196,Lux Soap 100g,1,35.00,35.00
02/09/2026,08:12:18,B01737,8905270366202,Everest Turmeric Powder 200g,1,68.00,68.00
02/09/2026,08:12:18,B01737,8909501511089,Amul Taaza Milk 500ml,1,27.00,27.00
02/09/2026,08:13:39,B01738,8902234478650,Vim Dishwash Bar 300g,1,30.00,30.00
02/09/2026,08:24:00,B01739,8907194704290,Maggi Masala Noodles 70g,1,14.00,14.00
02/09/2026,08:28:26,B01740,8909427653757,Parle Parle-G Biscuits 70g,1,10.00,10.00
02/09/2026,08:34:49,B01741,8903401125742,Frooti Mango Drink 600ml,1,40.00,40.00
02/09/2026,08:34:49,B01741,8908977405076,Center Fresh Chewing Gum 28g,1,10.00,10.00
02/09/2026,08:38:50,B01742,8904233433135,Lay's Classic Salted 52g,1,20.00,20.00
02/09/2026,08:41:27,B01743,8902550748321,Sprite Soft Drink 750ml,1,40.00,40.00
02/09/2026,08:41:27,B01743,8907197864939,Bingo Mad Angles 66g,1,20.00,20.00
02/09/2026,08:59:16,B01744,8904485193979,Tide Detergent Powder 1kg,1,115.00,115.00
02/09/2026,08:59:16,B01744,8903401125742,Frooti Mango Drink 600ml,1,40.00,40.00
02/09/2026,08:59:16,B01744,8906576251407,Colgate MaxFresh 150g,1,99.00,99.00
02/09/2026,09:05:27,B01745,8905167752002,Vaseline Body Lotion 200ml,1,185.00,185.00
02/09/2026,09:07:11,B01746,8903839874342,Chik Shampoo Sachet 6ml,1,3.00,3.00
02/09/2026,09:11:27,B01747,8907867306226,Rin Detergent Bar 250g,1,20.00,20.00
02/09/2026,09:11:27,B01747,8909534043717,Amul Masti Dahi 400g,1,45.00,45.00
02/09/2026,09:17:23,B01748,8907436422074,Bisleri Water 1L,1,20.00,20.00
02/09/2026,09:21:22,B01749,,LOOSE ITEM,1,10.00,10.00
02/09/2026,09:28:29,B01750,8903401125742,Frooti Mango Drink 600ml,1,40.00,40.00
02/09/2026,09:28:29,B01750,8904611794537,Fair & Lovely Face Cream 50g,1,125.00,125.00
02/09/2026,09:38:14,B01751,8907174824185,Madhur Sugar 1kg,1,48.00,48.00
02/09/2026,09:40:48,B01752,8903839874342,Chik Shampoo Sachet 6ml,1,3.00,3.00
02/09/2026,09:40:48,B01752,8909136784575,Tata Salt 1kg,1,28.00,28.00
02/09/2026,09:42:38,B01753,8909501511089,Amul Taaza Milk 500ml,1,27.00,27.00
02/09/2026,09:44:53,B01754,8908401707462,Kurkure Masala Munch 90g,1,20.00,20.00
02/09/2026,09:48:05,B01755,8902473535046,Kinley Water 1L,1,20.00,20.00
02/09/2026,09:51:23,B01756,8907436422074,Bisleri Water 1L,1,20.00,20.00
02/09/2026,09:54:46,B01757,8903277964018,Medimix Soap 125g,1,40.00,40.00
02/09/2026,09:54:52,B01758,8906036439130,Cadbury Perk 35g,1,20.00,20.00
02/09/2026,09:55:14,B01759,8903401125742,Frooti Mango Drink 600ml,1,40.00,40.00
02/09/2026,10:03:27,B01760,8907194704290,Maggi Masala Noodles 70g,1,14.00,14.00
02/09/2026,10:03:27,B01760,8904233433135,Lay's Classic Salted 52g,1,20.00,20.00
02/09/2026,10:14:53,B01761,8909427653757,Parle Parle-G Biscuits 70g,1,10.00,10.00
02/09/2026,10:20:39,B01762,8903839874342,Chik Shampoo Sachet 6ml,1,3.00,3.00
02/09/2026,10:22:28,B01763,8902525262388,Lifebuoy Soap 125g,1,35.00,35.00
02/09/2026,10:22:28,B01763,8909023343151,Thums Up Soft Drink 750ml,1,40.00,40.00
02/09/2026,10:22:28,B01763,8907867306226,Rin Detergent Bar 250g,1,20.00,20.00
02/09/2026,10:23:50,B01764,8907637469151,Maaza Mango Drink 600ml,1,40.00,40.00
02/09/2026,10:29:52,B01765,8903401125742,Frooti Mango Drink 600ml,1,40.00,40.00
02/09/2026,10:33:38,B01766,8906378779086,Surf Excel Easy Wash 1kg,1,125.00,125.00
02/09/2026,10:33:38,B01766,8902550748321,Sprite Soft Drink 750ml,1,40.00,40.00
02/09/2026,10:34:14,B01767,8904196790184,Mother Dairy Toned Milk 500ml,1,27.00,27.00
02/09/2026,10:40:50,B01768,8907140272743,Haldiram Aloo Bhujia 42g,1,20.00,20.00
02/09/2026,10:40:50,B01768,8903238955901,Wheel Detergent Powder 1kg,1,62.00,62.00
02/09/2026,10:54:51,B01769,8906378779086,Surf Excel Easy Wash 1kg,1,125.00,125.00
02/09/2026,10:54:51,B01769,8908944388630,Fortune Soyabean Oil 1L,1,125.00,125.00
02/09/2026,10:54:51,B01769,8908401707462,Kurkure Masala Munch 90g,1,20.00,20.00
02/09/2026,10:58:23,B01770,8907867306226,Rin Detergent Bar 250g,1,20.00,20.00
02/09/2026,10:59:24,B01771,8907197864939,Bingo Mad Angles 66g,1,20.00,20.00
02/09/2026,11:14:51,B01772,8904657151196,Lux Soap 100g,1,35.00,35.00
02/09/2026,11:14:52,B01773,8900248761133,Britannia Good Day Cashew 75g,1,10.00,10.00
02/09/2026,11:14:52,B01773,8902473535046,Kinley Water 1L,1,20.00,20.00
02/09/2026,11:16:02,B01774,8903711049158,Mentos Mint Roll 29g,1,10.00,10.00
02/09/2026,11:16:02,B01774,8906710455012,Vim Dishwash Gel 500ml,1,115.00,115.00
02/09/2026,11:22:52,B01775,8907867306226,Rin Detergent Bar 250g,1,20.00,20.00
02/09/2026,11:38:29,B01776,8901384274525,Yippee Magic Masala 70g,1,14.00,14.00
02/09/2026,11:38:29,B01776,8906710455012,Vim Dishwash Gel 500ml,1,115.00,115.00
02/09/2026,11:38:29,B01776,8905557725456,Fortune Sunflower Oil 1L,1,135.00,135.00
02/09/2026,11:50:09,B01777,8903839874342,Chik Shampoo Sachet 6ml,1,3.00,3.00
02/09/2026,11:51:41,B01778,8906212271295,Clinic Plus Shampoo 175ml,1,99.00,99.00
02/09/2026,11:52:50,B01779,8903839874342,Chik Shampoo Sachet 6ml,1,3.00,3.00
02/09/2026,11:52:50,B01779,8907194704290,Maggi Masala Noodles 70g,1,14.00,14.00
02/09/2026,12:16:22,B01780,8909501511089,Amul Taaza Milk 500ml,1,27.00,27.00
02/09/2026,12:21:10,B01781,8906780453871,Red Label Tea 250g,1,135.00,135.00
02/09/2026,12:28:55,B01782,8902234478650,Vim Dishwash Bar 300g,1,30.00,30.00
02/09/2026,12:28:55,B01782,8909202363543,Catch Red Chilli Powder 100g,1,62.00,62.00
02/09/2026,12:29:24,B01783,8900257989146,Parle Krackjack 70g,1,10.00,10.00
02/09/2026,12:31:22,B01784,8909501511089,Amul Taaza Milk 500ml,1,27.00,27.00
02/09/2026,12:32:35,B01785,8901384274525,Yippee Magic Masala 70g,1,14.00,14.00
02/09/2026,12:44:45,B01786,8900257989146,Parle Krackjack 70g,1,10.00,10.00
02/09/2026,13:41:10,B01787,8900248761133,Britannia Good Day Cashew 75g,1,10.00,10.00
02/09/2026,13:41:10,B01787,8907194704290,Maggi Masala Noodles 70g,1,14.00,14.00
02/09/2026,13:57:36,B01788,8904176990627,Lizol Floor Cleaner 500ml,1,99.00,99.00
02/09/2026,13:57:36,B01788,8903632424966,Nestle KitKat 37g,1,20.00,20.00
02/09/2026,14:09:01,B01789,8905800014993,Bru Instant Coffee 50g,1,155.00,155.00
02/09/2026,14:25:48,B01790,8900248761133,Britannia Good Day Cashew 75g,1,10.00,10.00
02/09/2026,14:25:48,B01790,8907197864939,Bingo Mad Angles 66g,1,20.00,20.00
02/09/2026,14:25:48,B01790,8907194704290,Maggi Masala Noodles 70g,1,14.00,14.00
02/09/2026,14:26:52,B01791,8900349807556,Amul Cheese Slices 200g,1,145.00,145.00
02/09/2026,14:26:52,B01791,8904611794537,Fair & Lovely Face Cream 50g,1,125.00,125.00
02/09/2026,14:58:36,B01792,8902550748321,Sprite Soft Drink 750ml,1,40.00,40.00
02/09/2026,15:01:15,B01793,8903632424966,Nestle KitKat 37g,1,20.00,20.00
02/09/2026,15:01:15,B01793,8909600566041,Cadbury Gems 17g,1,10.00,10.00
02/09/2026,15:04:02,B01794,,LOOSE ITEM,1,14.00,14.00
02/09/2026,15:15:09,B01795,8905270366202,Everest Turmeric Powder 200g,1,68.00,68.00
02/09/2026,15:15:09,B01795,8908996794274,MDH Chana Masala 100g,1,75.00,75.00
02/09/2026,15:15:09,B01795,8909427653757,Parle Parle-G Biscuits 70g,1,10.00,10.00
02/09/2026,15:50:04,B01796,8906780453871,Red Label Tea 250g,1,135.00,135.00
02/09/2026,15:50:04,B01796,8903711049158,Mentos Mint Roll 29g,1,10.00,10.00
02/09/2026,15:51:04,B01797,8906780453871,Red Label Tea 250g,1,135.00,135.00
02/09/2026,16:04:01,B01798,8907637469151,Maaza Mango Drink 600ml,1,40.00,40.00
02/09/2026,16:04:01,B01798,8904233433135,Lay's Classic Salted 52g,1,20.00,20.00
02/09/2026,16:12:27,B01799,8907844307079,Saffola Gold Oil 1L,1,175.00,175.00
02/09/2026,16:22:21,B01800,8904233433135,Lay's Classic Salted 52g,1,20.00,20.00
02/09/2026,16:22:21,B01800,8908084499371,Amul Butter 100g,1,62.00,62.00
02/09/2026,16:31:54,B01801,8903401125742,Frooti Mango Drink 600ml,1,40.00,40.00
02/09/2026,16:31:54,B01801,8908142746881,Santoor Soap 125g,1,35.00,35.00
02/09/2026,16:44:25,B01802,8903280387262,Tata Tea Gold 250g,1,145.00,145.00
02/09/2026,16:44:25,B01802,8901384274525,Yippee Magic Masala 70g,1,14.00,14.00
02/09/2026,16:48:15,B01803,8907637469151,Maaza Mango Drink 600ml,1,40.00,40.00
02/09/2026,16:48:15,B01803,8903632424966,Nestle KitKat 37g,1,20.00,20.00
02/09/2026,17:01:03,B01804,8902961762459,Sundrop Peanut Butter 200g,1,135.00,135.00
02/09/2026,17:01:21,B01805,8905982374540,Clinic Plus Shampoo Sachet 6ml,1,3.00,3.00
02/09/2026,17:01:21,B01805,8901943556130,Amul Gold Milk 500ml,2,33.00,66.00
02/09/2026,17:14:58,B01806,8909501511089,Amul Taaza Milk 500ml,1,27.00,27.00
02/09/2026,17:15:38,B01807,8901469251052,Dabur Red Paste 100g,1,55.00,55.00
02/09/2026,17:29:39,B01808,8905982374540,Clinic Plus Shampoo Sachet 6ml,1,3.00,3.00
02/09/2026,17:34:56,B01809,8904116546181,Maggi Masala Noodles 4-pack 280g,1,56.00,56.00
02/09/2026,17:43:32,B01810,8903401125742,Frooti Mango Drink 600ml,1,40.00,40.00
02/09/2026,17:47:33,B01811,8906378779086,Surf Excel Easy Wash 1kg,1,125.00,125.00
02/09/2026,17:47:33,B01811,,LOOSE ITEM,1,20.00,20.00
02/09/2026,17:52:13,B01812,8907436422074,Bisleri Water 1L,1,20.00,20.00
02/09/2026,17:55:04,B01813,8906743689880,Colgate Strong Teeth 100g,1,55.00,55.00
02/09/2026,17:55:04,B01813,8909427653757,Parle Parle-G Biscuits 70g,1,10.00,10.00
02/09/2026,18:06:11,B01814,8903711049158,Mentos Mint Roll 29g,1,10.00,10.00
02/09/2026,18:06:11,B01814,8907560856516,Nestle Munch 20g,1,10.00,10.00
02/09/2026,18:10:26,B01815,8909427653757,Parle Parle-G Biscuits 70g,1,10.00,10.00
02/09/2026,18:10:26,B01815,8900349807556,Amul Cheese Slices 200g,1,145.00,145.00
02/09/2026,18:10:26,B01815,,LOOSE ITEM,1,285.00,285.00
02/09/2026,18:10:41,B01816,8908944388630,Fortune Soyabean Oil 1L,1,125.00,125.00
02/09/2026,18:12:09,B01817,8900248761133,Britannia Good Day Cashew 75g,1,10.00,10.00
02/09/2026,18:14:30,B01818,8905331753835,Cadbury 5 Star 40g,1,20.00,20.00
02/09/2026,18:23:09,B01819,8903839874342,Chik Shampoo Sachet 6ml,1,3.00,3.00
02/09/2026,18:23:09,B01819,8904233433135,Lay's Classic Salted 52g,1,20.00,20.00
02/09/2026,18:30:19,B01820,8909023343151,Thums Up Soft Drink 750ml,1,40.00,40.00
02/09/2026,18:33:31,B01821,8905982374540,Clinic Plus Shampoo Sachet 6ml,1,3.00,3.00
02/09/2026,18:33:31,B01821,8904233433135,Lay's Classic Salted 52g,1,20.00,20.00
02/09/2026,18:40:54,B01822,8909567262253,Dhara Mustard Oil 1L,1,155.00,155.00
02/09/2026,18:43:10,B01823,8905167752002,Vaseline Body Lotion 200ml,1,185.00,185.00
02/09/2026,18:46:55,B01824,8907867306226,Rin Detergent Bar 250g,1,20.00,20.00
02/09/2026,18:49:31,B01825,8901193121348,India Gate Basmati Rice 1kg,1,135.00,135.00
02/09/2026,18:55:10,B01826,8904233433135,Lay's Classic Salted 52g,1,20.00,20.00
02/09/2026,18:55:10,B01826,8908142746881,Santoor Soap 125g,1,35.00,35.00
02/09/2026,18:57:47,B01827,8902234478650,Vim Dishwash Bar 300g,1,30.00,30.00
02/09/2026,19:07:02,B01828,8901018275973,Nescafe Classic Coffee 50g,1,175.00,175.00
02/09/2026,19:07:02,B01828,8904233433135,Lay's Classic Salted 52g,1,20.00,20.00
02/09/2026,19:07:48,B01829,8902234478650,Vim Dishwash Bar 300g,1,30.00,30.00
02/09/2026,19:07:57,B01830,8904485193979,Tide Detergent Powder 1kg,1,115.00,115.00
02/09/2026,19:07:57,B01830,8906604803769,Cadbury Dairy Milk 50g,1,45.00,45.00
02/09/2026,19:07:57,B01831,8903238955901,Wheel Detergent Powder 1kg,1,62.00,62.00
02/09/2026,19:07:57,B01831,8904657151196,Lux Soap 100g,1,35.00,35.00
02/09/2026,19:10:01,B01832,8906378779086,Surf Excel Easy Wash 1kg,1,125.00,125.00
02/09/2026,19:10:26,B01833,8905557725456,Fortune Sunflower Oil 1L,1,135.00,135.00
02/09/2026,19:36:29,B01834,8906715612472,Dettol Soap 125g,1,45.00,45.00
02/09/2026,19:36:53,B01835,8909600566041,Cadbury Gems 17g,1,10.00,10.00
02/09/2026,19:39:14,B01836,,LOOSE ITEM,1,35.00,35.00
02/09/2026,19:39:14,B01836,8900349807556,Amul Cheese Slices 200g,1,145.00,145.00
02/09/2026,19:39:14,B01836,,LOOSE ITEM,1,199.00,199.00
02/09/2026,19:43:28,B01837,,LOOSE ITEM,1,145.00,145.00
02/09/2026,19:47:28,B01838,8907064047854,Bournvita Health Drink 500g,1,245.00,245.00
02/09/2026,19:50:21,B01839,8909746434730,Kissan Tomato Ketchup 950g,1,135.00,135.00
02/09/2026,19:50:21,B01839,8907833475284,Ariel Detergent Powder 1kg,1,165.00,165.00
02/09/2026,20:06:28,B01840,8909136784575,Tata Salt 1kg,1,28.00,28.00
02/09/2026,20:06:50,B01841,8902525262388,Lifebuoy Soap 125g,1,35.00,35.00
02/09/2026,20:06:50,B01841,8902550748321,Sprite Soft Drink 750ml,1,40.00,40.00
02/09/2026,20:10:53,B01842,8906715612472,Dettol Soap 125g,1,45.00,45.00
02/09/2026,20:14:15,B01843,8909023343151,Thums Up Soft Drink 750ml,1,40.00,40.00
02/09/2026,20:22:05,B01844,8904823446491,Taj Mahal Tea 250g,1,175.00,175.00
02/09/2026,20:47:27,B01845,8904626778355,Britannia Bourbon 60g,1,10.00,10.00
02/09/2026,20:47:50,B01846,8907637469151,Maaza Mango Drink 600ml,1,40.00,40.00
02/09/2026,20:53:24,B01847,8903835745424,Harpic Toilet Cleaner 500ml,1,99.00,99.00
02/09/2026,20:53:24,B01847,8908401707462,Kurkure Masala Munch 90g,1,20.00,20.00
02/09/2026,20:53:24,B01847,8909501511089,Amul Taaza Milk 500ml,1,27.00,27.00
02/09/2026,20:54:21,B01848,8905557725456,Fortune Sunflower Oil 1L,1,135.00,135.00
02/09/2026,20:55:05,B01849,8908079489875,Everest Garam Masala 100g,1,75.00,75.00
02/09/2026,20:58:34,B01850,8906715612472,Dettol Soap 125g,1,45.00,45.00
02/09/2026,21:02:54,B01851,,LOOSE ITEM,1,28.00,28.00
02/09/2026,21:06:19,B01852,8902228449239,Polo Mint Roll 28g,1,10.00,10.00
02/09/2026,21:06:19,B01852,8908373852658,Closeup Red Hot 150g,1,95.00,95.00
02/09/2026,21:06:19,B01852,8909501511089,Amul Taaza Milk 500ml,1,27.00,27.00
02/09/2026,21:08:20,B01853,8901943556130,Amul Gold Milk 500ml,1,33.00,33.00
02/09/2026,21:27:23,B01854,8903401125742,Frooti Mango Drink 600ml,1,40.00,40.00
02/09/2026,21:57:59,B01855,8909136784575,Tata Salt 1kg,1,28.00,28.00
03/09/2026,06:05:34,B01856,8907436422074,Bisleri Water 1L,1,20.00,20.00
03/09/2026,06:27:22,B01857,8908373852658,Closeup Red Hot 150g,1,95.00,95.00
03/09/2026,06:27:22,B01857,8904116546181,Maggi Masala Noodles 4-pack 280g,1,56.00,56.00
03/09/2026,06:38:26,B01858,8908757386939,Sunfeast Marie Light 75g,1,10.00,10.00
03/09/2026,06:48:42,B01859,8904485193979,Tide Detergent Powder 1kg,1,115.00,115.00
03/09/2026,07:00:45,B01860,8904872245939,Tropicana Orange Juice 1L,1,125.00,125.00
03/09/2026,07:00:45,B01860,8902473535046,Kinley Water 1L,1,20.00,20.00
03/09/2026,07:07:07,B01861,8907436422074,Bisleri Water 1L,1,20.00,20.00
03/09/2026,07:30:49,B01862,8908401707462,Kurkure Masala Munch 90g,1,20.00,20.00
03/09/2026,07:30:49,B01862,8908079489875,Everest Garam Masala 100g,1,75.00,75.00
03/09/2026,07:30:49,B01862,8907483429934,Pepsodent Germicheck 100g,1,55.00,55.00
03/09/2026,07:32:41,B01863,8909501511089,Amul Taaza Milk 500ml,1,27.00,27.00
03/09/2026,07:32:41,B01863,8909427653757,Parle Parle-G Biscuits 70g,1,10.00,10.00
03/09/2026,07:32:41,B01863,,LOOSE ITEM,1,10.00,10.00
03/09/2026,07:47:57,B01864,8904233433135,Lay's Classic Salted 52g,1,20.00,20.00
03/09/2026,07:47:57,B01864,8904196790184,Mother Dairy Toned Milk 500ml,1,27.00,27.00
03/09/2026,08:16:17,B01865,8907844307079,Saffola Gold Oil 1L,1,175.00,175.00
03/09/2026,08:16:17,B01865,8905557725456,Fortune Sunflower Oil 1L,1,135.00,135.00
03/09/2026,08:16:17,B01865,8902473535046,Kinley Water 1L,1,20.00,20.00
03/09/2026,08:28:33,B01866,8901943556130,Amul Gold Milk 500ml,1,33.00,33.00
03/09/2026,08:28:33,B01866,8905557725456,Fortune Sunflower Oil 1L,1,135.00,135.00
03/09/2026,08:28:33,B01866,8904485193979,Tide Detergent Powder 1kg,1,115.00,115.00
03/09/2026,08:34:30,B01867,8908084499371,Amul Butter 100g,1,62.00,62.00
03/09/2026,08:34:30,B01867,8909427653757,Parle Parle-G Biscuits 70g,1,10.00,10.00
03/09/2026,08:34:30,B01867,8908401707462,Kurkure Masala Munch 90g,1,20.00,20.00
03/09/2026,08:40:11,B01868,,LOOSE ITEM,1,20.00,20.00
03/09/2026,08:40:11,B01868,8903835745424,Harpic Toilet Cleaner 500ml,1,99.00,99.00
03/09/2026,08:41:43,B01869,,LOOSE ITEM,1,10.00,10.00
03/09/2026,08:41:43,B01869,8906604803769,Cadbury Dairy Milk 50g,1,45.00,45.00
03/09/2026,08:43:29,B01870,8905557725456,Fortune Sunflower Oil 1L,1,135.00,135.00
03/09/2026,08:43:29,B01870,8904196790184,Mother Dairy Toned Milk 500ml,1,27.00,27.00
03/09/2026,08:45:42,B01871,8901690527315,Real Mixed Fruit Juice 1L,1,125.00,125.00
03/09/2026,08:56:27,B01872,8904921237526,Alpenliebe Candy Pack 50g,1,20.00,20.00
03/09/2026,09:03:41,B01873,8906036439130,Cadbury Perk 35g,1,20.00,20.00
03/09/2026,09:03:41,B01873,8901943556130,Amul Gold Milk 500ml,1,33.00,33.00
03/09/2026,09:07:34,B01874,8907844307079,Saffola Gold Oil 1L,1,175.00,175.00
03/09/2026,09:19:00,B01875,8906036439130,Cadbury Perk 35g,1,20.00,20.00
03/09/2026,09:25:27,B01876,8905982374540,Clinic Plus Shampoo Sachet 6ml,1,3.00,3.00
03/09/2026,09:40:29,B01877,8909501511089,Amul Taaza Milk 500ml,1,27.00,27.00
03/09/2026,09:40:29,B01877,8900248761133,Britannia Good Day Cashew 75g,1,10.00,10.00
03/09/2026,09:40:29,B01877,8909600566041,Cadbury Gems 17g,1,10.00,10.00
03/09/2026,09:42:23,B01878,8905331753835,Cadbury 5 Star 40g,1,20.00,20.00
03/09/2026,09:42:23,B01878,8907637469151,Maaza Mango Drink 600ml,1,40.00,40.00
03/09/2026,09:49:22,B01879,8902234478650,Vim Dishwash Bar 300g,1,30.00,30.00
03/09/2026,09:49:51,B01880,8902234478650,Vim Dishwash Bar 300g,1,30.00,30.00
03/09/2026,09:50:56,B01881,8906743689880,Colgate Strong Teeth 100g,1,55.00,55.00
03/09/2026,10:02:37,B01882,8901943556130,Amul Gold Milk 500ml,1,33.00,33.00
03/09/2026,10:09:01,B01883,8909600566041,Cadbury Gems 17g,1,10.00,10.00
03/09/2026,10:09:01,B01883,8907436422074,Bisleri Water 1L,1,20.00,20.00
03/09/2026,10:13:28,B01884,8909501511089,Amul Taaza Milk 500ml,1,27.00,27.00
03/09/2026,10:13:28,B01884,8907194704290,Maggi Masala Noodles 70g,1,14.00,14.00
03/09/2026,10:32:59,B01885,8905982374540,Clinic Plus Shampoo Sachet 6ml,1,3.00,3.00
03/09/2026,10:32:59,B01885,8909534043717,Amul Masti Dahi 400g,1,45.00,45.00
03/09/2026,10:34:07,B01886,8903280387262,Tata Tea Gold 250g,1,145.00,145.00
03/09/2026,10:36:13,B01887,8909600566041,Cadbury Gems 17g,1,10.00,10.00
03/09/2026,10:41:36,B01888,8902550748321,Sprite Soft Drink 750ml,1,40.00,40.00
03/09/2026,10:44:19,B01889,8902853532528,Daawat Rozana Rice 5kg,1,340.00,340.00
03/09/2026,10:44:19,B01889,8907637469151,Maaza Mango Drink 600ml,1,40.00,40.00
03/09/2026,10:52:19,B01890,8904233433135,Lay's Classic Salted 52g,1,20.00,20.00
03/09/2026,11:00:06,B01891,8909501511089,Amul Taaza Milk 500ml,1,27.00,27.00
03/09/2026,11:00:35,B01892,8903711049158,Mentos Mint Roll 29g,1,10.00,10.00
03/09/2026,11:07:36,B01893,8904196790184,Mother Dairy Toned Milk 500ml,1,27.00,27.00
03/09/2026,11:07:36,B01893,8901690527315,Real Mixed Fruit Juice 1L,1,125.00,125.00
03/09/2026,11:30:58,B01894,8908821415404,Dove Shampoo 180ml,1,165.00,165.00
03/09/2026,11:40:13,B01895,8909427653757,Parle Parle-G Biscuits 70g,1,10.00,10.00
03/09/2026,11:44:06,B01896,8905982374540,Clinic Plus Shampoo Sachet 6ml,1,3.00,3.00
03/09/2026,11:44:06,B01896,8906604803769,Cadbury Dairy Milk 50g,1,45.00,45.00
03/09/2026,11:46:15,B01897,8904196790184,Mother Dairy Toned Milk 500ml,1,27.00,27.00
03/09/2026,11:56:50,B01898,8900635707409,Top Ramen Curry Noodles 70g,1,14.00,14.00
03/09/2026,11:56:50,B01898,8902473535046,Kinley Water 1L,1,20.00,20.00
03/09/2026,12:00:55,B01899,8904921237526,Alpenliebe Candy Pack 50g,1,20.00,20.00
03/09/2026,12:10:39,B01900,8902234478650,Vim Dishwash Bar 300g,1,30.00,30.00
03/09/2026,12:12:49,B01901,8906036439130,Cadbury Perk 35g,1,20.00,20.00
03/09/2026,12:35:11,B01902,8906780453871,Red Label Tea 250g,1,135.00,135.00
03/09/2026,12:35:11,B01902,8909023343151,Thums Up Soft Drink 750ml,1,40.00,40.00
03/09/2026,12:39:55,B01903,8904233433135,Lay's Classic Salted 52g,1,20.00,20.00
03/09/2026,12:39:55,B01903,8908084499371,Amul Butter 100g,1,62.00,62.00
03/09/2026,12:59:34,B01904,8903632424966,Nestle KitKat 37g,1,20.00,20.00
03/09/2026,13:00:32,B01905,8904872245939,Tropicana Orange Juice 1L,1,125.00,125.00
03/09/2026,13:00:32,B01905,8902525262388,Lifebuoy Soap 125g,1,35.00,35.00
03/09/2026,13:04:22,B01906,8901469251052,Dabur Red Paste 100g,1,55.00,55.00
03/09/2026,13:04:22,B01906,8906780453871,Red Label Tea 250g,1,135.00,135.00
03/09/2026,13:21:04,B01907,8904657151196,Lux Soap 100g,1,35.00,35.00
03/09/2026,13:21:04,B01907,8905331753835,Cadbury 5 Star 40g,1,20.00,20.00
03/09/2026,13:29:18,B01908,8906036439130,Cadbury Perk 35g,1,20.00,20.00
03/09/2026,13:30:32,B01909,8908079489875,Everest Garam Masala 100g,1,75.00,75.00
03/09/2026,13:34:22,B01910,8909501511089,Amul Taaza Milk 500ml,1,27.00,27.00
03/09/2026,13:42:37,B01911,8903280387262,Tata Tea Gold 250g,1,145.00,145.00
03/09/2026,13:43:25,B01912,8909427653757,Parle Parle-G Biscuits 70g,1,10.00,10.00
03/09/2026,14:11:59,B01913,8903238955901,Wheel Detergent Powder 1kg,1,62.00,62.00
03/09/2026,14:11:59,B01913,8906715612472,Dettol Soap 125g,1,45.00,45.00
03/09/2026,15:28:36,B01914,8909120041196,Surf Excel Easy Wash 500g,1,68.00,68.00
03/09/2026,15:28:36,B01914,8902550748321,Sprite Soft Drink 750ml,1,40.00,40.00
03/09/2026,15:31:45,B01915,8908401707462,Kurkure Masala Munch 90g,1,20.00,20.00
03/09/2026,15:31:45,B01915,,LOOSE ITEM,1,35.00,35.00
03/09/2026,15:36:39,B01916,8907174824185,Madhur Sugar 1kg,1,48.00,48.00
03/09/2026,15:49:59,B01917,8907197864939,Bingo Mad Angles 66g,1,20.00,20.00
03/09/2026,16:06:59,B01918,8901018275973,Nescafe Classic Coffee 50g,1,175.00,175.00
03/09/2026,16:06:59,B01918,8904626778355,Britannia Bourbon 60g,2,10.00,20.00
03/09/2026,16:39:09,B01919,8903835745424,Harpic Toilet Cleaner 500ml,1,99.00,99.00
03/09/2026,16:46:16,B01920,8903632424966,Nestle KitKat 37g,1,20.00,20.00
03/09/2026,16:47:46,B01921,8907174824185,Madhur Sugar 1kg,1,48.00,48.00
03/09/2026,16:49:03,B01922,8907194704290,Maggi Masala Noodles 70g,1,14.00,14.00
03/09/2026,17:07:49,B01923,8908401707462,Kurkure Masala Munch 90g,1,20.00,20.00
03/09/2026,17:07:49,B01923,8908008397233,Pepsi Soft Drink 750ml,1,40.00,40.00
03/09/2026,17:18:31,B01924,8907867306226,Rin Detergent Bar 250g,1,20.00,20.00
03/09/2026,17:18:31,B01924,8908142746881,Santoor Soap 125g,1,35.00,35.00
03/09/2026,17:20:54,B01925,8909713071128,Aashirvaad Atta 1kg,1,62.00,62.00
03/09/2026,17:26:15,B01926,8908401707462,Kurkure Masala Munch 90g,1,20.00,20.00
03/09/2026,17:26:15,B01926,8907194704290,Maggi Masala Noodles 70g,1,14.00,14.00
03/09/2026,17:29:31,B01927,8907436422074,Bisleri Water 1L,1,20.00,20.00
03/09/2026,17:30:52,B01928,8903632424966,Nestle KitKat 37g,1,20.00,20.00
03/09/2026,17:32:33,B01929,8909600566041,Cadbury Gems 17g,1,10.00,10.00
03/09/2026,17:34:16,B01930,8909136784575,Tata Salt 1kg,1,28.00,28.00
03/09/2026,17:34:16,B01930,8908757386939,Sunfeast Marie Light 75g,1,10.00,10.00
03/09/2026,18:05:12,B01931,8909501511089,Amul Taaza Milk 500ml,1,27.00,27.00
03/09/2026,18:18:04,B01932,8901943556130,Amul Gold Milk 500ml,1,33.00,33.00
03/09/2026,18:18:59,B01933,8909713071128,Aashirvaad Atta 1kg,1,62.00,62.00
03/09/2026,18:18:59,B01933,8907064047854,Bournvita Health Drink 500g,1,245.00,245.00
03/09/2026,18:18:59,B01933,8909501511089,Amul Taaza Milk 500ml,1,27.00,27.00
03/09/2026,18:19:38,B01934,8905982374540,Clinic Plus Shampoo Sachet 6ml,2,3.00,6.00
03/09/2026,18:25:17,B01935,8907637469151,Maaza Mango Drink 600ml,1,40.00,40.00
03/09/2026,18:29:38,B01936,8907867306226,Rin Detergent Bar 250g,1,20.00,20.00
03/09/2026,18:34:18,B01937,8904657151196,Lux Soap 100g,1,35.00,35.00
03/09/2026,18:37:05,B01938,8902228449239,Polo Mint Roll 28g,1,10.00,10.00
03/09/2026,18:46:46,B01939,8904626778355,Britannia Bourbon 60g,1,10.00,10.00
03/09/2026,18:53:32,B01940,8907436422074,Bisleri Water 1L,1,20.00,20.00
03/09/2026,18:59:34,B01941,8906715612472,Dettol Soap 125g,1,45.00,45.00
03/09/2026,19:00:59,B01942,8907436422074,Bisleri Water 1L,1,20.00,20.00
03/09/2026,19:06:06,B01943,8907194704290,Maggi Masala Noodles 70g,1,14.00,14.00
03/09/2026,19:10:17,B01944,8905557725456,Fortune Sunflower Oil 1L,1,135.00,135.00
03/09/2026,19:13:37,B01945,8909501511089,Amul Taaza Milk 500ml,1,27.00,27.00
03/09/2026,19:13:37,B01945,8904872245939,Tropicana Orange Juice 1L,1,125.00,125.00
03/09/2026,19:15:57,B01946,8909567262253,Dhara Mustard Oil 1L,1,155.00,155.00
03/09/2026,19:15:57,B01946,8905557725456,Fortune Sunflower Oil 1L,1,135.00,135.00
03/09/2026,19:30:28,B01947,8908977405076,Center Fresh Chewing Gum 28g,1,10.00,10.00
03/09/2026,19:33:47,B01948,8904611794537,Fair & Lovely Face Cream 50g,1,125.00,125.00
03/09/2026,19:33:47,B01948,8908401707462,Kurkure Masala Munch 90g,1,20.00,20.00
03/09/2026,19:45:26,B01949,8904233433135,Lay's Classic Salted 52g,1,20.00,20.00
03/09/2026,19:46:43,B01950,8902525262388,Lifebuoy Soap 125g,1,35.00,35.00
03/09/2026,19:54:05,B01951,8908008397233,Pepsi Soft Drink 750ml,1,40.00,40.00
03/09/2026,20:02:23,B01952,8905982374540,Clinic Plus Shampoo Sachet 6ml,1,3.00,3.00
03/09/2026,20:02:46,B01953,8905982374540,Clinic Plus Shampoo Sachet 6ml,1,3.00,3.00
03/09/2026,20:25:03,B01954,8904116546181,Maggi Masala Noodles 4-pack 280g,1,56.00,56.00
03/09/2026,20:25:03,B01954,8902473535046,Kinley Water 1L,1,20.00,20.00
03/09/2026,20:30:46,B01955,8906036439130,Cadbury Perk 35g,1,20.00,20.00
03/09/2026,20:38:04,B01956,8909501511089,Amul Taaza Milk 500ml,1,27.00,27.00
03/09/2026,20:39:46,B01957,8902473535046,Kinley Water 1L,1,20.00,20.00
03/09/2026,20:41:41,B01958,8908977405076,Center Fresh Chewing Gum 28g,1,10.00,10.00
03/09/2026,20:45:46,B01959,,LOOSE ITEM,1,3.00,3.00
03/09/2026,20:49:46,B01960,8901384274525,Yippee Magic Masala 70g,1,14.00,14.00
03/09/2026,20:49:46,B01960,8905557725456,Fortune Sunflower Oil 1L,1,135.00,135.00
03/09/2026,20:52:06,B01961,8903632424966,Nestle KitKat 37g,1,20.00,20.00
03/09/2026,20:52:06,B01961,8907637469151,Maaza Mango Drink 600ml,1,40.00,40.00
03/09/2026,21:12:02,B01962,8901393160451,Coca-Cola Soft Drink 750ml,1,40.00,40.00
03/09/2026,21:13:35,B01963,8903401125742,Frooti Mango Drink 600ml,1,40.00,40.00
03/09/2026,21:14:10,B01964,8909427653757,Parle Parle-G Biscuits 70g,1,10.00,10.00
03/09/2026,21:14:10,B01964,8909136784575,Tata Salt 1kg,1,28.00,28.00
03/09/2026,21:33:05,B01965,8903277964018,Medimix Soap 125g,1,40.00,40.00
03/09/2026,21:46:05,B01966,8907174824185,Madhur Sugar 1kg,1,48.00,48.00
03/09/2026,22:02:56,B01967,8906118385591,Kissan Mixed Fruit Jam 500g,1,145.00,145.00
03/09/2026,22:02:56,B01967,8906036439130,Cadbury Perk 35g,1,20.00,20.00
04/09/2026,06:12:07,B01968,8906715612472,Dettol Soap 125g,1,45.00,45.00
04/09/2026,06:12:07,B01968,8903401125742,Frooti Mango Drink 600ml,1,40.00,40.00
04/09/2026,06:14:11,B01969,8902473535046,Kinley Water 1L,1,20.00,20.00
04/09/2026,06:20:57,B01970,8909501511089,Amul Taaza Milk 500ml,1,27.00,27.00
04/09/2026,07:05:30,B01971,8901943556130,Amul Gold Milk 500ml,1,33.00,33.00
04/09/2026,07:05:30,B01971,8907174824185,Madhur Sugar 1kg,1,48.00,48.00
04/09/2026,07:05:30,B01971,8904233433135,Lay's Classic Salted 52g,1,20.00,20.00
04/09/2026,07:12:47,B01972,8900248761133,Britannia Good Day Cashew 75g,1,10.00,10.00
04/09/2026,07:12:47,B01972,8904233433135,Lay's Classic Salted 52g,1,20.00,20.00
04/09/2026,07:40:56,B01973,,LOOSE ITEM,1,27.00,27.00
04/09/2026,07:46:31,B01974,8905331753835,Cadbury 5 Star 40g,1,20.00,20.00
04/09/2026,07:49:24,B01975,8909023343151,Thums Up Soft Drink 750ml,1,40.00,40.00
04/09/2026,07:49:24,B01975,8909136784575,Tata Salt 1kg,1,28.00,28.00
04/09/2026,07:52:53,B01976,8902525262388,Lifebuoy Soap 125g,1,35.00,35.00
04/09/2026,07:52:53,B01976,8904196790184,Mother Dairy Toned Milk 500ml,1,27.00,27.00
04/09/2026,08:02:55,B01977,8909501511089,Amul Taaza Milk 500ml,1,27.00,27.00
04/09/2026,08:10:45,B01978,8904233433135,Lay's Classic Salted 52g,1,20.00,20.00
04/09/2026,08:22:45,B01979,8908977405076,Center Fresh Chewing Gum 28g,1,10.00,10.00
04/09/2026,08:22:45,B01979,8901690527315,Real Mixed Fruit Juice 1L,1,125.00,125.00
04/09/2026,08:23:27,B01980,8902550748321,Sprite Soft Drink 750ml,1,40.00,40.00
04/09/2026,08:23:27,B01980,8905982374540,Clinic Plus Shampoo Sachet 6ml,1,3.00,3.00
04/09/2026,08:36:55,B01981,8907560856516,Nestle Munch 20g,1,10.00,10.00
04/09/2026,08:52:29,B01982,8900257989146,Parle Krackjack 70g,1,10.00,10.00
04/09/2026,08:59:38,B01983,8907194704290,Maggi Masala Noodles 70g,1,14.00,14.00
04/09/2026,09:03:33,B01984,8908401707462,Kurkure Masala Munch 90g,1,20.00,20.00
04/09/2026,09:06:34,B01985,8902228449239,Polo Mint Roll 28g,1,10.00,10.00
04/09/2026,09:06:34,B01985,8902525262388,Lifebuoy Soap 125g,1,35.00,35.00
04/09/2026,09:06:38,B01986,8902234478650,Vim Dishwash Bar 300g,1,30.00,30.00
04/09/2026,09:06:38,B01986,8901469251052,Dabur Red Paste 100g,1,55.00,55.00
04/09/2026,09:06:38,B01986,8902267109279,Tata Sampann Toor Dal 1kg,1,165.00,165.00
04/09/2026,09:12:58,B01987,8903401125742,Frooti Mango Drink 600ml,1,40.00,40.00
04/09/2026,09:14:50,B01988,8907194704290,Maggi Masala Noodles 70g,1,14.00,14.00
04/09/2026,09:18:50,B01989,8900635707409,Top Ramen Curry Noodles 70g,1,14.00,14.00
04/09/2026,09:18:50,B01989,8902228449239,Polo Mint Roll 28g,1,10.00,10.00
04/09/2026,09:26:57,B01990,8908977405076,Center Fresh Chewing Gum 28g,1,10.00,10.00
04/09/2026,09:36:26,B01991,8908084499371,Amul Butter 100g,1,62.00,62.00
04/09/2026,09:37:18,B01992,8902853532528,Daawat Rozana Rice 5kg,1,340.00,340.00
04/09/2026,09:37:18,B01992,8904233433135,Lay's Classic Salted 52g,1,20.00,20.00
04/09/2026,09:37:18,B01992,8907174824185,Madhur Sugar 1kg,1,48.00,48.00
04/09/2026,09:50:49,B01993,8907174824185,Madhur Sugar 1kg,1,48.00,48.00
04/09/2026,10:15:03,B01994,8901469251052,Dabur Red Paste 100g,1,55.00,55.00
04/09/2026,10:18:05,B01995,8907194704290,Maggi Masala Noodles 70g,1,14.00,14.00
04/09/2026,10:24:38,B01996,8903003453342,Head&Shoulders Anti-Dandruff 180ml,1,185.00,185.00
04/09/2026,10:26:48,B01997,8906378779086,Surf Excel Easy Wash 1kg,1,125.00,125.00
04/09/2026,10:28:40,B01998,8907174824185,Madhur Sugar 1kg,1,48.00,48.00
04/09/2026,10:35:55,B01999,8907197864939,Bingo Mad Angles 66g,1,20.00,20.00
04/09/2026,10:41:13,B02000,8905982374540,Clinic Plus Shampoo Sachet 6ml,1,3.00,3.00
04/09/2026,10:41:13,B02000,8907867306226,Rin Detergent Bar 250g,1,20.00,20.00
04/09/2026,10:59:13,B02001,8902525262388,Lifebuoy Soap 125g,1,35.00,35.00
04/09/2026,10:59:13,B02001,8909136784575,Tata Salt 1kg,1,28.00,28.00
04/09/2026,10:59:13,B02001,8907194704290,Maggi Masala Noodles 70g,1,14.00,14.00
04/09/2026,11:12:53,B02002,,LOOSE ITEM,1,125.00,125.00
04/09/2026,11:28:26,B02003,8905331753835,Cadbury 5 Star 40g,1,20.00,20.00
04/09/2026,11:31:24,B02004,8905982374540,Clinic Plus Shampoo Sachet 6ml,1,3.00,3.00
04/09/2026,11:31:24,B02004,8909023343151,Thums Up Soft Drink 750ml,1,40.00,40.00
04/09/2026,11:31:24,B02004,8907844307079,Saffola Gold Oil 1L,1,175.00,175.00
04/09/2026,11:37:21,B02005,8909120041196,Surf Excel Easy Wash 500g,1,68.00,68.00
04/09/2026,11:37:22,B02006,8907174824185,Madhur Sugar 1kg,1,48.00,48.00
04/09/2026,11:37:22,B02006,8905982374540,Clinic Plus Shampoo Sachet 6ml,1,3.00,3.00
04/09/2026,11:56:41,B02007,8907174824185,Madhur Sugar 1kg,1,48.00,48.00
04/09/2026,11:57:26,B02008,8908401707462,Kurkure Masala Munch 90g,1,20.00,20.00
04/09/2026,11:57:26,B02008,8909534043717,Amul Masti Dahi 400g,1,45.00,45.00
04/09/2026,12:01:24,B02009,8905982374540,Clinic Plus Shampoo Sachet 6ml,1,3.00,3.00
04/09/2026,12:01:24,B02009,8907436422074,Bisleri Water 1L,1,20.00,20.00
04/09/2026,12:15:52,B02010,8900248761133,Britannia Good Day Cashew 75g,1,10.00,10.00
04/09/2026,12:24:06,B02011,8909136784575,Tata Salt 1kg,1,28.00,28.00
04/09/2026,12:31:21,B02012,,LOOSE ITEM,1,99.00,99.00
04/09/2026,12:47:52,B02013,8904233433135,Lay's Classic Salted 52g,1,20.00,20.00
04/09/2026,12:53:29,B02014,8908401707462,Kurkure Masala Munch 90g,1,20.00,20.00
04/09/2026,12:53:29,B02014,8908977405076,Center Fresh Chewing Gum 28g,1,10.00,10.00
04/09/2026,12:57:58,B02015,8907436422074,Bisleri Water 1L,1,20.00,20.00
04/09/2026,12:57:58,B02015,8905982374540,Clinic Plus Shampoo Sachet 6ml,1,3.00,3.00
04/09/2026,13:47:08,B02016,8903711049158,Mentos Mint Roll 29g,1,10.00,10.00
04/09/2026,13:47:08,B02016,8906036439130,Cadbury Perk 35g,1,20.00,20.00
04/09/2026,13:56:14,B02017,8902473535046,Kinley Water 1L,1,20.00,20.00
04/09/2026,13:57:04,B02018,8907174824185,Madhur Sugar 1kg,1,48.00,48.00
04/09/2026,13:57:04,B02018,8903711049158,Mentos Mint Roll 29g,1,10.00,10.00
04/09/2026,13:57:04,B02018,8909023343151,Thums Up Soft Drink 750ml,1,40.00,40.00
04/09/2026,14:04:14,B02019,8907637469151,Maaza Mango Drink 600ml,1,40.00,40.00
04/09/2026,14:13:00,B02020,8903401125742,Frooti Mango Drink 600ml,1,40.00,40.00
04/09/2026,14:32:51,B02021,8908401707462,Kurkure Masala Munch 90g,1,20.00,20.00
04/09/2026,14:32:51,B02021,8901943556130,Amul Gold Milk 500ml,1,33.00,33.00
04/09/2026,14:32:51,B02021,8903401125742,Frooti Mango Drink 600ml,1,40.00,40.00
04/09/2026,14:32:53,B02022,8901384274525,Yippee Magic Masala 70g,1,14.00,14.00
04/09/2026,14:46:03,B02023,8907956866624,Colin Glass Cleaner 500ml,1,95.00,95.00
04/09/2026,14:50:49,B02024,8907637469151,Maaza Mango Drink 600ml,1,40.00,40.00
04/09/2026,14:50:49,B02024,8905557725456,Fortune Sunflower Oil 1L,1,135.00,135.00
04/09/2026,14:50:49,B02024,8902473535046,Kinley Water 1L,1,20.00,20.00
04/09/2026,15:07:47,B02025,8903839874342,Chik Shampoo Sachet 6ml,1,3.00,3.00
04/09/2026,15:33:46,B02026,8902234478650,Vim Dishwash Bar 300g,1,30.00,30.00
04/09/2026,16:05:08,B02027,8901393160451,Coca-Cola Soft Drink 750ml,1,40.00,40.00
04/09/2026,16:14:24,B02028,8906743689880,Colgate Strong Teeth 100g,1,55.00,55.00
04/09/2026,16:21:59,B02029,8901384274525,Yippee Magic Masala 70g,1,14.00,14.00
04/09/2026,16:21:59,B02029,8906036439130,Cadbury Perk 35g,1,20.00,20.00
04/09/2026,16:43:34,B02030,8903401125742,Frooti Mango Drink 600ml,1,40.00,40.00
04/09/2026,16:43:34,B02030,8905331753835,Cadbury 5 Star 40g,1,20.00,20.00
04/09/2026,16:43:34,B02030,8909713071128,Aashirvaad Atta 1kg,1,62.00,62.00
04/09/2026,16:49:39,B02031,8903632424966,Nestle KitKat 37g,1,20.00,20.00
04/09/2026,16:50:17,B02032,8907867306226,Rin Detergent Bar 250g,1,20.00,20.00
04/09/2026,17:10:53,B02033,8901943556130,Amul Gold Milk 500ml,1,33.00,33.00
04/09/2026,17:12:22,B02034,8909600566041,Cadbury Gems 17g,1,10.00,10.00
04/09/2026,17:20:03,B02035,8902473535046,Kinley Water 1L,1,20.00,20.00
04/09/2026,17:20:03,B02035,8903711049158,Mentos Mint Roll 29g,1,10.00,10.00
04/09/2026,17:23:23,B02036,8905167752002,Vaseline Body Lotion 200ml,1,185.00,185.00
04/09/2026,17:23:23,B02036,8909501511089,Amul Taaza Milk 500ml,1,27.00,27.00
04/09/2026,17:41:46,B02037,8900248761133,Britannia Good Day Cashew 75g,1,10.00,10.00
04/09/2026,17:41:46,B02037,8907194704290,Maggi Masala Noodles 70g,1,14.00,14.00
04/09/2026,17:49:39,B02038,8908079489875,Everest Garam Masala 100g,1,75.00,75.00
04/09/2026,17:49:39,B02038,8909501511089,Amul Taaza Milk 500ml,1,27.00,27.00
04/09/2026,17:49:39,B02038,8900248761133,Britannia Good Day Cashew 75g,1,10.00,10.00
04/09/2026,17:53:58,B02039,8905982374540,Clinic Plus Shampoo Sachet 6ml,1,3.00,3.00
04/09/2026,17:53:58,B02039,,LOOSE ITEM,1,20.00,20.00
04/09/2026,17:57:06,B02040,8903401125742,Frooti Mango Drink 600ml,1,40.00,40.00
04/09/2026,17:57:06,B02040,8900635707409,Top Ramen Curry Noodles 70g,1,14.00,14.00
04/09/2026,17:57:34,B02041,8904485193979,Tide Detergent Powder 1kg,1,115.00,115.00
04/09/2026,18:02:04,B02042,8906604803769,Cadbury Dairy Milk 50g,1,45.00,45.00
04/09/2026,18:02:04,B02042,8902473535046,Kinley Water 1L,1,20.00,20.00
04/09/2026,18:07:13,B02043,8905331753835,Cadbury 5 Star 40g,1,20.00,20.00
04/09/2026,18:07:13,B02043,8906604803769,Cadbury Dairy Milk 50g,1,45.00,45.00
04/09/2026,18:07:13,B02043,8901393160451,Coca-Cola Soft Drink 750ml,1,40.00,40.00
04/09/2026,18:08:15,B02044,8905982374540,Clinic Plus Shampoo Sachet 6ml,1,3.00,3.00
04/09/2026,18:08:15,B02044,8904657151196,Lux Soap 100g,1,35.00,35.00
04/09/2026,18:18:11,B02045,8907436422074,Bisleri Water 1L,1,20.00,20.00
04/09/2026,18:21:44,B02046,8906751908089,Dettol Antiseptic Liquid 125ml,1,75.00,75.00
04/09/2026,18:23:02,B02047,8908944388630,Fortune Soyabean Oil 1L,1,125.00,125.00
04/09/2026,18:28:55,B02048,8903711049158,Mentos Mint Roll 29g,1,10.00,10.00
04/09/2026,18:28:55,B02048,8905331753835,Cadbury 5 Star 40g,1,20.00,20.00
04/09/2026,18:28:55,B02048,8905982374540,Clinic Plus Shampoo Sachet 6ml,1,3.00,3.00
04/09/2026,18:30:15,B02049,8903711049158,Mentos Mint Roll 29g,1,10.00,10.00
04/09/2026,18:30:15,B02049,8906378779086,Surf Excel Easy Wash 1kg,1,125.00,125.00
04/09/2026,18:31:42,B02050,8903722609518,Horlicks Classic Malt 500g,1,255.00,255.00
04/09/2026,18:31:42,B02050,8903277964018,Medimix Soap 125g,1,40.00,40.00
04/09/2026,19:16:50,B02051,8909534043717,Amul Masti Dahi 400g,1,45.00,45.00
04/09/2026,19:16:50,B02051,8909501511089,Amul Taaza Milk 500ml,1,27.00,27.00
04/09/2026,19:17:45,B02052,8907637469151,Maaza Mango Drink 600ml,1,40.00,40.00
04/09/2026,19:18:53,B02053,8902234478650,Vim Dishwash Bar 300g,1,30.00,30.00
04/09/2026,19:23:03,B02054,8908008397233,Pepsi Soft Drink 750ml,1,40.00,40.00
04/09/2026,19:23:03,B02054,8907867306226,Rin Detergent Bar 250g,1,20.00,20.00
04/09/2026,19:29:17,B02055,8906212271295,Clinic Plus Shampoo 175ml,1,99.00,99.00
04/09/2026,19:29:17,B02055,8905331753835,Cadbury 5 Star 40g,1,20.00,20.00
04/09/2026,19:36:44,B02056,8908079489875,Everest Garam Masala 100g,1,75.00,75.00
04/09/2026,19:40:13,B02057,8905331753835,Cadbury 5 Star 40g,1,20.00,20.00
04/09/2026,19:40:13,B02057,8908008397233,Pepsi Soft Drink 750ml,1,40.00,40.00
04/09/2026,19:44:18,B02058,8909136784575,Tata Salt 1kg,1,28.00,28.00
04/09/2026,19:44:46,B02059,,LOOSE ITEM,1,20.00,20.00
04/09/2026,19:44:46,B02059,8901393160451,Coca-Cola Soft Drink 750ml,1,40.00,40.00
04/09/2026,19:46:02,B02060,8909427653757,Parle Parle-G Biscuits 70g,1,10.00,10.00
04/09/2026,19:47:53,B02061,8902473535046,Kinley Water 1L,1,20.00,20.00
04/09/2026,19:53:09,B02062,8906715612472,Dettol Soap 125g,1,45.00,45.00
04/09/2026,20:00:29,B02063,8907140272743,Haldiram Aloo Bhujia 42g,1,20.00,20.00
04/09/2026,20:15:27,B02064,8906751908089,Dettol Antiseptic Liquid 125ml,1,75.00,75.00
04/09/2026,20:15:27,B02064,8907867306226,Rin Detergent Bar 250g,1,20.00,20.00
04/09/2026,20:16:00,B02065,,LOOSE ITEM,1,35.00,35.00
04/09/2026,20:16:00,B02065,8902525262388,Lifebuoy Soap 125g,1,35.00,35.00
04/09/2026,20:19:47,B02066,8909136784575,Tata Salt 1kg,1,28.00,28.00
04/09/2026,20:23:34,B02067,8907436422074,Bisleri Water 1L,1,20.00,20.00
04/09/2026,20:41:39,B02068,8907197864939,Bingo Mad Angles 66g,1,20.00,20.00
04/09/2026,20:44:37,B02069,8903656686821,Nivea Body Lotion 200ml,1,199.00,199.00
04/09/2026,20:45:34,B02070,8904611794537,Fair & Lovely Face Cream 50g,1,125.00,125.00
04/09/2026,20:45:34,B02070,8900248761133,Britannia Good Day Cashew 75g,1,10.00,10.00
04/09/2026,20:49:06,B02071,8900248761133,Britannia Good Day Cashew 75g,1,10.00,10.00
04/09/2026,20:49:06,B02071,8907194704290,Maggi Masala Noodles 70g,1,14.00,14.00
04/09/2026,20:57:10,B02072,8907064047854,Bournvita Health Drink 500g,1,245.00,245.00
04/09/2026,21:01:54,B02073,8902961762459,Sundrop Peanut Butter 200g,1,135.00,135.00
04/09/2026,21:01:54,B02073,8907197864939,Bingo Mad Angles 66g,1,20.00,20.00
04/09/2026,21:01:54,B02073,8901393160451,Coca-Cola Soft Drink 750ml,1,40.00,40.00
04/09/2026,21:04:35,B02074,8908233620472,Good Knight Mosquito Refill 45ml,1,85.00,85.00
04/09/2026,21:04:35,B02074,8907867306226,Rin Detergent Bar 250g,1,20.00,20.00
04/09/2026,21:04:35,B02074,8909501511089,Amul Taaza Milk 500ml,1,27.00,27.00
04/09/2026,21:05:16,B02075,8907560856516,Nestle Munch 20g,1,10.00,10.00
04/09/2026,21:05:16,B02075,8902550748321,Sprite Soft Drink 750ml,1,40.00,40.00
04/09/2026,21:20:38,B02076,8904233433135,Lay's Classic Salted 52g,1,20.00,20.00
04/09/2026,21:30:57,B02077,8909136784575,Tata Salt 1kg,1,28.00,28.00
04/09/2026,21:41:16,B02078,8907236061046,All Out Mosquito Refill 45ml,1,85.00,85.00
04/09/2026,21:46:35,B02079,8908233620472,Good Knight Mosquito Refill 45ml,1,85.00,85.00
05/09/2026,06:59:20,B02080,8903280387262,Tata Tea Gold 250g,1,145.00,145.00
05/09/2026,06:59:20,B02080,8901393160451,Coca-Cola Soft Drink 750ml,1,40.00,40.00
05/09/2026,07:15:02,B02081,8906604803769,Cadbury Dairy Milk 50g,1,45.00,45.00
05/09/2026,07:15:02,B02081,8909427653757,Parle Parle-G Biscuits 70g,1,10.00,10.00
05/09/2026,07:34:50,B02082,8909534043717,Amul Masti Dahi 400g,1,45.00,45.00
05/09/2026,07:34:50,B02082,8909427653757,Parle Parle-G Biscuits 70g,1,10.00,10.00
05/09/2026,07:50:04,B02083,8907560856516,Nestle Munch 20g,1,10.00,10.00
05/09/2026,07:50:04,B02083,8906118385591,Kissan Mixed Fruit Jam 500g,1,145.00,145.00
05/09/2026,07:50:04,B02083,8902473535046,Kinley Water 1L,1,20.00,20.00
05/09/2026,07:56:41,B02084,8904196790184,Mother Dairy Toned Milk 500ml,1,27.00,27.00
05/09/2026,07:56:41,B02084,8907560856516,Nestle Munch 20g,1,10.00,10.00
05/09/2026,07:57:08,B02085,8904116546181,Maggi Masala Noodles 4-pack 280g,1,56.00,56.00
05/09/2026,07:57:08,B02085,8906604803769,Cadbury Dairy Milk 50g,1,45.00,45.00
05/09/2026,08:01:47,B02086,8907867306226,Rin Detergent Bar 250g,1,20.00,20.00
05/09/2026,08:01:47,B02086,8907194704290,Maggi Masala Noodles 70g,1,14.00,14.00
05/09/2026,08:01:47,B02086,8902234478650,Vim Dishwash Bar 300g,1,30.00,30.00
05/09/2026,08:02:35,B02087,8909427653757,Parle Parle-G Biscuits 70g,1,10.00,10.00
05/09/2026,08:24:57,B02088,8905557725456,Fortune Sunflower Oil 1L,1,135.00,135.00
05/09/2026,08:24:57,B02088,8901018275973,Nescafe Classic Coffee 50g,1,175.00,175.00
05/09/2026,08:24:57,B02088,8907197864939,Bingo Mad Angles 66g,1,20.00,20.00
05/09/2026,08:29:20,B02089,8909427653757,Parle Parle-G Biscuits 70g,1,10.00,10.00
05/09/2026,08:39:50,B02090,8904921237526,Alpenliebe Candy Pack 50g,1,20.00,20.00
05/09/2026,08:39:50,B02090,8907436422074,Bisleri Water 1L,1,20.00,20.00
05/09/2026,08:45:04,B02091,8901469251052,Dabur Red Paste 100g,1,55.00,55.00
05/09/2026,08:45:04,B02091,8909567262253,Dhara Mustard Oil 1L,1,155.00,155.00
05/09/2026,08:46:13,B02092,8905331753835,Cadbury 5 Star 40g,1,20.00,20.00
05/09/2026,08:47:55,B02093,8901943556130,Amul Gold Milk 500ml,1,33.00,33.00
05/09/2026,08:50:03,B02094,8909136784575,Tata Salt 1kg,1,28.00,28.00
05/09/2026,08:50:03,B02094,8905982374540,Clinic Plus Shampoo Sachet 6ml,1,3.00,3.00
05/09/2026,08:58:25,B02095,8907867306226,Rin Detergent Bar 250g,1,20.00,20.00
05/09/2026,09:00:11,B02096,8909501511089,Amul Taaza Milk 500ml,1,27.00,27.00
05/09/2026,09:07:24,B02097,8907436422074,Bisleri Water 1L,1,20.00,20.00
05/09/2026,09:07:49,B02098,8904176990627,Lizol Floor Cleaner 500ml,1,99.00,99.00
05/09/2026,09:09:18,B02099,8904626778355,Britannia Bourbon 60g,1,10.00,10.00
05/09/2026,09:09:18,B02099,8907174824185,Madhur Sugar 1kg,1,48.00,48.00
05/09/2026,09:09:18,B02099,8904233433135,Lay's Classic Salted 52g,1,20.00,20.00
05/09/2026,09:10:11,B02100,8905982374540,Clinic Plus Shampoo Sachet 6ml,1,3.00,3.00
05/09/2026,09:11:24,B02101,8905982374540,Clinic Plus Shampoo Sachet 6ml,1,3.00,3.00
05/09/2026,09:15:21,B02102,8909501511089,Amul Taaza Milk 500ml,1,27.00,27.00
05/09/2026,09:22:47,B02103,8909427653757,Parle Parle-G Biscuits 70g,1,10.00,10.00
05/09/2026,09:22:47,B02103,8906212271295,Clinic Plus Shampoo 175ml,1,99.00,99.00
05/09/2026,09:22:47,B02103,8909136784575,Tata Salt 1kg,1,28.00,28.00
05/09/2026,09:24:03,B02104,8906710455012,Vim Dishwash Gel 500ml,1,115.00,115.00
05/09/2026,09:24:03,B02104,8908142746881,Santoor Soap 125g,1,35.00,35.00
05/09/2026,09:34:04,B02105,8908008397233,Pepsi Soft Drink 750ml,1,40.00,40.00
05/09/2026,09:34:04,B02105,8906212271295,Clinic Plus Shampoo 175ml,1,99.00,99.00
05/09/2026,09:41:26,B02106,8909427653757,Parle Parle-G Biscuits 70g,1,10.00,10.00
05/09/2026,09:44:57,B02107,8903839874342,Chik Shampoo Sachet 6ml,1,3.00,3.00
05/09/2026,09:57:13,B02108,8907637469151,Maaza Mango Drink 600ml,1,40.00,40.00
05/09/2026,09:57:13,B02108,8901393160451,Coca-Cola Soft Drink 750ml,1,40.00,40.00
05/09/2026,09:57:52,B02109,8907637469151,Maaza Mango Drink 600ml,1,40.00,40.00
05/09/2026,09:59:23,B02110,8909120041196,Surf Excel Easy Wash 500g,1,68.00,68.00
05/09/2026,10:03:02,B02111,8903632424966,Nestle KitKat 37g,1,20.00,20.00
05/09/2026,10:23:46,B02112,8907194704290,Maggi Masala Noodles 70g,1,14.00,14.00
05/09/2026,10:24:33,B02113,8905557725456,Fortune Sunflower Oil 1L,1,135.00,135.00
05/09/2026,10:34:36,B02114,8909202363543,Catch Red Chilli Powder 100g,1,62.00,62.00
05/09/2026,10:44:04,B02115,8902234478650,Vim Dishwash Bar 300g,1,30.00,30.00
05/09/2026,10:44:24,B02116,8901943556130,Amul Gold Milk 500ml,1,33.00,33.00
05/09/2026,10:44:41,B02117,8909713071128,Aashirvaad Atta 1kg,1,62.00,62.00
05/09/2026,10:44:41,B02117,8905982374540,Clinic Plus Shampoo Sachet 6ml,1,3.00,3.00
05/09/2026,10:44:41,B02117,8908944388630,Fortune Soyabean Oil 1L,1,125.00,125.00
05/09/2026,10:51:29,B02118,8905982374540,Clinic Plus Shampoo Sachet 6ml,1,3.00,3.00
05/09/2026,10:51:44,B02119,8906715612472,Dettol Soap 125g,1,45.00,45.00
05/09/2026,10:53:09,B02120,8906036439130,Cadbury Perk 35g,1,20.00,20.00
05/09/2026,10:53:09,B02120,8907064047854,Bournvita Health Drink 500g,1,245.00,245.00
05/09/2026,11:03:54,B02121,8902525262388,Lifebuoy Soap 125g,1,35.00,35.00
05/09/2026,11:06:18,B02122,8904196790184,Mother Dairy Toned Milk 500ml,1,27.00,27.00
05/09/2026,11:06:18,B02122,8908401707462,Kurkure Masala Munch 90g,1,20.00,20.00
05/09/2026,11:07:43,B02123,8904196790184,Mother Dairy Toned Milk 500ml,1,27.00,27.00
05/09/2026,11:07:43,B02123,8909600566041,Cadbury Gems 17g,1,10.00,10.00
05/09/2026,11:10:57,B02124,8905982374540,Clinic Plus Shampoo Sachet 6ml,1,3.00,3.00
05/09/2026,11:17:23,B02125,8903401125742,Frooti Mango Drink 600ml,1,40.00,40.00
05/09/2026,11:17:50,B02126,8902550748321,Sprite Soft Drink 750ml,1,40.00,40.00
05/09/2026,11:17:50,B02126,8905331753835,Cadbury 5 Star 40g,1,20.00,20.00
05/09/2026,11:17:50,B02126,8902525262388,Lifebuoy Soap 125g,1,35.00,35.00
05/09/2026,11:39:47,B02127,8907560856516,Nestle Munch 20g,1,10.00,10.00
05/09/2026,11:39:47,B02127,8901943556130,Amul Gold Milk 500ml,1,33.00,33.00
05/09/2026,11:41:34,B02128,8909501511089,Amul Taaza Milk 500ml,1,27.00,27.00
05/09/2026,11:51:04,B02129,8904823446491,Taj Mahal Tea 250g,1,175.00,175.00
05/09/2026,12:07:51,B02130,8907197864939,Bingo Mad Angles 66g,1,20.00,20.00
05/09/2026,12:07:51,B02130,8904657151196,Lux Soap 100g,1,35.00,35.00
05/09/2026,12:07:51,B02130,8907436422074,Bisleri Water 1L,1,20.00,20.00
05/09/2026,12:10:39,B02131,8905982374540,Clinic Plus Shampoo Sachet 6ml,1,3.00,3.00
05/09/2026,12:28:39,B02132,8905331753835,Cadbury 5 Star 40g,1,20.00,20.00
05/09/2026,12:30:48,B02133,8904233433135,Lay's Classic Salted 52g,1,20.00,20.00
05/09/2026,12:30:48,B02133,8907197864939,Bingo Mad Angles 66g,1,20.00,20.00
05/09/2026,12:46:03,B02134,8907197864939,Bingo Mad Angles 66g,1,20.00,20.00
05/09/2026,12:46:03,B02134,8904485193979,Tide Detergent Powder 1kg,1,115.00,115.00
05/09/2026,13:02:46,B02135,8906780453871,Red Label Tea 250g,1,135.00,135.00
05/09/2026,13:02:46,B02135,8903839874342,Chik Shampoo Sachet 6ml,1,3.00,3.00
05/09/2026,13:11:49,B02136,8902525262388,Lifebuoy Soap 125g,1,35.00,35.00
05/09/2026,13:11:49,B02136,8907560856516,Nestle Munch 20g,1,10.00,10.00
05/09/2026,13:14:04,B02137,8900257989146,Parle Krackjack 70g,1,10.00,10.00
05/09/2026,13:14:04,B02137,8902228449239,Polo Mint Roll 28g,1,10.00,10.00
05/09/2026,13:15:11,B02138,8903656686821,Nivea Body Lotion 200ml,1,199.00,199.00
05/09/2026,13:22:15,B02139,8909600566041,Cadbury Gems 17g,1,10.00,10.00
05/09/2026,13:31:32,B02140,8905331753835,Cadbury 5 Star 40g,1,20.00,20.00
05/09/2026,13:36:08,B02141,8904233433135,Lay's Classic Salted 52g,1,20.00,20.00
05/09/2026,13:36:08,B02141,8902228449239,Polo Mint Roll 28g,1,10.00,10.00
05/09/2026,13:36:08,B02141,8905982374540,Clinic Plus Shampoo Sachet 6ml,1,3.00,3.00
05/09/2026,13:53:21,B02142,8905875652885,Maggi Hot & Sweet Sauce 500g,1,115.00,115.00
05/09/2026,13:53:21,B02142,8907867306226,Rin Detergent Bar 250g,1,20.00,20.00
05/09/2026,13:54:31,B02143,8902234478650,Vim Dishwash Bar 300g,1,30.00,30.00
05/09/2026,13:54:31,B02143,8909501511089,Amul Taaza Milk 500ml,1,27.00,27.00
05/09/2026,13:54:31,B02143,8903280387262,Tata Tea Gold 250g,1,145.00,145.00
05/09/2026,13:59:14,B02144,8906710455012,Vim Dishwash Gel 500ml,1,115.00,115.00
05/09/2026,13:59:14,B02144,8907436422074,Bisleri Water 1L,1,20.00,20.00
05/09/2026,14:10:20,B02145,8905982374540,Clinic Plus Shampoo Sachet 6ml,1,3.00,3.00
05/09/2026,14:18:43,B02146,8906743689880,Colgate Strong Teeth 100g,1,55.00,55.00
05/09/2026,14:18:43,B02146,8907194704290,Maggi Masala Noodles 70g,1,14.00,14.00
05/09/2026,14:31:11,B02147,8903277964018,Medimix Soap 125g,1,40.00,40.00
05/09/2026,14:31:11,B02147,8900248761133,Britannia Good Day Cashew 75g,1,10.00,10.00
05/09/2026,14:33:49,B02148,8903632424966,Nestle KitKat 37g,2,20.00,40.00
05/09/2026,14:33:49,B02148,8906604803769,Cadbury Dairy Milk 50g,1,45.00,45.00
05/09/2026,16:01:30,B02149,8902228449239,Polo Mint Roll 28g,1,10.00,10.00
05/09/2026,16:03:19,B02150,8904657151196,Lux Soap 100g,1,35.00,35.00
05/09/2026,16:03:45,B02151,8903839874342,Chik Shampoo Sachet 6ml,1,3.00,3.00
05/09/2026,16:10:59,B02152,8900248761133,Britannia Good Day Cashew 75g,1,10.00,10.00
05/09/2026,16:14:02,B02153,8909427653757,Parle Parle-G Biscuits 70g,1,10.00,10.00
05/09/2026,16:27:33,B02154,8908977405076,Center Fresh Chewing Gum 28g,1,10.00,10.00
05/09/2026,16:46:42,B02155,8907194704290,Maggi Masala Noodles 70g,1,14.00,14.00
05/09/2026,16:46:42,B02155,8905331753835,Cadbury 5 Star 40g,1,20.00,20.00
05/09/2026,17:00:28,B02156,8903839874342,Chik Shampoo Sachet 6ml,1,3.00,3.00
05/09/2026,17:00:28,B02156,8903632424966,Nestle KitKat 37g,1,20.00,20.00
05/09/2026,17:09:38,B02157,8903632424966,Nestle KitKat 37g,1,20.00,20.00
05/09/2026,17:26:41,B02158,8903839874342,Chik Shampoo Sachet 6ml,1,3.00,3.00
05/09/2026,17:28:32,B02159,8903656686821,Nivea Body Lotion 200ml,1,199.00,199.00
05/09/2026,17:35:11,B02160,8907560856516,Nestle Munch 20g,1,10.00,10.00
05/09/2026,17:35:11,B02160,8905982374540,Clinic Plus Shampoo Sachet 6ml,1,3.00,3.00
05/09/2026,17:35:11,B02160,8903839874342,Chik Shampoo Sachet 6ml,1,3.00,3.00
05/09/2026,17:48:04,B02161,8908996794274,MDH Chana Masala 100g,1,75.00,75.00
05/09/2026,17:51:06,B02162,8901393160451,Coca-Cola Soft Drink 750ml,1,40.00,40.00
05/09/2026,17:51:18,B02163,8908008397233,Pepsi Soft Drink 750ml,1,40.00,40.00
05/09/2026,17:52:42,B02164,8906715612472,Dettol Soap 125g,1,45.00,45.00
05/09/2026,17:52:42,B02164,8907140272743,Haldiram Aloo Bhujia 42g,1,20.00,20.00
05/09/2026,17:52:42,B02164,8906604803769,Cadbury Dairy Milk 50g,1,45.00,45.00
05/09/2026,17:53:03,B02165,8909501511089,Amul Taaza Milk 500ml,1,27.00,27.00
05/09/2026,17:56:49,B02166,8908944388630,Fortune Soyabean Oil 1L,1,125.00,125.00
05/09/2026,17:56:49,B02166,8909600566041,Cadbury Gems 17g,1,10.00,10.00
05/09/2026,17:56:49,B02166,8902228449239,Polo Mint Roll 28g,1,10.00,10.00
05/09/2026,18:04:56,B02167,8905331753835,Cadbury 5 Star 40g,1,20.00,20.00
05/09/2026,18:04:56,B02167,8908977405076,Center Fresh Chewing Gum 28g,1,10.00,10.00
05/09/2026,18:06:13,B02168,,LOOSE ITEM,1,10.00,10.00
05/09/2026,18:14:55,B02169,8903238955901,Wheel Detergent Powder 1kg,1,62.00,62.00
05/09/2026,18:21:02,B02170,8909501511089,Amul Taaza Milk 500ml,1,27.00,27.00
05/09/2026,18:21:02,B02170,8907194704290,Maggi Masala Noodles 70g,1,14.00,14.00
05/09/2026,18:26:28,B02171,8904823446491,Taj Mahal Tea 250g,1,175.00,175.00
05/09/2026,18:26:28,B02171,8908401707462,Kurkure Masala Munch 90g,1,20.00,20.00
05/09/2026,18:32:14,B02172,8903632424966,Nestle KitKat 37g,1,20.00,20.00
05/09/2026,18:42:07,B02173,8901469251052,Dabur Red Paste 100g,1,55.00,55.00
05/09/2026,18:46:46,B02174,8903401125742,Frooti Mango Drink 600ml,1,40.00,40.00
05/09/2026,18:49:28,B02175,8909202363543,Catch Red Chilli Powder 100g,1,62.00,62.00
05/09/2026,18:49:28,B02175,8901193121348,India Gate Basmati Rice 1kg,1,135.00,135.00
05/09/2026,18:54:01,B02176,8904233433135,Lay's Classic Salted 52g,1,20.00,20.00
05/09/2026,18:54:43,B02177,8908401707462,Kurkure Masala Munch 90g,1,20.00,20.00
05/09/2026,18:56:55,B02178,8907064047854,Bournvita Health Drink 500g,1,245.00,245.00
05/09/2026,18:59:27,B02179,8904626778355,Britannia Bourbon 60g,1,10.00,10.00
05/09/2026,19:01:39,B02180,8909427653757,Parle Parle-G Biscuits 70g,1,10.00,10.00
05/09/2026,19:03:06,B02181,8907867306226,Rin Detergent Bar 250g,1,20.00,20.00
05/09/2026,19:03:34,B02182,8904116546181,Maggi Masala Noodles 4-pack 280g,1,56.00,56.00
05/09/2026,19:05:04,B02183,8909120041196,Surf Excel Easy Wash 500g,1,68.00,68.00
05/09/2026,19:14:01,B02184,8907194704290,Maggi Masala Noodles 70g,1,14.00,14.00
05/09/2026,19:17:23,B02185,8907867306226,Rin Detergent Bar 250g,1,20.00,20.00
05/09/2026,19:19:20,B02186,8907436422074,Bisleri Water 1L,1,20.00,20.00
05/09/2026,19:26:23,B02187,8908008397233,Pepsi Soft Drink 750ml,1,40.00,40.00
05/09/2026,19:29:09,B02188,8905331753835,Cadbury 5 Star 40g,1,20.00,20.00
05/09/2026,19:33:44,B02189,8909023343151,Thums Up Soft Drink 750ml,1,40.00,40.00
05/09/2026,19:37:36,B02190,8904472281122,Gillette Shaving Cream 70g,1,99.00,99.00
05/09/2026,19:49:40,B02191,8903632424966,Nestle KitKat 37g,1,20.00,20.00
05/09/2026,19:49:40,B02191,8907140272743,Haldiram Aloo Bhujia 42g,1,20.00,20.00
05/09/2026,19:49:40,B02191,8906378779086,Surf Excel Easy Wash 1kg,1,125.00,125.00
05/09/2026,19:50:47,B02192,8908977405076,Center Fresh Chewing Gum 28g,1,10.00,10.00
05/09/2026,19:50:47,B02192,8907637469151,Maaza Mango Drink 600ml,1,40.00,40.00
05/09/2026,19:52:52,B02193,8903280387262,Tata Tea Gold 250g,1,145.00,145.00
05/09/2026,19:52:52,B02193,8907867306226,Rin Detergent Bar 250g,1,20.00,20.00
05/09/2026,19:58:43,B02194,8903839874342,Chik Shampoo Sachet 6ml,1,3.00,3.00
05/09/2026,20:13:29,B02195,8909713071128,Aashirvaad Atta 1kg,1,62.00,62.00
05/09/2026,20:16:16,B02196,8906715612472,Dettol Soap 125g,1,45.00,45.00
05/09/2026,20:16:16,B02196,8906780453871,Red Label Tea 250g,1,135.00,135.00
05/09/2026,20:16:16,B02196,8901393160451,Coca-Cola Soft Drink 750ml,1,40.00,40.00
05/09/2026,20:30:37,B02197,8907483429934,Pepsodent Germicheck 100g,1,55.00,55.00
05/09/2026,20:30:37,B02197,8903711049158,Mentos Mint Roll 29g,1,10.00,10.00
05/09/2026,20:39:31,B02198,8909427653757,Parle Parle-G Biscuits 70g,1,10.00,10.00
05/09/2026,20:45:45,B02199,8906780453871,Red Label Tea 250g,1,135.00,135.00
05/09/2026,20:45:45,B02199,8908944388630,Fortune Soyabean Oil 1L,1,125.00,125.00
05/09/2026,20:46:59,B02200,8907637469151,Maaza Mango Drink 600ml,1,40.00,40.00
05/09/2026,20:52:43,B02201,8907197864939,Bingo Mad Angles 66g,1,20.00,20.00
05/09/2026,20:53:38,B02202,8902473535046,Kinley Water 1L,1,20.00,20.00
05/09/2026,20:53:38,B02202,8902525262388,Lifebuoy Soap 125g,1,35.00,35.00
05/09/2026,20:53:38,B02202,8909501511089,Amul Taaza Milk 500ml,1,27.00,27.00
05/09/2026,20:54:11,B02203,8903839874342,Chik Shampoo Sachet 6ml,1,3.00,3.00
05/09/2026,20:56:51,B02204,8902550748321,Sprite Soft Drink 750ml,1,40.00,40.00
05/09/2026,21:09:05,B02205,8909501511089,Amul Taaza Milk 500ml,1,27.00,27.00
05/09/2026,21:12:46,B02206,8902525262388,Lifebuoy Soap 125g,1,35.00,35.00
05/09/2026,21:23:02,B02207,8904657151196,Lux Soap 100g,1,35.00,35.00
05/09/2026,21:23:02,B02207,8904626778355,Britannia Bourbon 60g,1,10.00,10.00
05/09/2026,21:45:41,B02208,8908944388630,Fortune Soyabean Oil 1L,1,125.00,125.00
05/09/2026,21:49:01,B02209,8901943556130,Amul Gold Milk 500ml,1,33.00,33.00
05/09/2026,21:49:01,B02209,8908008397233,Pepsi Soft Drink 750ml,1,40.00,40.00
06/09/2026,06:19:14,B02210,8909501511089,Amul Taaza Milk 500ml,1,27.00,27.00
06/09/2026,06:19:14,B02210,8907174824185,Madhur Sugar 1kg,1,48.00,48.00
06/09/2026,06:48:27,B02211,8907483429934,Pepsodent Germicheck 100g,1,55.00,55.00
06/09/2026,07:48:26,B02212,8908079489875,Everest Garam Masala 100g,1,75.00,75.00
06/09/2026,07:48:26,B02212,8902473535046,Kinley Water 1L,1,20.00,20.00
06/09/2026,07:48:26,B02212,8904657151196,Lux Soap 100g,1,35.00,35.00
06/09/2026,08:14:05,B02213,8909713071128,Aashirvaad Atta 1kg,1,62.00,62.00
06/09/2026,08:14:05,B02213,8903632424966,Nestle KitKat 37g,1,20.00,20.00
06/09/2026,08:18:33,B02214,8903379154812,Amul Butter 500g,1,295.00,295.00
06/09/2026,08:24:27,B02215,8901943556130,Amul Gold Milk 500ml,1,33.00,33.00
06/09/2026,08:24:27,B02215,8904472281122,Gillette Shaving Cream 70g,1,99.00,99.00
06/09/2026,08:26:24,B02216,8900248761133,Britannia Good Day Cashew 75g,1,10.00,10.00
06/09/2026,08:26:24,B02216,8909427653757,Parle Parle-G Biscuits 70g,1,10.00,10.00
06/09/2026,08:41:10,B02217,8909501511089,Amul Taaza Milk 500ml,1,27.00,27.00
06/09/2026,08:41:10,B02217,8904233433135,Lay's Classic Salted 52g,1,20.00,20.00
06/09/2026,08:45:36,B02218,8902473535046,Kinley Water 1L,1,20.00,20.00
06/09/2026,08:47:15,B02219,8902473535046,Kinley Water 1L,1,20.00,20.00
06/09/2026,08:52:45,B02220,8902473535046,Kinley Water 1L,1,20.00,20.00
06/09/2026,08:56:57,B02221,8905557725456,Fortune Sunflower Oil 1L,1,135.00,135.00
06/09/2026,08:56:57,B02221,8906751908089,Dettol Antiseptic Liquid 125ml,1,75.00,75.00
06/09/2026,09:00:23,B02222,8907867306226,Rin Detergent Bar 250g,1,20.00,20.00
06/09/2026,09:01:54,B02223,8908142746881,Santoor Soap 125g,1,35.00,35.00
06/09/2026,09:13:43,B02224,8907436422074,Bisleri Water 1L,1,20.00,20.00
06/09/2026,09:13:43,B02224,8903379154812,Amul Butter 500g,1,295.00,295.00
06/09/2026,09:24:07,B02225,8903632424966,Nestle KitKat 37g,1,20.00,20.00
06/09/2026,09:24:07,B02225,8904196790184,Mother Dairy Toned Milk 500ml,1,27.00,27.00
06/09/2026,09:25:05,B02226,8909567262253,Dhara Mustard Oil 1L,1,155.00,155.00
06/09/2026,09:25:05,B02226,,LOOSE ITEM,1,20.00,20.00
06/09/2026,09:25:05,B02226,8902234478650,Vim Dishwash Bar 300g,1,30.00,30.00
06/09/2026,09:25:24,B02227,8906780453871,Red Label Tea 250g,1,135.00,135.00
06/09/2026,09:29:21,B02228,8904921237526,Alpenliebe Candy Pack 50g,1,20.00,20.00
06/09/2026,09:39:29,B02229,,LOOSE ITEM,1,27.00,27.00
06/09/2026,09:40:20,B02230,8907560856516,Nestle Munch 20g,1,10.00,10.00
06/09/2026,09:55:06,B02231,8906715612472,Dettol Soap 125g,1,45.00,45.00
06/09/2026,09:58:23,B02232,8908142746881,Santoor Soap 125g,1,35.00,35.00
06/09/2026,09:58:23,B02232,8905982374540,Clinic Plus Shampoo Sachet 6ml,1,3.00,3.00
06/09/2026,10:00:46,B02233,8909501511089,Amul Taaza Milk 500ml,1,27.00,27.00
06/09/2026,10:17:55,B02234,8906378779086,Surf Excel Easy Wash 1kg,1,125.00,125.00
06/09/2026,10:18:40,B02235,8903839874342,Chik Shampoo Sachet 6ml,1,3.00,3.00
06/09/2026,10:36:02,B02236,8900257989146,Parle Krackjack 70g,1,10.00,10.00
06/09/2026,10:50:02,B02237,8900257989146,Parle Krackjack 70g,1,10.00,10.00
06/09/2026,10:50:02,B02237,8909136784575,Tata Salt 1kg,1,28.00,28.00
06/09/2026,10:51:22,B02238,8903401125742,Frooti Mango Drink 600ml,1,40.00,40.00
06/09/2026,10:51:22,B02238,8903839874342,Chik Shampoo Sachet 6ml,1,3.00,3.00
06/09/2026,10:51:22,B02238,8909600566041,Cadbury Gems 17g,1,10.00,10.00
06/09/2026,11:06:32,B02239,8909427653757,Parle Parle-G Biscuits 70g,1,10.00,10.00
06/09/2026,11:06:47,B02240,8909600566041,Cadbury Gems 17g,1,10.00,10.00
06/09/2026,11:06:47,B02240,8906780453871,Red Label Tea 250g,1,135.00,135.00
06/09/2026,11:06:47,B02240,8908084499371,Amul Butter 100g,1,62.00,62.00
06/09/2026,11:06:50,B02241,8906604803769,Cadbury Dairy Milk 50g,1,45.00,45.00
06/09/2026,11:18:41,B02242,,LOOSE ITEM,1,85.00,85.00
06/09/2026,11:35:12,B02243,8907140272743,Haldiram Aloo Bhujia 42g,1,20.00,20.00
06/09/2026,11:37:51,B02244,8909746434730,Kissan Tomato Ketchup 950g,1,135.00,135.00
06/09/2026,11:40:40,B02245,8906036439130,Cadbury Perk 35g,1,20.00,20.00
06/09/2026,12:22:43,B02246,8903401125742,Frooti Mango Drink 600ml,1,40.00,40.00
06/09/2026,12:22:43,B02246,8904611794537,Fair & Lovely Face Cream 50g,1,125.00,125.00
06/09/2026,12:22:43,B02246,8907560856516,Nestle Munch 20g,1,10.00,10.00
06/09/2026,12:42:13,B02247,8903722609518,Horlicks Classic Malt 500g,1,255.00,255.00
06/09/2026,12:50:08,B02248,8907867306226,Rin Detergent Bar 250g,1,20.00,20.00
06/09/2026,12:50:08,B02248,8901943556130,Amul Gold Milk 500ml,1,33.00,33.00
06/09/2026,12:50:08,B02248,8901393160451,Coca-Cola Soft Drink 750ml,1,40.00,40.00
06/09/2026,13:08:32,B02249,8904233433135,Lay's Classic Salted 52g,1,20.00,20.00
06/09/2026,13:12:39,B02250,8909600566041,Cadbury Gems 17g,1,10.00,10.00
06/09/2026,13:26:40,B02251,8909427653757,Parle Parle-G Biscuits 70g,2,10.00,20.00
06/09/2026,13:26:40,B02251,8905331753835,Cadbury 5 Star 40g,1,20.00,20.00
06/09/2026,13:29:24,B02252,8903379154812,Amul Butter 500g,1,295.00,295.00
06/09/2026,13:53:23,B02253,8909501511089,Amul Taaza Milk 500ml,1,27.00,27.00
06/09/2026,15:10:45,B02254,8906604803769,Cadbury Dairy Milk 50g,1,45.00,45.00
06/09/2026,15:10:45,B02254,8909501511089,Amul Taaza Milk 500ml,1,27.00,27.00
06/09/2026,15:15:54,B02255,8902234478650,Vim Dishwash Bar 300g,1,30.00,30.00
06/09/2026,15:32:02,B02256,8901384274525,Yippee Magic Masala 70g,1,14.00,14.00
06/09/2026,15:41:36,B02257,8903839874342,Chik Shampoo Sachet 6ml,1,3.00,3.00
06/09/2026,16:00:02,B02258,8904196790184,Mother Dairy Toned Milk 500ml,1,27.00,27.00
06/09/2026,16:05:42,B02259,8909427653757,Parle Parle-G Biscuits 70g,1,10.00,10.00
06/09/2026,16:15:10,B02260,8903003453342,Head&Shoulders Anti-Dandruff 180ml,1,185.00,185.00
06/09/2026,16:15:10,B02260,,LOOSE ITEM,1,14.00,14.00
06/09/2026,16:56:05,B02261,8904626778355,Britannia Bourbon 60g,1,10.00,10.00
06/09/2026,17:00:41,B02262,8903277964018,Medimix Soap 125g,1,40.00,40.00
06/09/2026,17:02:41,B02263,8903238955901,Wheel Detergent Powder 1kg,1,62.00,62.00
06/09/2026,17:08:36,B02264,8909427653757,Parle Parle-G Biscuits 70g,1,10.00,10.00
06/09/2026,17:10:58,B02265,8908401707462,Kurkure Masala Munch 90g,1,20.00,20.00
06/09/2026,17:16:40,B02266,8903238955901,Wheel Detergent Powder 1kg,1,62.00,62.00
06/09/2026,17:16:40,B02266,8909501511089,Amul Taaza Milk 500ml,1,27.00,27.00
06/09/2026,17:16:40,B02266,8902473535046,Kinley Water 1L,1,20.00,20.00
06/09/2026,17:20:03,B02267,8902853532528,Daawat Rozana Rice 5kg,1,340.00,340.00
06/09/2026,17:37:21,B02268,8904233433135,Lay's Classic Salted 52g,1,20.00,20.00
06/09/2026,17:40:47,B02269,8901393160451,Coca-Cola Soft Drink 750ml,1,40.00,40.00
06/09/2026,17:54:36,B02270,8908401707462,Kurkure Masala Munch 90g,1,20.00,20.00
06/09/2026,17:58:32,B02271,8907560856516,Nestle Munch 20g,1,10.00,10.00
06/09/2026,17:58:32,B02271,8906743689880,Colgate Strong Teeth 100g,1,55.00,55.00
06/09/2026,18:11:26,B02272,8904611794537,Fair & Lovely Face Cream 50g,1,125.00,125.00
06/09/2026,18:12:40,B02273,8908079489875,Everest Garam Masala 100g,1,75.00,75.00
06/09/2026,18:15:14,B02274,8902228449239,Polo Mint Roll 28g,1,10.00,10.00
06/09/2026,18:17:05,B02275,8904233433135,Lay's Classic Salted 52g,1,20.00,20.00
06/09/2026,18:17:05,B02275,8902473535046,Kinley Water 1L,1,20.00,20.00
06/09/2026,18:17:05,B02275,8906715612472,Dettol Soap 125g,1,45.00,45.00
06/09/2026,18:20:58,B02276,8906780453871,Red Label Tea 250g,1,135.00,135.00
06/09/2026,18:20:58,B02276,8903238955901,Wheel Detergent Powder 1kg,1,62.00,62.00
06/09/2026,18:20:58,B02276,8906212271295,Clinic Plus Shampoo 175ml,1,99.00,99.00
06/09/2026,18:22:06,B02277,8902550748321,Sprite Soft Drink 750ml,1,40.00,40.00
06/09/2026,18:23:04,B02278,8904233433135,Lay's Classic Salted 52g,1,20.00,20.00
06/09/2026,18:23:44,B02279,8900248761133,Britannia Good Day Cashew 75g,1,10.00,10.00
06/09/2026,18:23:44,B02279,8909427653757,Parle Parle-G Biscuits 70g,1,10.00,10.00
06/09/2026,18:23:44,B02279,8907174824185,Madhur Sugar 1kg,1,48.00,48.00
06/09/2026,18:35:48,B02280,8909600566041,Cadbury Gems 17g,1,10.00,10.00
06/09/2026,18:36:45,B02281,8904626778355,Britannia Bourbon 60g,1,10.00,10.00
06/09/2026,18:37:21,B02282,8903632424966,Nestle KitKat 37g,1,20.00,20.00
06/09/2026,18:51:30,B02283,8908977405076,Center Fresh Chewing Gum 28g,1,10.00,10.00
06/09/2026,18:52:59,B02284,8903632424966,Nestle KitKat 37g,1,20.00,20.00
06/09/2026,18:52:59,B02284,8906576251407,Colgate MaxFresh 150g,1,99.00,99.00
06/09/2026,18:52:59,B02284,8907174824185,Madhur Sugar 1kg,1,48.00,48.00
06/09/2026,18:57:02,B02285,8902525262388,Lifebuoy Soap 125g,1,35.00,35.00
06/09/2026,18:57:02,B02285,8907637469151,Maaza Mango Drink 600ml,1,40.00,40.00
06/09/2026,18:57:02,B02285,8900248761133,Britannia Good Day Cashew 75g,1,10.00,10.00
06/09/2026,19:01:57,B02286,8905800014993,Bru Instant Coffee 50g,1,155.00,155.00
06/09/2026,19:12:10,B02287,8903632424966,Nestle KitKat 37g,1,20.00,20.00
06/09/2026,19:20:23,B02288,8903401125742,Frooti Mango Drink 600ml,1,40.00,40.00
06/09/2026,19:20:23,B02288,8903711049158,Mentos Mint Roll 29g,1,10.00,10.00
06/09/2026,19:20:23,B02288,8902234478650,Vim Dishwash Bar 300g,1,30.00,30.00
06/09/2026,19:22:32,B02289,8902267109279,Tata Sampann Toor Dal 1kg,1,165.00,165.00
06/09/2026,19:22:47,B02290,8906715612472,Dettol Soap 125g,1,45.00,45.00
06/09/2026,19:25:39,B02291,8902550748321,Sprite Soft Drink 750ml,1,40.00,40.00
06/09/2026,19:26:05,B02292,8902550748321,Sprite Soft Drink 750ml,1,40.00,40.00
06/09/2026,19:26:32,B02293,8902234478650,Vim Dishwash Bar 300g,1,30.00,30.00
06/09/2026,19:26:32,B02293,8909600566041,Cadbury Gems 17g,1,10.00,10.00
06/09/2026,19:26:32,B02293,8907197864939,Bingo Mad Angles 66g,1,20.00,20.00
06/09/2026,19:28:13,B02294,8909501511089,Amul Taaza Milk 500ml,1,27.00,27.00
06/09/2026,19:38:41,B02295,8902228449239,Polo Mint Roll 28g,1,10.00,10.00
06/09/2026,19:38:56,B02296,8907194704290,Maggi Masala Noodles 70g,1,14.00,14.00
06/09/2026,19:42:21,B02297,8901943556130,Amul Gold Milk 500ml,1,33.00,33.00
06/09/2026,19:43:55,B02298,8906743689880,Colgate Strong Teeth 100g,1,55.00,55.00
06/09/2026,19:43:55,B02298,8908142746881,Santoor Soap 125g,1,35.00,35.00
06/09/2026,19:43:55,B02298,8906576251407,Colgate MaxFresh 150g,1,99.00,99.00
06/09/2026,19:51:51,B02299,8909501511089,Amul Taaza Milk 500ml,1,27.00,27.00
06/09/2026,19:54:59,B02300,8908233620472,Good Knight Mosquito Refill 45ml,1,85.00,85.00
06/09/2026,19:56:33,B02301,8905982374540,Clinic Plus Shampoo Sachet 6ml,1,3.00,3.00
06/09/2026,19:56:33,B02301,8909120041196,Surf Excel Easy Wash 500g,1,68.00,68.00
06/09/2026,20:00:28,B02302,8902525262388,Lifebuoy Soap 125g,1,35.00,35.00
06/09/2026,20:02:31,B02303,8907436422074,Bisleri Water 1L,1,20.00,20.00
06/09/2026,20:04:07,B02304,8909501511089,Amul Taaza Milk 500ml,1,27.00,27.00
06/09/2026,20:16:27,B02305,8907867306226,Rin Detergent Bar 250g,1,20.00,20.00
06/09/2026,20:22:35,B02306,8909427653757,Parle Parle-G Biscuits 70g,1,10.00,10.00
06/09/2026,20:22:35,B02306,8907560856516,Nestle Munch 20g,1,10.00,10.00
06/09/2026,20:26:30,B02307,8901943556130,Amul Gold Milk 500ml,1,33.00,33.00
06/09/2026,20:26:30,B02307,8902267109279,Tata Sampann Toor Dal 1kg,1,165.00,165.00
06/09/2026,20:26:30,B02307,8903835745424,Harpic Toilet Cleaner 500ml,1,99.00,99.00
06/09/2026,20:38:41,B02308,8901393160451,Coca-Cola Soft Drink 750ml,1,40.00,40.00
06/09/2026,20:38:50,B02309,8907637469151,Maaza Mango Drink 600ml,1,40.00,40.00
06/09/2026,20:53:15,B02310,8906036439130,Cadbury Perk 35g,1,20.00,20.00
06/09/2026,20:56:33,B02311,8909600566041,Cadbury Gems 17g,1,10.00,10.00
06/09/2026,20:56:33,B02311,8909534043717,Amul Masti Dahi 400g,1,45.00,45.00
06/09/2026,20:57:19,B02312,8905982374540,Clinic Plus Shampoo Sachet 6ml,1,3.00,3.00
06/09/2026,20:58:06,B02313,8900635707409,Top Ramen Curry Noodles 70g,1,14.00,14.00
06/09/2026,21:01:32,B02314,8909501511089,Amul Taaza Milk 500ml,1,27.00,27.00
06/09/2026,21:14:57,B02315,8905800014993,Bru Instant Coffee 50g,1,155.00,155.00
06/09/2026,21:14:57,B02315,8902473535046,Kinley Water 1L,1,20.00,20.00
06/09/2026,21:17:19,B02316,8902961762459,Sundrop Peanut Butter 200g,1,135.00,135.00
06/09/2026,21:17:19,B02316,8903632424966,Nestle KitKat 37g,1,20.00,20.00
06/09/2026,21:17:33,B02317,8909501511089,Amul Taaza Milk 500ml,1,27.00,27.00
06/09/2026,21:17:33,B02317,8903632424966,Nestle KitKat 37g,1,20.00,20.00
06/09/2026,21:23:22,B02318,8900248761133,Britannia Good Day Cashew 75g,1,10.00,10.00
06/09/2026,21:27:35,B02319,8902172108503,Aashirvaad Atta 5kg,1,285.00,285.00
06/09/2026,21:27:35,B02319,8907197864939,Bingo Mad Angles 66g,1,20.00,20.00
06/09/2026,21:28:13,B02320,8906604803769,Cadbury Dairy Milk 50g,1,45.00,45.00
06/09/2026,21:33:28,B02321,8905331753835,Cadbury 5 Star 40g,1,20.00,20.00
06/09/2026,21:35:39,B02322,8907867306226,Rin Detergent Bar 250g,1,20.00,20.00
06/09/2026,21:39:14,B02323,8902234478650,Vim Dishwash Bar 300g,1,30.00,30.00
06/09/2026,21:41:45,B02324,8908977405076,Center Fresh Chewing Gum 28g,1,10.00,10.00
06/09/2026,22:28:11,B02325,8900248761133,Britannia Good Day Cashew 75g,1,10.00,10.00
06/09/2026,22:28:11,B02325,8906378779086,Surf Excel Easy Wash 1kg,1,125.00,125.00
06/09/2026,22:28:11,B02325,8907174824185,Madhur Sugar 1kg,1,48.00,48.00
06/09/2026,22:35:56,B02326,8905982374540,Clinic Plus Shampoo Sachet 6ml,1,3.00,3.00
06/09/2026,22:35:56,B02326,8905270366202,Everest Turmeric Powder 200g,1,68.00,68.00
07/09/2026,07:57:45,B02327,8907637469151,Maaza Mango Drink 600ml,1,40.00,40.00
07/09/2026,08:00:35,B02328,8907194704290,Maggi Masala Noodles 70g,1,14.00,14.00
07/09/2026,08:01:41,B02329,8908401707462,Kurkure Masala Munch 90g,1,20.00,20.00
07/09/2026,08:01:41,B02329,8909136784575,Tata Salt 1kg,1,28.00,28.00
07/09/2026,08:06:48,B02330,8906715612472,Dettol Soap 125g,1,45.00,45.00
07/09/2026,08:06:48,B02330,8904872245939,Tropicana Orange Juice 1L,1,125.00,125.00
07/09/2026,08:09:18,B02331,8906036439130,Cadbury Perk 35g,1,20.00,20.00
07/09/2026,08:09:18,B02331,8905167752002,Vaseline Body Lotion 200ml,1,185.00,185.00
07/09/2026,08:09:18,B02331,8907560856516,Nestle Munch 20g,1,10.00,10.00
07/09/2026,08:33:26,B02332,8905167752002,Vaseline Body Lotion 200ml,1,185.00,185.00
07/09/2026,08:33:26,B02332,8903280387262,Tata Tea Gold 250g,1,145.00,145.00
07/09/2026,08:33:41,B02333,,LOOSE ITEM,1,40.00,40.00
07/09/2026,08:33:41,B02333,8902172108503,Aashirvaad Atta 5kg,1,285.00,285.00
07/09/2026,08:33:41,B02333,8905331753835,Cadbury 5 Star 40g,1,20.00,20.00
07/09/2026,08:44:36,B02334,8904196790184,Mother Dairy Toned Milk 500ml,1,27.00,27.00
07/09/2026,08:44:36,B02334,8909427653757,Parle Parle-G Biscuits 70g,1,10.00,10.00
07/09/2026,08:48:25,B02335,8905331753835,Cadbury 5 Star 40g,1,20.00,20.00
07/09/2026,08:52:32,B02336,8908977405076,Center Fresh Chewing Gum 28g,1,10.00,10.00
07/09/2026,08:57:43,B02337,8903839874342,Chik Shampoo Sachet 6ml,1,3.00,3.00
07/09/2026,09:11:23,B02338,8907956866624,Colin Glass Cleaner 500ml,1,95.00,95.00
07/09/2026,09:18:10,B02339,8900248761133,Britannia Good Day Cashew 75g,1,10.00,10.00
07/09/2026,09:18:10,B02339,8901393160451,Coca-Cola Soft Drink 750ml,1,40.00,40.00
07/09/2026,09:19:55,B02340,8909600566041,Cadbury Gems 17g,1,10.00,10.00
07/09/2026,09:27:06,B02341,8909427653757,Parle Parle-G Biscuits 70g,1,10.00,10.00
07/09/2026,09:27:29,B02342,8908757386939,Sunfeast Marie Light 75g,1,10.00,10.00
07/09/2026,09:31:10,B02343,8909023343151,Thums Up Soft Drink 750ml,1,40.00,40.00
07/09/2026,09:32:54,B02344,8903839874342,Chik Shampoo Sachet 6ml,1,3.00,3.00
07/09/2026,09:49:50,B02345,8909023343151,Thums Up Soft Drink 750ml,1,40.00,40.00
07/09/2026,10:01:59,B02346,8904485193979,Tide Detergent Powder 1kg,1,115.00,115.00
07/09/2026,10:06:48,B02347,8904116546181,Maggi Masala Noodles 4-pack 280g,1,56.00,56.00
07/09/2026,10:14:49,B02348,8907194704290,Maggi Masala Noodles 70g,1,14.00,14.00
07/09/2026,10:39:35,B02349,8904233433135,Lay's Classic Salted 52g,1,20.00,20.00
07/09/2026,10:39:35,B02349,8901393160451,Coca-Cola Soft Drink 750ml,1,40.00,40.00
07/09/2026,10:47:09,B02350,8909600566041,Cadbury Gems 17g,1,10.00,10.00
07/09/2026,10:47:09,B02350,8903238955901,Wheel Detergent Powder 1kg,1,62.00,62.00
07/09/2026,10:47:09,B02350,8905982374540,Clinic Plus Shampoo Sachet 6ml,1,3.00,3.00
07/09/2026,10:52:43,B02351,8908008397233,Pepsi Soft Drink 750ml,1,40.00,40.00
07/09/2026,10:55:39,B02352,8908977405076,Center Fresh Chewing Gum 28g,1,10.00,10.00
07/09/2026,11:02:04,B02353,8907197864939,Bingo Mad Angles 66g,1,20.00,20.00
07/09/2026,11:04:23,B02354,8908008397233,Pepsi Soft Drink 750ml,1,40.00,40.00
07/09/2026,11:04:53,B02355,8904485193979,Tide Detergent Powder 1kg,1,115.00,115.00
07/09/2026,11:04:53,B02355,8900257989146,Parle Krackjack 70g,1,10.00,10.00
07/09/2026,11:22:02,B02356,8909120041196,Surf Excel Easy Wash 500g,1,68.00,68.00
07/09/2026,11:52:55,B02357,8903711049158,Mentos Mint Roll 29g,1,10.00,10.00
07/09/2026,11:52:55,B02357,8906378779086,Surf Excel Easy Wash 1kg,1,125.00,125.00
07/09/2026,11:52:55,B02357,,LOOSE ITEM,1,35.00,35.00
07/09/2026,11:55:15,B02358,8901943556130,Amul Gold Milk 500ml,1,33.00,33.00
07/09/2026,12:06:46,B02359,8908977405076,Center Fresh Chewing Gum 28g,1,10.00,10.00
07/09/2026,12:06:46,B02359,8907436422074,Bisleri Water 1L,1,20.00,20.00
07/09/2026,12:09:31,B02360,8909600566041,Cadbury Gems 17g,1,10.00,10.00
07/09/2026,12:12:32,B02361,8907174824185,Madhur Sugar 1kg,1,48.00,48.00
07/09/2026,12:13:32,B02362,8908142746881,Santoor Soap 125g,1,35.00,35.00
07/09/2026,12:18:45,B02363,8909136784575,Tata Salt 1kg,1,28.00,28.00
07/09/2026,12:18:45,B02363,8903632424966,Nestle KitKat 37g,1,20.00,20.00
07/09/2026,12:18:53,B02364,8904196790184,Mother Dairy Toned Milk 500ml,1,27.00,27.00
07/09/2026,12:49:55,B02365,8908401707462,Kurkure Masala Munch 90g,1,20.00,20.00
07/09/2026,12:54:28,B02366,8902550748321,Sprite Soft Drink 750ml,1,40.00,40.00
07/09/2026,13:02:17,B02367,,LOOSE ITEM,1,40.00,40.00
07/09/2026,13:26:12,B02368,8907194704290,Maggi Masala Noodles 70g,1,14.00,14.00
07/09/2026,13:26:12,B02368,8900248761133,Britannia Good Day Cashew 75g,1,10.00,10.00
07/09/2026,13:28:14,B02369,8908401707462,Kurkure Masala Munch 90g,1,20.00,20.00
07/09/2026,13:28:14,B02369,8901393160451,Coca-Cola Soft Drink 750ml,1,40.00,40.00
07/09/2026,13:28:14,B02369,8909534043717,Amul Masti Dahi 400g,1,45.00,45.00
07/09/2026,13:35:44,B02370,8903839874342,Chik Shampoo Sachet 6ml,1,3.00,3.00
07/09/2026,14:13:23,B02371,8902550748321,Sprite Soft Drink 750ml,1,40.00,40.00
07/09/2026,14:13:23,B02371,8903379154812,Amul Butter 500g,1,295.00,295.00
07/09/2026,14:41:05,B02372,8902473535046,Kinley Water 1L,1,20.00,20.00
07/09/2026,14:42:38,B02373,8903839874342,Chik Shampoo Sachet 6ml,1,3.00,3.00
07/09/2026,14:48:31,B02374,8909567262253,Dhara Mustard Oil 1L,1,155.00,155.00
07/09/2026,14:48:31,B02374,8908401707462,Kurkure Masala Munch 90g,1,20.00,20.00
07/09/2026,16:08:41,B02375,8909600566041,Cadbury Gems 17g,1,10.00,10.00
07/09/2026,16:18:04,B02376,8909501511089,Amul Taaza Milk 500ml,1,27.00,27.00
07/09/2026,16:18:04,B02376,8906604803769,Cadbury Dairy Milk 50g,1,45.00,45.00
07/09/2026,16:32:42,B02377,8908977405076,Center Fresh Chewing Gum 28g,1,10.00,10.00
07/09/2026,16:33:24,B02378,,LOOSE ITEM,1,20.00,20.00
07/09/2026,16:33:24,B02378,8901193121348,India Gate Basmati Rice 1kg,1,135.00,135.00
07/09/2026,16:42:15,B02379,8903656686821,Nivea Body Lotion 200ml,1,199.00,199.00
07/09/2026,16:59:06,B02380,8906715612472,Dettol Soap 125g,1,45.00,45.00
07/09/2026,17:09:23,B02381,8908084499371,Amul Butter 100g,1,62.00,62.00
07/09/2026,17:14:13,B02382,8903839874342,Chik Shampoo Sachet 6ml,1,3.00,3.00
07/09/2026,17:14:13,B02382,8909501511089,Amul Taaza Milk 500ml,1,27.00,27.00
07/09/2026,17:19:07,B02383,8902473535046,Kinley Water 1L,1,20.00,20.00
07/09/2026,17:19:46,B02384,8903839874342,Chik Shampoo Sachet 6ml,1,3.00,3.00
07/09/2026,17:19:46,B02384,8907236061046,All Out Mosquito Refill 45ml,1,85.00,85.00
07/09/2026,17:31:36,B02385,8901943556130,Amul Gold Milk 500ml,1,33.00,33.00
07/09/2026,17:35:12,B02386,8902172108503,Aashirvaad Atta 5kg,1,285.00,285.00
07/09/2026,17:56:44,B02387,8908233620472,Good Knight Mosquito Refill 45ml,1,85.00,85.00
07/09/2026,17:56:44,B02387,8903277964018,Medimix Soap 125g,1,40.00,40.00
07/09/2026,17:56:44,B02387,8908401707462,Kurkure Masala Munch 90g,1,20.00,20.00
07/09/2026,18:05:18,B02388,8909501511089,Amul Taaza Milk 500ml,1,27.00,27.00
07/09/2026,18:14:24,B02389,8909023343151,Thums Up Soft Drink 750ml,1,40.00,40.00
07/09/2026,18:14:24,B02389,8902234478650,Vim Dishwash Bar 300g,1,30.00,30.00
07/09/2026,18:23:57,B02390,8909427653757,Parle Parle-G Biscuits 70g,1,10.00,10.00
07/09/2026,18:23:57,B02390,8903632424966,Nestle KitKat 37g,1,20.00,20.00
07/09/2026,18:23:57,B02390,8904611794537,Fair & Lovely Face Cream 50g,1,125.00,125.00
07/09/2026,18:25:03,B02391,8906743689880,Colgate Strong Teeth 100g,1,55.00,55.00
07/09/2026,18:25:11,B02392,8909600566041,Cadbury Gems 17g,1,10.00,10.00
07/09/2026,18:31:44,B02393,8906710455012,Vim Dishwash Gel 500ml,1,115.00,115.00
07/09/2026,18:33:02,B02394,8907436422074,Bisleri Water 1L,1,20.00,20.00
07/09/2026,18:33:02,B02394,8905982374540,Clinic Plus Shampoo Sachet 6ml,1,3.00,3.00
07/09/2026,18:34:25,B02395,8901384274525,Yippee Magic Masala 70g,1,14.00,14.00
07/09/2026,18:37:25,B02396,8903839874342,Chik Shampoo Sachet 6ml,1,3.00,3.00
07/09/2026,18:40:18,B02397,8909427653757,Parle Parle-G Biscuits 70g,1,10.00,10.00
07/09/2026,18:50:10,B02398,8908079489875,Everest Garam Masala 100g,1,75.00,75.00
07/09/2026,18:50:10,B02398,8908977405076,Center Fresh Chewing Gum 28g,1,10.00,10.00
07/09/2026,18:59:35,B02399,8909427653757,Parle Parle-G Biscuits 70g,1,10.00,10.00
07/09/2026,19:01:02,B02400,8902172108503,Aashirvaad Atta 5kg,1,285.00,285.00
07/09/2026,19:04:16,B02401,8906604803769,Cadbury Dairy Milk 50g,1,45.00,45.00
07/09/2026,19:07:02,B02402,8908233620472,Good Knight Mosquito Refill 45ml,1,85.00,85.00
07/09/2026,19:09:00,B02403,8907197864939,Bingo Mad Angles 66g,1,20.00,20.00
07/09/2026,19:09:00,B02403,8907174824185,Madhur Sugar 1kg,1,48.00,48.00
07/09/2026,19:09:00,B02403,8909713071128,Aashirvaad Atta 1kg,1,62.00,62.00
07/09/2026,19:14:10,B02404,8909427653757,Parle Parle-G Biscuits 70g,1,10.00,10.00
07/09/2026,19:14:10,B02404,8900248761133,Britannia Good Day Cashew 75g,1,10.00,10.00
07/09/2026,19:25:02,B02405,8902525262388,Lifebuoy Soap 125g,1,35.00,35.00
07/09/2026,19:25:02,B02405,8906780453871,Red Label Tea 250g,1,135.00,135.00
07/09/2026,19:30:08,B02406,8905982374540,Clinic Plus Shampoo Sachet 6ml,1,3.00,3.00
07/09/2026,19:30:51,B02407,8904657151196,Lux Soap 100g,1,35.00,35.00
07/09/2026,19:31:52,B02408,8907174824185,Madhur Sugar 1kg,1,48.00,48.00
07/09/2026,19:42:13,B02409,8902234478650,Vim Dishwash Bar 300g,1,30.00,30.00
07/09/2026,19:42:13,B02409,,LOOSE ITEM,1,175.00,175.00
07/09/2026,19:46:02,B02410,8901393160451,Coca-Cola Soft Drink 750ml,1,40.00,40.00
07/09/2026,19:47:13,B02411,8902525262388,Lifebuoy Soap 125g,1,35.00,35.00
07/09/2026,19:53:18,B02412,8907194704290,Maggi Masala Noodles 70g,1,14.00,14.00
07/09/2026,19:53:18,B02412,8909136784575,Tata Salt 1kg,1,28.00,28.00
07/09/2026,20:04:07,B02413,8904233433135,Lay's Classic Salted 52g,1,20.00,20.00
07/09/2026,20:04:38,B02414,8904196790184,Mother Dairy Toned Milk 500ml,1,27.00,27.00
07/09/2026,20:04:38,B02414,8908401707462,Kurkure Masala Munch 90g,1,20.00,20.00
07/09/2026,20:10:15,B02415,8908401707462,Kurkure Masala Munch 90g,1,20.00,20.00
07/09/2026,20:10:15,B02415,8908008397233,Pepsi Soft Drink 750ml,1,40.00,40.00
07/09/2026,20:10:15,B02415,8909120041196,Surf Excel Easy Wash 500g,1,68.00,68.00
07/09/2026,20:17:54,B02416,8900257989146,Parle Krackjack 70g,1,10.00,10.00
07/09/2026,20:22:31,B02417,8907436422074,Bisleri Water 1L,1,20.00,20.00
07/09/2026,20:32:41,B02418,8909501511089,Amul Taaza Milk 500ml,1,27.00,27.00
07/09/2026,20:32:41,B02418,8907197864939,Bingo Mad Angles 66g,1,20.00,20.00
07/09/2026,20:32:41,B02418,8909534043717,Amul Masti Dahi 400g,1,45.00,45.00
07/09/2026,20:33:24,B02419,8905331753835,Cadbury 5 Star 40g,1,20.00,20.00
07/09/2026,20:50:16,B02420,8905331753835,Cadbury 5 Star 40g,1,20.00,20.00
07/09/2026,20:57:11,B02421,8906743689880,Colgate Strong Teeth 100g,1,55.00,55.00
07/09/2026,21:04:50,B02422,8907436422074,Bisleri Water 1L,1,20.00,20.00
07/09/2026,21:04:50,B02422,8909023343151,Thums Up Soft Drink 750ml,1,40.00,40.00
07/09/2026,21:12:35,B02423,8907867306226,Rin Detergent Bar 250g,1,20.00,20.00
07/09/2026,21:12:35,B02423,8908944388630,Fortune Soyabean Oil 1L,1,125.00,125.00
07/09/2026,21:15:09,B02424,8901469251052,Dabur Red Paste 100g,1,55.00,55.00
07/09/2026,21:40:13,B02425,8908401707462,Kurkure Masala Munch 90g,1,20.00,20.00
07/09/2026,21:40:13,B02425,8901943556130,Amul Gold Milk 500ml,1,33.00,33.00
07/09/2026,21:48:10,B02426,8902234478650,Vim Dishwash Bar 300g,1,30.00,30.00
07/09/2026,21:48:10,B02426,8909427653757,Parle Parle-G Biscuits 70g,1,10.00,10.00
08/09/2026,06:15:10,B02427,8902550748321,Sprite Soft Drink 750ml,1,40.00,40.00
08/09/2026,06:35:39,B02428,8906604803769,Cadbury Dairy Milk 50g,1,45.00,45.00
08/09/2026,06:40:20,B02429,8908401707462,Kurkure Masala Munch 90g,1,20.00,20.00
08/09/2026,06:40:20,B02429,8902473535046,Kinley Water 1L,1,20.00,20.00
08/09/2026,06:47:45,B02430,8904196790184,Mother Dairy Toned Milk 500ml,1,27.00,27.00
08/09/2026,06:47:45,B02430,8906576251407,Colgate MaxFresh 150g,1,99.00,99.00
08/09/2026,07:15:04,B02431,8909427653757,Parle Parle-G Biscuits 70g,1,10.00,10.00
08/09/2026,07:17:26,B02432,8908996794274,MDH Chana Masala 100g,1,75.00,75.00
08/09/2026,07:17:31,B02433,8904233433135,Lay's Classic Salted 52g,1,20.00,20.00
08/09/2026,07:45:09,B02434,8908401707462,Kurkure Masala Munch 90g,1,20.00,20.00
08/09/2026,07:45:09,B02434,8907174824185,Madhur Sugar 1kg,1,48.00,48.00
08/09/2026,08:00:09,B02435,8908977405076,Center Fresh Chewing Gum 28g,1,10.00,10.00
08/09/2026,08:05:00,B02436,8907174824185,Madhur Sugar 1kg,1,48.00,48.00
08/09/2026,08:11:01,B02437,8903839874342,Chik Shampoo Sachet 6ml,1,3.00,3.00
08/09/2026,08:11:01,B02437,8907197864939,Bingo Mad Angles 66g,1,20.00,20.00
08/09/2026,08:16:46,B02438,,LOOSE ITEM,1,20.00,20.00
08/09/2026,08:16:46,B02438,8907483429934,Pepsodent Germicheck 100g,1,55.00,55.00
08/09/2026,08:36:36,B02439,8905270366202,Everest Turmeric Powder 200g,1,68.00,68.00
08/09/2026,08:36:36,B02439,8904611794537,Fair & Lovely Face Cream 50g,1,125.00,125.00
08/09/2026,08:50:32,B02440,8904116546181,Maggi Masala Noodles 4-pack 280g,1,56.00,56.00
08/09/2026,08:54:40,B02441,8909501511089,Amul Taaza Milk 500ml,1,27.00,27.00
08/09/2026,08:55:32,B02442,8903839874342,Chik Shampoo Sachet 6ml,1,3.00,3.00
08/09/2026,08:55:32,B02442,8907483429934,Pepsodent Germicheck 100g,1,55.00,55.00
08/09/2026,09:02:30,B02443,8909534043717,Amul Masti Dahi 400g,1,45.00,45.00
08/09/2026,09:02:30,B02443,8909120041196,Surf Excel Easy Wash 500g,1,68.00,68.00
08/09/2026,09:06:03,B02444,8907867306226,Rin Detergent Bar 250g,1,20.00,20.00
08/09/2026,09:12:05,B02445,8909136784575,Tata Salt 1kg,1,28.00,28.00
08/09/2026,09:15:47,B02446,8904921237526,Alpenliebe Candy Pack 50g,1,20.00,20.00
08/09/2026,09:15:47,B02446,8907174824185,Madhur Sugar 1kg,1,48.00,48.00
08/09/2026,09:16:43,B02447,8908084499371,Amul Butter 100g,1,62.00,62.00
08/09/2026,09:16:43,B02447,8908142746881,Santoor Soap 125g,1,35.00,35.00
08/09/2026,09:16:43,B02447,8905800014993,Bru Instant Coffee 50g,1,155.00,155.00
08/09/2026,09:19:57,B02448,8907174824185,Madhur Sugar 1kg,1,48.00,48.00
08/09/2026,09:23:29,B02449,8909534043717,Amul Masti Dahi 400g,1,45.00,45.00
08/09/2026,09:26:29,B02450,8907436422074,Bisleri Water 1L,1,20.00,20.00
08/09/2026,09:42:22,B02451,8901943556130,Amul Gold Milk 500ml,1,33.00,33.00
08/09/2026,10:02:55,B02452,8902550748321,Sprite Soft Drink 750ml,1,40.00,40.00
08/09/2026,10:02:55,B02452,8902525262388,Lifebuoy Soap 125g,1,35.00,35.00
08/09/2026,10:02:55,B02452,8906604803769,Cadbury Dairy Milk 50g,1,45.00,45.00
08/09/2026,10:04:01,B02453,8900248761133,Britannia Good Day Cashew 75g,1,10.00,10.00
08/09/2026,10:04:01,B02453,8902172108503,Aashirvaad Atta 5kg,1,285.00,285.00
08/09/2026,10:37:11,B02454,8909427653757,Parle Parle-G Biscuits 70g,1,10.00,10.00
08/09/2026,10:37:11,B02454,8907867306226,Rin Detergent Bar 250g,1,20.00,20.00
08/09/2026,10:37:11,B02454,8905982374540,Clinic Plus Shampoo Sachet 6ml,1,3.00,3.00
08/09/2026,10:47:22,B02455,8906751908089,Dettol Antiseptic Liquid 125ml,1,75.00,75.00
08/09/2026,10:47:22,B02455,8909713071128,Aashirvaad Atta 1kg,1,62.00,62.00
08/09/2026,10:47:22,B02455,8904626778355,Britannia Bourbon 60g,1,10.00,10.00
08/09/2026,11:21:18,B02456,8901393160451,Coca-Cola Soft Drink 750ml,1,40.00,40.00
08/09/2026,11:41:27,B02457,8901393160451,Coca-Cola Soft Drink 750ml,1,40.00,40.00
08/09/2026,12:01:26,B02458,8903632424966,Nestle KitKat 37g,1,20.00,20.00
08/09/2026,12:01:26,B02458,8908757386939,Sunfeast Marie Light 75g,1,10.00,10.00
08/09/2026,12:05:56,B02459,8901193121348,India Gate Basmati Rice 1kg,1,135.00,135.00
08/09/2026,12:05:56,B02459,8906715612472,Dettol Soap 125g,1,45.00,45.00
08/09/2026,12:18:23,B02460,8905982374540,Clinic Plus Shampoo Sachet 6ml,1,3.00,3.00
08/09/2026,12:38:37,B02461,8905982374540,Clinic Plus Shampoo Sachet 6ml,1,3.00,3.00
08/09/2026,12:38:37,B02461,8907436422074,Bisleri Water 1L,1,20.00,20.00
08/09/2026,12:38:37,B02461,8904626778355,Britannia Bourbon 60g,1,10.00,10.00
08/09/2026,12:44:11,B02462,8909136784575,Tata Salt 1kg,1,28.00,28.00
08/09/2026,13:45:09,B02463,8903280387262,Tata Tea Gold 250g,1,145.00,145.00
08/09/2026,14:02:34,B02464,8902234478650,Vim Dishwash Bar 300g,1,30.00,30.00
08/09/2026,14:33:38,B02465,8907637469151,Maaza Mango Drink 600ml,1,40.00,40.00
08/09/2026,14:35:53,B02466,8903839874342,Chik Shampoo Sachet 6ml,1,3.00,3.00
08/09/2026,14:35:53,B02466,8907833475284,Ariel Detergent Powder 1kg,1,165.00,165.00
08/09/2026,15:01:24,B02467,8909427653757,Parle Parle-G Biscuits 70g,1,10.00,10.00
08/09/2026,15:21:39,B02468,8904233433135,Lay's Classic Salted 52g,1,20.00,20.00
08/09/2026,15:44:55,B02469,8909427653757,Parle Parle-G Biscuits 70g,1,10.00,10.00
08/09/2026,15:49:06,B02470,8904872245939,Tropicana Orange Juice 1L,1,125.00,125.00
08/09/2026,16:08:39,B02471,8902234478650,Vim Dishwash Bar 300g,1,30.00,30.00
08/09/2026,16:18:51,B02472,8902234478650,Vim Dishwash Bar 300g,1,30.00,30.00
08/09/2026,16:22:32,B02473,8905331753835,Cadbury 5 Star 40g,1,20.00,20.00
08/09/2026,16:47:32,B02474,8908193642644,Nestle Milkmaid 400g,1,145.00,145.00
08/09/2026,16:48:11,B02475,8900635707409,Top Ramen Curry Noodles 70g,1,14.00,14.00
08/09/2026,17:03:55,B02476,8903277964018,Medimix Soap 125g,1,40.00,40.00
08/09/2026,17:03:55,B02476,8906036439130,Cadbury Perk 35g,1,20.00,20.00
08/09/2026,17:03:55,B02476,8903839874342,Chik Shampoo Sachet 6ml,1,3.00,3.00
08/09/2026,17:07:38,B02477,8907867306226,Rin Detergent Bar 250g,1,20.00,20.00
08/09/2026,17:07:38,B02477,8902473535046,Kinley Water 1L,1,20.00,20.00
08/09/2026,17:16:39,B02478,8908193642644,Nestle Milkmaid 400g,1,145.00,145.00
08/09/2026,17:17:21,B02479,8901943556130,Amul Gold Milk 500ml,1,33.00,33.00
08/09/2026,17:25:05,B02480,8905982374540,Clinic Plus Shampoo Sachet 6ml,1,3.00,3.00
08/09/2026,17:25:05,B02480,8904657151196,Lux Soap 100g,1,35.00,35.00
08/09/2026,17:25:24,B02481,8905331753835,Cadbury 5 Star 40g,1,20.00,20.00
08/09/2026,17:25:24,B02481,8904921237526,Alpenliebe Candy Pack 50g,1,20.00,20.00
08/09/2026,17:34:42,B02482,8907637469151,Maaza Mango Drink 600ml,1,40.00,40.00
08/09/2026,17:34:42,B02482,8906036439130,Cadbury Perk 35g,1,20.00,20.00
08/09/2026,17:45:24,B02483,8907194704290,Maggi Masala Noodles 70g,1,14.00,14.00
08/09/2026,17:45:24,B02483,8908977405076,Center Fresh Chewing Gum 28g,1,10.00,10.00
08/09/2026,17:45:24,B02483,8902473535046,Kinley Water 1L,1,20.00,20.00
08/09/2026,17:51:42,B02484,8907867306226,Rin Detergent Bar 250g,1,20.00,20.00
08/09/2026,17:51:42,B02484,8907194704290,Maggi Masala Noodles 70g,1,14.00,14.00
08/09/2026,18:01:34,B02485,8905982374540,Clinic Plus Shampoo Sachet 6ml,1,3.00,3.00
08/09/2026,18:02:21,B02486,8908233620472,Good Knight Mosquito Refill 45ml,1,85.00,85.00
08/09/2026,18:10:11,B02487,8907197864939,Bingo Mad Angles 66g,1,20.00,20.00
08/09/2026,18:14:08,B02488,8909427653757,Parle Parle-G Biscuits 70g,1,10.00,10.00
08/09/2026,18:14:08,B02488,8905331753835,Cadbury 5 Star 40g,1,20.00,20.00
08/09/2026,18:14:08,B02488,8906036439130,Cadbury Perk 35g,1,20.00,20.00
08/09/2026,18:24:21,B02489,8903401125742,Frooti Mango Drink 600ml,1,40.00,40.00
08/09/2026,18:26:04,B02490,8907194704290,Maggi Masala Noodles 70g,1,14.00,14.00
08/09/2026,18:26:04,B02490,8906604803769,Cadbury Dairy Milk 50g,1,45.00,45.00
08/09/2026,18:36:19,B02491,8907560856516,Nestle Munch 20g,1,10.00,10.00
08/09/2026,18:36:53,B02492,8906780453871,Red Label Tea 250g,1,135.00,135.00
08/09/2026,18:39:45,B02493,8909600566041,Cadbury Gems 17g,1,10.00,10.00
08/09/2026,19:08:48,B02494,8908008397233,Pepsi Soft Drink 750ml,1,40.00,40.00
08/09/2026,19:09:03,B02495,,LOOSE ITEM,1,33.00,33.00
08/09/2026,19:09:03,B02495,8903839874342,Chik Shampoo Sachet 6ml,1,3.00,3.00
08/09/2026,19:13:00,B02496,8904196790184,Mother Dairy Toned Milk 500ml,1,27.00,27.00
08/09/2026,19:13:00,B02496,8906604803769,Cadbury Dairy Milk 50g,1,45.00,45.00
08/09/2026,19:19:31,B02497,8901943556130,Amul Gold Milk 500ml,1,33.00,33.00
08/09/2026,19:19:31,B02497,8908944388630,Fortune Soyabean Oil 1L,1,125.00,125.00
08/09/2026,19:22:08,B02498,8904176990627,Lizol Floor Cleaner 500ml,1,99.00,99.00
08/09/2026,19:22:08,B02498,8908757386939,Sunfeast Marie Light 75g,1,10.00,10.00
08/09/2026,19:22:08,B02498,8909567262253,Dhara Mustard Oil 1L,1,155.00,155.00
08/09/2026,19:23:41,B02499,8900248761133,Britannia Good Day Cashew 75g,1,10.00,10.00
08/09/2026,19:23:41,B02499,8906576251407,Colgate MaxFresh 150g,1,99.00,99.00
08/09/2026,19:24:10,B02500,8900248761133,Britannia Good Day Cashew 75g,1,10.00,10.00
08/09/2026,19:29:48,B02501,8907197864939,Bingo Mad Angles 66g,1,20.00,20.00
08/09/2026,19:34:25,B02502,8903839874342,Chik Shampoo Sachet 6ml,2,3.00,6.00
08/09/2026,19:39:12,B02503,8905875652885,Maggi Hot & Sweet Sauce 500g,1,115.00,115.00
08/09/2026,19:39:12,B02503,8907483429934,Pepsodent Germicheck 100g,1,55.00,55.00
08/09/2026,19:39:12,B02503,8903711049158,Mentos Mint Roll 29g,1,10.00,10.00
08/09/2026,19:44:21,B02504,8904921237526,Alpenliebe Candy Pack 50g,1,20.00,20.00
08/09/2026,19:44:21,B02504,8906604803769,Cadbury Dairy Milk 50g,1,45.00,45.00
08/09/2026,19:44:21,B02504,8905982374540,Clinic Plus Shampoo Sachet 6ml,1,3.00,3.00
08/09/2026,19:45:32,B02505,8907194704290,Maggi Masala Noodles 70g,1,14.00,14.00
08/09/2026,19:45:32,B02505,8909713071128,Aashirvaad Atta 1kg,1,62.00,62.00
08/09/2026,19:48:58,B02506,8906715612472,Dettol Soap 125g,1,45.00,45.00
08/09/2026,19:48:58,B02506,8903632424966,Nestle KitKat 37g,1,20.00,20.00
08/09/2026,19:55:58,B02507,8904823446491,Taj Mahal Tea 250g,1,175.00,175.00
08/09/2026,20:13:18,B02508,8904196790184,Mother Dairy Toned Milk 500ml,1,27.00,27.00
08/09/2026,20:13:18,B02508,8908193642644,Nestle Milkmaid 400g,1,145.00,145.00
08/09/2026,20:13:19,B02509,8909427653757,Parle Parle-G Biscuits 70g,1,10.00,10.00
08/09/2026,20:43:43,B02510,,LOOSE ITEM,1,10.00,10.00
08/09/2026,20:43:44,B02511,8902234478650,Vim Dishwash Bar 300g,1,30.00,30.00
08/09/2026,20:43:44,B02511,8909136784575,Tata Salt 1kg,1,28.00,28.00
08/09/2026,20:45:37,B02512,8908233620472,Good Knight Mosquito Refill 45ml,1,85.00,85.00
08/09/2026,20:45:37,B02512,8907560856516,Nestle Munch 20g,1,10.00,10.00
08/09/2026,20:45:37,B02512,8904921237526,Alpenliebe Candy Pack 50g,1,20.00,20.00
08/09/2026,20:47:18,B02513,8909136784575,Tata Salt 1kg,1,28.00,28.00
08/09/2026,20:47:18,B02513,8904233433135,Lay's Classic Salted 52g,1,20.00,20.00
08/09/2026,20:47:18,B02513,8909023343151,Thums Up Soft Drink 750ml,1,40.00,40.00
08/09/2026,20:49:17,B02514,8907194704290,Maggi Masala Noodles 70g,1,14.00,14.00
08/09/2026,21:05:57,B02515,8904233433135,Lay's Classic Salted 52g,1,20.00,20.00
08/09/2026,21:05:57,B02515,8909427653757,Parle Parle-G Biscuits 70g,1,10.00,10.00
08/09/2026,21:05:57,B02515,,LOOSE ITEM,1,40.00,40.00
08/09/2026,21:45:46,B02516,8903632424966,Nestle KitKat 37g,1,20.00,20.00
08/09/2026,21:52:01,B02517,8907560856516,Nestle Munch 20g,1,10.00,10.00
08/09/2026,21:57:54,B02518,8903632424966,Nestle KitKat 37g,1,20.00,20.00
08/09/2026,21:57:54,B02518,8902550748321,Sprite Soft Drink 750ml,1,40.00,40.00
08/09/2026,22:43:12,B02519,8900257989146,Parle Krackjack 70g,1,10.00,10.00
08/09/2026,22:48:25,B02520,8906212271295,Clinic Plus Shampoo 175ml,1,99.00,99.00
08/09/2026,22:59:54,B02521,8904233433135,Lay's Classic Salted 52g,1,20.00,20.00
08/09/2026,22:59:54,B02521,8908944388630,Fortune Soyabean Oil 1L,1,125.00,125.00
09/09/2026,07:16:38,B02522,8902172108503,Aashirvaad Atta 5kg,1,285.00,285.00
09/09/2026,07:31:52,B02523,8905331753835,Cadbury 5 Star 40g,1,20.00,20.00
09/09/2026,07:40:00,B02524,8907194704290,Maggi Masala Noodles 70g,1,14.00,14.00
09/09/2026,07:40:00,B02524,8909534043717,Amul Masti Dahi 400g,1,45.00,45.00
09/09/2026,08:01:43,B02525,8907867306226,Rin Detergent Bar 250g,1,20.00,20.00
09/09/2026,08:05:15,B02526,,LOOSE ITEM,1,20.00,20.00
09/09/2026,08:06:27,B02527,8900257989146,Parle Krackjack 70g,1,10.00,10.00
09/09/2026,08:06:27,B02527,8909501511089,Amul Taaza Milk 500ml,1,27.00,27.00
09/09/2026,08:07:13,B02528,8901393160451,Coca-Cola Soft Drink 750ml,1,40.00,40.00
09/09/2026,08:08:39,B02529,8904233433135,Lay's Classic Salted 52g,1,20.00,20.00
09/09/2026,08:23:18,B02530,8902234478650,Vim Dishwash Bar 300g,1,30.00,30.00
09/09/2026,08:25:10,B02531,8907436422074,Bisleri Water 1L,1,20.00,20.00
09/09/2026,08:27:45,B02532,8909427653757,Parle Parle-G Biscuits 70g,1,10.00,10.00
09/09/2026,08:30:00,B02533,8903839874342,Chik Shampoo Sachet 6ml,1,3.00,3.00
09/09/2026,08:46:12,B02534,8904485193979,Tide Detergent Powder 1kg,1,115.00,115.00
09/09/2026,08:54:55,B02535,8907236061046,All Out Mosquito Refill 45ml,1,85.00,85.00
09/09/2026,08:54:55,B02535,8901943556130,Amul Gold Milk 500ml,1,33.00,33.00
09/09/2026,08:54:55,B02535,8903839874342,Chik Shampoo Sachet 6ml,1,3.00,3.00
09/09/2026,09:13:21,B02536,8904233433135,Lay's Classic Salted 52g,1,20.00,20.00
09/09/2026,09:21:18,B02537,8902172108503,Aashirvaad Atta 5kg,1,285.00,285.00
09/09/2026,09:23:16,B02538,,LOOSE ITEM,1,40.00,40.00
09/09/2026,09:25:06,B02539,8908944388630,Fortune Soyabean Oil 1L,1,125.00,125.00
09/09/2026,09:33:04,B02540,8902550748321,Sprite Soft Drink 750ml,1,40.00,40.00
09/09/2026,09:33:04,B02540,8901384274525,Yippee Magic Masala 70g,1,14.00,14.00
09/09/2026,09:35:39,B02541,8906604803769,Cadbury Dairy Milk 50g,1,45.00,45.00
09/09/2026,09:37:40,B02542,8909136784575,Tata Salt 1kg,1,28.00,28.00
09/09/2026,09:37:40,B02542,8909120041196,Surf Excel Easy Wash 500g,1,68.00,68.00
09/09/2026,09:47:02,B02543,8909427653757,Parle Parle-G Biscuits 70g,1,10.00,10.00
09/09/2026,09:55:09,B02544,8905331753835,Cadbury 5 Star 40g,1,20.00,20.00
09/09/2026,10:15:40,B02545,8905982374540,Clinic Plus Shampoo Sachet 6ml,1,3.00,3.00
09/09/2026,10:25:13,B02546,,LOOSE ITEM,1,33.00,33.00
09/09/2026,10:25:13,B02546,8907194704290,Maggi Masala Noodles 70g,1,14.00,14.00
09/09/2026,10:39:37,B02547,8909136784575,Tata Salt 1kg,1,28.00,28.00
09/09/2026,10:49:00,B02548,8904116546181,Maggi Masala Noodles 4-pack 280g,1,56.00,56.00
09/09/2026,10:51:49,B02549,8907194704290,Maggi Masala Noodles 70g,1,14.00,14.00
09/09/2026,10:51:49,B02549,8909023343151,Thums Up Soft Drink 750ml,1,40.00,40.00
09/09/2026,10:55:15,B02550,8909567262253,Dhara Mustard Oil 1L,1,155.00,155.00
09/09/2026,10:55:15,B02550,8907197864939,Bingo Mad Angles 66g,1,20.00,20.00
09/09/2026,10:55:20,B02551,8905331753835,Cadbury 5 Star 40g,1,20.00,20.00
09/09/2026,11:12:51,B02552,8907194704290,Maggi Masala Noodles 70g,1,14.00,14.00
09/09/2026,11:12:51,B02552,8904872245939,Tropicana Orange Juice 1L,1,125.00,125.00
09/09/2026,11:12:51,B02552,8904626778355,Britannia Bourbon 60g,1,10.00,10.00
09/09/2026,11:23:31,B02553,8909501511089,Amul Taaza Milk 500ml,2,27.00,54.00
09/09/2026,11:27:47,B02554,8909600566041,Cadbury Gems 17g,1,10.00,10.00
09/09/2026,11:27:47,B02554,8901943556130,Amul Gold Milk 500ml,1,33.00,33.00
09/09/2026,11:47:33,B02555,8908757386939,Sunfeast Marie Light 75g,1,10.00,10.00
09/09/2026,11:47:33,B02555,8909534043717,Amul Masti Dahi 400g,1,45.00,45.00
09/09/2026,11:58:18,B02556,8903401125742,Frooti Mango Drink 600ml,1,40.00,40.00
09/09/2026,11:58:18,B02556,8903656686821,Nivea Body Lotion 200ml,1,199.00,199.00
09/09/2026,12:13:33,B02557,8901943556130,Amul Gold Milk 500ml,1,33.00,33.00
09/09/2026,12:27:08,B02558,8909427653757,Parle Parle-G Biscuits 70g,1,10.00,10.00
09/09/2026,12:33:46,B02559,8907560856516,Nestle Munch 20g,1,10.00,10.00
09/09/2026,12:33:46,B02559,8907637469151,Maaza Mango Drink 600ml,1,40.00,40.00
09/09/2026,12:33:46,B02559,8908008397233,Pepsi Soft Drink 750ml,1,40.00,40.00
09/09/2026,12:47:24,B02560,8905557725456,Fortune Sunflower Oil 1L,1,135.00,135.00
09/09/2026,12:52:28,B02561,8903280387262,Tata Tea Gold 250g,1,145.00,145.00
09/09/2026,13:04:56,B02562,8908142746881,Santoor Soap 125g,1,35.00,35.00
09/09/2026,13:22:12,B02563,8909120041196,Surf Excel Easy Wash 500g,1,68.00,68.00
09/09/2026,13:55:13,B02564,8907140272743,Haldiram Aloo Bhujia 42g,1,20.00,20.00
09/09/2026,13:55:13,B02564,8907844307079,Saffola Gold Oil 1L,1,175.00,175.00
09/09/2026,14:16:06,B02565,8908084499371,Amul Butter 100g,1,62.00,62.00
09/09/2026,14:16:06,B02565,8909501511089,Amul Taaza Milk 500ml,1,27.00,27.00
09/09/2026,14:16:06,B02565,8905557725456,Fortune Sunflower Oil 1L,1,135.00,135.00
09/09/2026,15:02:50,B02566,8908008397233,Pepsi Soft Drink 750ml,1,40.00,40.00
09/09/2026,15:02:52,B02567,8901943556130,Amul Gold Milk 500ml,1,33.00,33.00
09/09/2026,15:30:44,B02568,8907483429934,Pepsodent Germicheck 100g,1,55.00,55.00
09/09/2026,15:30:44,B02568,8905982374540,Clinic Plus Shampoo Sachet 6ml,1,3.00,3.00
09/09/2026,15:43:45,B02569,8905982374540,Clinic Plus Shampoo Sachet 6ml,1,3.00,3.00
09/09/2026,16:38:41,B02570,8903280387262,Tata Tea Gold 250g,1,145.00,145.00
09/09/2026,16:52:35,B02571,8904626778355,Britannia Bourbon 60g,1,10.00,10.00
09/09/2026,17:04:05,B02572,8902525262388,Lifebuoy Soap 125g,1,35.00,35.00
09/09/2026,17:04:05,B02572,8909534043717,Amul Masti Dahi 400g,1,45.00,45.00
09/09/2026,17:08:56,B02573,8902234478650,Vim Dishwash Bar 300g,1,30.00,30.00
09/09/2026,17:11:51,B02574,8908401707462,Kurkure Masala Munch 90g,1,20.00,20.00
09/09/2026,17:11:51,B02574,8905982374540,Clinic Plus Shampoo Sachet 6ml,1,3.00,3.00
09/09/2026,17:11:51,B02574,8906715612472,Dettol Soap 125g,1,45.00,45.00
09/09/2026,17:16:57,B02575,8908008397233,Pepsi Soft Drink 750ml,1,40.00,40.00
09/09/2026,17:16:57,B02575,8906036439130,Cadbury Perk 35g,1,20.00,20.00
09/09/2026,17:37:54,B02576,8903003453342,Head&Shoulders Anti-Dandruff 180ml,1,185.00,185.00
09/09/2026,17:43:52,B02577,8904233433135,Lay's Classic Salted 52g,1,20.00,20.00
09/09/2026,17:43:52,B02577,8902228449239,Polo Mint Roll 28g,1,10.00,10.00
09/09/2026,17:44:22,B02578,8907194704290,Maggi Masala Noodles 70g,1,14.00,14.00
09/09/2026,17:48:09,B02579,8904921237526,Alpenliebe Candy Pack 50g,1,20.00,20.00
09/09/2026,17:48:09,B02579,8903711049158,Mentos Mint Roll 29g,1,10.00,10.00
09/09/2026,17:55:37,B02580,8909427653757,Parle Parle-G Biscuits 70g,1,10.00,10.00
09/09/2026,17:55:37,B02580,8901469251052,Dabur Red Paste 100g,1,55.00,55.00
09/09/2026,18:04:28,B02581,8902525262388,Lifebuoy Soap 125g,1,35.00,35.00
09/09/2026,18:13:50,B02582,,LOOSE ITEM,1,99.00,99.00
09/09/2026,18:28:19,B02583,8900635707409,Top Ramen Curry Noodles 70g,1,14.00,14.00
09/09/2026,18:34:21,B02584,8905982374540,Clinic Plus Shampoo Sachet 6ml,1,3.00,3.00
09/09/2026,18:34:21,B02584,8909501511089,Amul Taaza Milk 500ml,1,27.00,27.00
09/09/2026,18:34:21,B02584,8904196790184,Mother Dairy Toned Milk 500ml,1,27.00,27.00
09/09/2026,18:36:24,B02585,8909427653757,Parle Parle-G Biscuits 70g,1,10.00,10.00
09/09/2026,18:36:24,B02585,8906715612472,Dettol Soap 125g,1,45.00,45.00
09/09/2026,18:37:20,B02586,8909501511089,Amul Taaza Milk 500ml,1,27.00,27.00
09/09/2026,18:37:20,B02586,8903835745424,Harpic Toilet Cleaner 500ml,1,99.00,99.00
09/09/2026,18:50:42,B02587,8908996794274,MDH Chana Masala 100g,1,75.00,75.00
09/09/2026,19:01:38,B02588,8902234478650,Vim Dishwash Bar 300g,1,30.00,30.00
09/09/2026,19:10:32,B02589,8902234478650,Vim Dishwash Bar 300g,1,30.00,30.00
09/09/2026,19:10:32,B02589,8906715612472,Dettol Soap 125g,1,45.00,45.00
09/09/2026,19:20:09,B02590,8907637469151,Maaza Mango Drink 600ml,1,40.00,40.00
09/09/2026,19:23:07,B02591,8909534043717,Amul Masti Dahi 400g,1,45.00,45.00
09/09/2026,19:23:07,B02591,8909501511089,Amul Taaza Milk 500ml,1,27.00,27.00
09/09/2026,19:32:41,B02592,8907637469151,Maaza Mango Drink 600ml,1,40.00,40.00
09/09/2026,19:33:20,B02593,8902234478650,Vim Dishwash Bar 300g,1,30.00,30.00
09/09/2026,19:33:20,B02593,8904921237526,Alpenliebe Candy Pack 50g,1,20.00,20.00
09/09/2026,19:37:02,B02594,8909534043717,Amul Masti Dahi 400g,1,45.00,45.00
09/09/2026,19:37:20,B02595,8909501511089,Amul Taaza Milk 500ml,1,27.00,27.00
09/09/2026,19:41:24,B02596,8902172108503,Aashirvaad Atta 5kg,1,285.00,285.00
09/09/2026,19:43:02,B02597,8903711049158,Mentos Mint Roll 29g,1,10.00,10.00
09/09/2026,19:46:42,B02598,8901393160451,Coca-Cola Soft Drink 750ml,1,40.00,40.00
09/09/2026,19:46:42,B02598,8900349807556,Amul Cheese Slices 200g,1,145.00,145.00
09/09/2026,19:46:42,B02598,8907436422074,Bisleri Water 1L,1,20.00,20.00
09/09/2026,19:46:42,B02599,8902473535046,Kinley Water 1L,1,20.00,20.00
09/09/2026,19:53:31,B02600,8908008397233,Pepsi Soft Drink 750ml,1,40.00,40.00
09/09/2026,20:16:13,B02601,8907867306226,Rin Detergent Bar 250g,1,20.00,20.00
09/09/2026,20:16:46,B02602,8905557725456,Fortune Sunflower Oil 1L,1,135.00,135.00
09/09/2026,20:16:46,B02602,8901469251052,Dabur Red Paste 100g,1,55.00,55.00
09/09/2026,20:23:09,B02603,8903839874342,Chik Shampoo Sachet 6ml,1,3.00,3.00
09/09/2026,20:23:09,B02603,8909501511089,Amul Taaza Milk 500ml,1,27.00,27.00
09/09/2026,20:38:02,B02604,8906715612472,Dettol Soap 125g,1,45.00,45.00
09/09/2026,20:40:39,B02605,8900635707409,Top Ramen Curry Noodles 70g,1,14.00,14.00
09/09/2026,20:40:39,B02605,8909713071128,Aashirvaad Atta 1kg,1,62.00,62.00
09/09/2026,20:40:39,B02605,8903839874342,Chik Shampoo Sachet 6ml,1,3.00,3.00
09/09/2026,20:43:56,B02606,8907194704290,Maggi Masala Noodles 70g,1,14.00,14.00
09/09/2026,20:50:45,B02607,8907867306226,Rin Detergent Bar 250g,1,20.00,20.00
09/09/2026,20:59:59,B02608,8904196790184,Mother Dairy Toned Milk 500ml,1,27.00,27.00
09/09/2026,20:59:59,B02608,8900635707409,Top Ramen Curry Noodles 70g,1,14.00,14.00
09/09/2026,21:02:51,B02609,8907174824185,Madhur Sugar 1kg,1,48.00,48.00
09/09/2026,21:28:19,B02610,8907560856516,Nestle Munch 20g,1,10.00,10.00
09/09/2026,21:28:19,B02610,8909713071128,Aashirvaad Atta 1kg,1,62.00,62.00
09/09/2026,21:29:49,B02611,8909746434730,Kissan Tomato Ketchup 950g,1,135.00,135.00
09/09/2026,21:35:25,B02612,8908757386939,Sunfeast Marie Light 75g,1,10.00,10.00
09/09/2026,21:40:13,B02613,8903280387262,Tata Tea Gold 250g,1,145.00,145.00
09/09/2026,21:45:38,B02614,8907174824185,Madhur Sugar 1kg,1,48.00,48.00
10/09/2026,06:13:40,B02615,,LOOSE ITEM,1,135.00,135.00
10/09/2026,06:14:44,B02616,8902853532528,Daawat Rozana Rice 5kg,1,340.00,340.00
10/09/2026,06:14:44,B02616,8903839874342,Chik Shampoo Sachet 6ml,1,3.00,3.00
10/09/2026,06:33:06,B02617,8908944388630,Fortune Soyabean Oil 1L,1,125.00,125.00
10/09/2026,06:33:06,B02617,8907867306226,Rin Detergent Bar 250g,1,20.00,20.00
10/09/2026,07:09:46,B02618,8907637469151,Maaza Mango Drink 600ml,1,40.00,40.00
10/09/2026,08:06:19,B02619,8902525262388,Lifebuoy Soap 125g,1,35.00,35.00
10/09/2026,08:08:33,B02620,8907867306226,Rin Detergent Bar 250g,1,20.00,20.00
10/09/2026,08:08:51,B02621,8909136784575,Tata Salt 1kg,1,28.00,28.00
10/09/2026,08:08:51,B02621,8908757386939,Sunfeast Marie Light 75g,1,10.00,10.00
10/09/2026,08:08:51,B02621,8909120041196,Surf Excel Easy Wash 500g,1,68.00,68.00
10/09/2026,08:10:37,B02622,8902234478650,Vim Dishwash Bar 300g,1,30.00,30.00
10/09/2026,08:10:37,B02622,8908008397233,Pepsi Soft Drink 750ml,1,40.00,40.00
10/09/2026,08:12:43,B02623,8902525262388,Lifebuoy Soap 125g,2,35.00,70.00
10/09/2026,08:12:43,B02623,8902234478650,Vim Dishwash Bar 300g,1,30.00,30.00
10/09/2026,08:22:28,B02624,8902473535046,Kinley Water 1L,1,20.00,20.00
10/09/2026,08:31:27,B02625,8908008397233,Pepsi Soft Drink 750ml,1,40.00,40.00
10/09/2026,08:34:08,B02626,8907140272743,Haldiram Aloo Bhujia 42g,1,20.00,20.00
10/09/2026,08:37:12,B02627,8906036439130,Cadbury Perk 35g,1,20.00,20.00
10/09/2026,08:39:30,B02628,8906715612472,Dettol Soap 125g,1,45.00,45.00
10/09/2026,08:45:48,B02629,8901393160451,Coca-Cola Soft Drink 750ml,1,40.00,40.00
10/09/2026,08:48:38,B02630,8907140272743,Haldiram Aloo Bhujia 42g,1,20.00,20.00
10/09/2026,08:48:38,B02630,8909427653757,Parle Parle-G Biscuits 70g,1,10.00,10.00
10/09/2026,08:51:56,B02631,8904116546181,Maggi Masala Noodles 4-pack 280g,1,56.00,56.00
10/09/2026,08:51:56,B02631,8902234478650,Vim Dishwash Bar 300g,1,30.00,30.00
10/09/2026,08:51:56,B02631,8904233433135,Lay's Classic Salted 52g,1,20.00,20.00
10/09/2026,09:02:44,B02632,8900635707409,Top Ramen Curry Noodles 70g,1,14.00,14.00
10/09/2026,09:04:17,B02633,8909501511089,Amul Taaza Milk 500ml,1,27.00,27.00
10/09/2026,09:04:17,B02633,8904921237526,Alpenliebe Candy Pack 50g,1,20.00,20.00
10/09/2026,09:31:54,B02634,8904176990627,Lizol Floor Cleaner 500ml,1,99.00,99.00
10/09/2026,09:31:54,B02634,8905270366202,Everest Turmeric Powder 200g,1,68.00,68.00
10/09/2026,09:32:54,B02635,8907560856516,Nestle Munch 20g,1,10.00,10.00
10/09/2026,09:33:18,B02636,8902228449239,Polo Mint Roll 28g,1,10.00,10.00
10/09/2026,09:33:28,B02637,8909427653757,Parle Parle-G Biscuits 70g,1,10.00,10.00
10/09/2026,09:39:13,B02638,8904116546181,Maggi Masala Noodles 4-pack 280g,1,56.00,56.00
10/09/2026,10:02:14,B02639,8908401707462,Kurkure Masala Munch 90g,1,20.00,20.00
10/09/2026,10:08:57,B02640,8901943556130,Amul Gold Milk 500ml,1,33.00,33.00
10/09/2026,10:08:57,B02640,8900257989146,Parle Krackjack 70g,1,10.00,10.00
10/09/2026,10:14:56,B02641,8900248761133,Britannia Good Day Cashew 75g,1,10.00,10.00
10/09/2026,10:21:48,B02642,8908977405076,Center Fresh Chewing Gum 28g,1,10.00,10.00
10/09/2026,10:24:53,B02643,8906604803769,Cadbury Dairy Milk 50g,1,45.00,45.00
10/09/2026,10:26:01,B02644,,LOOSE ITEM,1,27.00,27.00
10/09/2026,10:35:52,B02645,8907236061046,All Out Mosquito Refill 45ml,1,85.00,85.00
10/09/2026,10:35:52,B02645,8905331753835,Cadbury 5 Star 40g,1,20.00,20.00
10/09/2026,10:35:52,B02645,8906604803769,Cadbury Dairy Milk 50g,1,45.00,45.00
10/09/2026,10:38:10,B02646,8909746434730,Kissan Tomato Ketchup 950g,1,135.00,135.00
10/09/2026,10:41:38,B02647,8900349807556,Amul Cheese Slices 200g,1,145.00,145.00
10/09/2026,10:41:38,B02647,8908757386939,Sunfeast Marie Light 75g,1,10.00,10.00
10/09/2026,10:41:38,B02647,8909023343151,Thums Up Soft Drink 750ml,1,40.00,40.00
10/09/2026,10:49:59,B02648,8908401707462,Kurkure Masala Munch 90g,1,20.00,20.00
10/09/2026,10:49:59,B02648,8908977405076,Center Fresh Chewing Gum 28g,1,10.00,10.00
10/09/2026,10:51:17,B02649,8909120041196,Surf Excel Easy Wash 500g,1,68.00,68.00
10/09/2026,11:04:52,B02650,8907637469151,Maaza Mango Drink 600ml,1,40.00,40.00
10/09/2026,11:18:49,B02651,8907560856516,Nestle Munch 20g,1,10.00,10.00
10/09/2026,11:20:11,B02652,8903003453342,Head&Shoulders Anti-Dandruff 180ml,1,185.00,185.00
10/09/2026,11:40:38,B02653,8906378779086,Surf Excel Easy Wash 1kg,1,125.00,125.00
10/09/2026,12:13:04,B02654,8907194704290,Maggi Masala Noodles 70g,1,14.00,14.00
10/09/2026,12:13:04,B02654,8905331753835,Cadbury 5 Star 40g,1,20.00,20.00
10/09/2026,12:13:04,B02654,8908401707462,Kurkure Masala Munch 90g,1,20.00,20.00
10/09/2026,12:14:28,B02655,,LOOSE ITEM,1,135.00,135.00
10/09/2026,12:14:28,B02655,8906743689880,Colgate Strong Teeth 100g,1,55.00,55.00
10/09/2026,12:16:54,B02656,8907637469151,Maaza Mango Drink 600ml,1,40.00,40.00
10/09/2026,13:03:25,B02657,8903184899656,Fortune Sunflower Oil 5L,1,640.00,640.00
10/09/2026,13:03:25,B02657,8908944388630,Fortune Soyabean Oil 1L,1,125.00,125.00
10/09/2026,13:03:25,B02657,8909023343151,Thums Up Soft Drink 750ml,1,40.00,40.00
10/09/2026,13:27:12,B02658,8907436422074,Bisleri Water 1L,1,20.00,20.00
10/09/2026,13:29:34,B02659,8903711049158,Mentos Mint Roll 29g,1,10.00,10.00
10/09/2026,13:29:34,B02659,8908142746881,Santoor Soap 125g,1,35.00,35.00
10/09/2026,13:31:27,B02660,8900248761133,Britannia Good Day Cashew 75g,1,10.00,10.00
10/09/2026,13:31:27,B02660,8907867306226,Rin Detergent Bar 250g,1,20.00,20.00
10/09/2026,13:32:56,B02661,8908401707462,Kurkure Masala Munch 90g,1,20.00,20.00
10/09/2026,13:32:56,B02661,8903722609518,Horlicks Classic Malt 500g,1,255.00,255.00
10/09/2026,13:41:03,B02662,8908757386939,Sunfeast Marie Light 75g,1,10.00,10.00
10/09/2026,13:50:19,B02663,8909023343151,Thums Up Soft Drink 750ml,1,40.00,40.00
10/09/2026,13:50:19,B02663,8909600566041,Cadbury Gems 17g,1,10.00,10.00
10/09/2026,14:01:17,B02664,8905982374540,Clinic Plus Shampoo Sachet 6ml,1,3.00,3.00
10/09/2026,14:01:17,B02664,8905331753835,Cadbury 5 Star 40g,1,20.00,20.00
10/09/2026,14:01:17,B02664,8909427653757,Parle Parle-G Biscuits 70g,1,10.00,10.00
10/09/2026,14:07:29,B02665,8900257989146,Parle Krackjack 70g,1,10.00,10.00
10/09/2026,14:52:46,B02666,8904233433135,Lay's Classic Salted 52g,1,20.00,20.00
10/09/2026,14:52:46,B02666,8909501511089,Amul Taaza Milk 500ml,1,27.00,27.00
10/09/2026,14:52:46,B02666,8907174824185,Madhur Sugar 1kg,1,48.00,48.00
10/09/2026,14:54:47,B02667,8903238955901,Wheel Detergent Powder 1kg,1,62.00,62.00
10/09/2026,15:06:31,B02668,8909427653757,Parle Parle-G Biscuits 70g,1,10.00,10.00
10/09/2026,15:33:32,B02669,8900248761133,Britannia Good Day Cashew 75g,1,10.00,10.00
10/09/2026,15:45:02,B02670,8909501511089,Amul Taaza Milk 500ml,1,27.00,27.00
10/09/2026,15:56:46,B02671,8903277964018,Medimix Soap 125g,1,40.00,40.00
10/09/2026,17:04:55,B02672,8905800014993,Bru Instant Coffee 50g,1,155.00,155.00
10/09/2026,17:12:10,B02673,8903003453342,Head&Shoulders Anti-Dandruff 180ml,1,185.00,185.00
10/09/2026,17:12:10,B02673,8908373852658,Closeup Red Hot 150g,1,95.00,95.00
10/09/2026,17:13:52,B02674,8907844307079,Saffola Gold Oil 1L,1,175.00,175.00
10/09/2026,17:13:52,B02674,8902172108503,Aashirvaad Atta 5kg,1,285.00,285.00
10/09/2026,17:15:27,B02675,8909023343151,Thums Up Soft Drink 750ml,1,40.00,40.00
10/09/2026,17:15:27,B02675,8908996794274,MDH Chana Masala 100g,1,75.00,75.00
10/09/2026,17:21:00,B02676,8900248761133,Britannia Good Day Cashew 75g,1,10.00,10.00
10/09/2026,17:21:00,B02676,8908401707462,Kurkure Masala Munch 90g,1,20.00,20.00
10/09/2026,17:21:00,B02676,8902473535046,Kinley Water 1L,1,20.00,20.00
10/09/2026,17:25:26,B02677,8901393160451,Coca-Cola Soft Drink 750ml,1,40.00,40.00
10/09/2026,17:30:29,B02678,8908401707462,Kurkure Masala Munch 90g,1,20.00,20.00
10/09/2026,17:43:31,B02679,8907867306226,Rin Detergent Bar 250g,1,20.00,20.00
10/09/2026,17:44:33,B02680,8904196790184,Mother Dairy Toned Milk 500ml,1,27.00,27.00
10/09/2026,17:44:33,B02680,8903238955901,Wheel Detergent Powder 1kg,1,62.00,62.00
10/09/2026,18:01:21,B02681,8907140272743,Haldiram Aloo Bhujia 42g,1,20.00,20.00
10/09/2026,18:05:07,B02682,8909501511089,Amul Taaza Milk 500ml,1,27.00,27.00
10/09/2026,18:05:07,B02682,8908084499371,Amul Butter 100g,1,62.00,62.00
10/09/2026,18:06:54,B02683,8904233433135,Lay's Classic Salted 52g,1,20.00,20.00
10/09/2026,18:17:46,B02684,8908996794274,MDH Chana Masala 100g,1,75.00,75.00
10/09/2026,18:23:15,B02685,8904657151196,Lux Soap 100g,1,35.00,35.00
10/09/2026,18:27:29,B02686,8904626778355,Britannia Bourbon 60g,1,10.00,10.00
10/09/2026,18:29:58,B02687,8908401707462,Kurkure Masala Munch 90g,2,20.00,40.00
10/09/2026,18:31:34,B02688,8901943556130,Amul Gold Milk 500ml,1,33.00,33.00
10/09/2026,18:31:34,B02688,8903711049158,Mentos Mint Roll 29g,1,10.00,10.00
10/09/2026,18:39:47,B02689,8902473535046,Kinley Water 1L,1,20.00,20.00
10/09/2026,18:39:47,B02689,8900248761133,Britannia Good Day Cashew 75g,1,10.00,10.00
10/09/2026,18:39:47,B02689,8908142746881,Santoor Soap 125g,1,35.00,35.00
10/09/2026,18:40:36,B02690,8908401707462,Kurkure Masala Munch 90g,1,20.00,20.00
10/09/2026,18:43:12,B02691,8907560856516,Nestle Munch 20g,1,10.00,10.00
10/09/2026,18:43:12,B02691,8906378779086,Surf Excel Easy Wash 1kg,1,125.00,125.00
10/09/2026,18:45:39,B02692,,LOOSE ITEM,1,27.00,27.00
10/09/2026,18:45:39,B02692,8906604803769,Cadbury Dairy Milk 50g,1,45.00,45.00
10/09/2026,19:06:13,B02693,8901018275973,Nescafe Classic Coffee 50g,1,175.00,175.00
10/09/2026,19:06:13,B02693,8907236061046,All Out Mosquito Refill 45ml,1,85.00,85.00
10/09/2026,19:13:03,B02694,8907956866624,Colin Glass Cleaner 500ml,1,95.00,95.00
10/09/2026,19:14:41,B02695,8905982374540,Clinic Plus Shampoo Sachet 6ml,1,3.00,3.00
10/09/2026,19:19:09,B02696,8904233433135,Lay's Classic Salted 52g,1,20.00,20.00
10/09/2026,19:24:11,B02697,8907197864939,Bingo Mad Angles 66g,1,20.00,20.00
10/09/2026,19:25:18,B02698,8906780453871,Red Label Tea 250g,1,135.00,135.00
10/09/2026,19:30:00,B02699,8907194704290,Maggi Masala Noodles 70g,1,14.00,14.00
10/09/2026,19:30:00,B02699,8908757386939,Sunfeast Marie Light 75g,1,10.00,10.00
10/09/2026,19:30:00,B02699,8903722609518,Horlicks Classic Malt 500g,1,255.00,255.00
10/09/2026,19:36:08,B02700,8901384274525,Yippee Magic Masala 70g,1,14.00,14.00
10/09/2026,19:37:40,B02701,8908401707462,Kurkure Masala Munch 90g,1,20.00,20.00
10/09/2026,19:37:40,B02701,8903401125742,Frooti Mango Drink 600ml,1,40.00,40.00
10/09/2026,19:37:40,B02701,8907436422074,Bisleri Water 1L,1,20.00,20.00
10/09/2026,19:40:56,B02702,8903401125742,Frooti Mango Drink 600ml,1,40.00,40.00
10/09/2026,19:40:56,B02702,8907560856516,Nestle Munch 20g,1,10.00,10.00
10/09/2026,19:42:06,B02703,8907867306226,Rin Detergent Bar 250g,1,20.00,20.00
10/09/2026,19:43:11,B02704,8905982374540,Clinic Plus Shampoo Sachet 6ml,1,3.00,3.00
10/09/2026,19:43:11,B02704,8902853532528,Daawat Rozana Rice 5kg,1,340.00,340.00
10/09/2026,19:43:11,B02704,8901690527315,Real Mixed Fruit Juice 1L,1,125.00,125.00
10/09/2026,19:46:04,B02705,8906780453871,Red Label Tea 250g,1,135.00,135.00
10/09/2026,19:53:26,B02706,8906604803769,Cadbury Dairy Milk 50g,1,45.00,45.00
10/09/2026,20:07:44,B02707,8902234478650,Vim Dishwash Bar 300g,1,30.00,30.00
10/09/2026,20:09:18,B02708,8902234478650,Vim Dishwash Bar 300g,1,30.00,30.00
10/09/2026,20:11:56,B02709,8907483429934,Pepsodent Germicheck 100g,1,55.00,55.00
10/09/2026,20:16:57,B02710,8901943556130,Amul Gold Milk 500ml,1,33.00,33.00
10/09/2026,20:19:14,B02711,8903003453342,Head&Shoulders Anti-Dandruff 180ml,1,185.00,185.00
10/09/2026,20:25:48,B02712,8904233433135,Lay's Classic Salted 52g,1,20.00,20.00
10/09/2026,20:37:55,B02713,8901384274525,Yippee Magic Masala 70g,1,14.00,14.00
10/09/2026,20:37:55,B02713,8907197864939,Bingo Mad Angles 66g,1,20.00,20.00
10/09/2026,20:44:07,B02714,8905331753835,Cadbury 5 Star 40g,1,20.00,20.00
10/09/2026,20:50:14,B02715,8907197864939,Bingo Mad Angles 66g,1,20.00,20.00
10/09/2026,20:59:42,B02716,8909501511089,Amul Taaza Milk 500ml,1,27.00,27.00
10/09/2026,21:06:34,B02717,8901193121348,India Gate Basmati Rice 1kg,1,135.00,135.00
10/09/2026,21:06:34,B02717,8908373852658,Closeup Red Hot 150g,1,95.00,95.00
10/09/2026,21:06:34,B02717,8909501511089,Amul Taaza Milk 500ml,1,27.00,27.00
10/09/2026,21:07:30,B02718,8902525262388,Lifebuoy Soap 125g,1,35.00,35.00
10/09/2026,21:08:45,B02719,8905982374540,Clinic Plus Shampoo Sachet 6ml,1,3.00,3.00
10/09/2026,21:08:45,B02719,8904611794537,Fair & Lovely Face Cream 50g,1,125.00,125.00
10/09/2026,21:15:34,B02720,8906715612472,Dettol Soap 125g,1,45.00,45.00
10/09/2026,21:15:34,B02720,8908977405076,Center Fresh Chewing Gum 28g,1,10.00,10.00
10/09/2026,21:15:34,B02720,8909136784575,Tata Salt 1kg,1,28.00,28.00
10/09/2026,21:23:05,B02721,8907236061046,All Out Mosquito Refill 45ml,1,85.00,85.00
10/09/2026,21:34:55,B02722,8905982374540,Clinic Plus Shampoo Sachet 6ml,1,3.00,3.00
10/09/2026,21:34:55,B02722,8908008397233,Pepsi Soft Drink 750ml,1,40.00,40.00
10/09/2026,21:38:06,B02723,8903839874342,Chik Shampoo Sachet 6ml,1,3.00,3.00
10/09/2026,21:38:06,B02723,8907436422074,Bisleri Water 1L,1,20.00,20.00
10/09/2026,21:38:06,B02723,8904233433135,Lay's Classic Salted 52g,1,20.00,20.00
10/09/2026,21:46:34,B02724,8903835745424,Harpic Toilet Cleaner 500ml,1,99.00,99.00
10/09/2026,21:49:16,B02725,8908977405076,Center Fresh Chewing Gum 28g,1,10.00,10.00
11/09/2026,06:20:38,B02726,8903711049158,Mentos Mint Roll 29g,1,10.00,10.00
11/09/2026,06:20:38,B02726,8907236061046,All Out Mosquito Refill 45ml,1,85.00,85.00
11/09/2026,06:29:26,B02727,8908401707462,Kurkure Masala Munch 90g,1,20.00,20.00
11/09/2026,06:43:52,B02728,8909713071128,Aashirvaad Atta 1kg,1,62.00,62.00
11/09/2026,06:53:45,B02729,8904626778355,Britannia Bourbon 60g,1,10.00,10.00
11/09/2026,06:59:53,B02730,8908996794274,MDH Chana Masala 100g,1,75.00,75.00
11/09/2026,06:59:53,B02730,8900635707409,Top Ramen Curry Noodles 70g,1,14.00,14.00
11/09/2026,06:59:53,B02730,8906604803769,Cadbury Dairy Milk 50g,1,45.00,45.00
11/09/2026,07:46:27,B02731,8907436422074,Bisleri Water 1L,1,20.00,20.00
11/09/2026,07:58:22,B02732,8904196790184,Mother Dairy Toned Milk 500ml,1,27.00,27.00
11/09/2026,08:03:08,B02733,8907637469151,Maaza Mango Drink 600ml,1,40.00,40.00
11/09/2026,08:03:08,B02733,8909713071128,Aashirvaad Atta 1kg,1,62.00,62.00
11/09/2026,08:03:08,B02733,8903238955901,Wheel Detergent Powder 1kg,1,62.00,62.00
11/09/2026,08:11:13,B02734,8902228449239,Polo Mint Roll 28g,1,10.00,10.00
11/09/2026,08:11:59,B02735,8901943556130,Amul Gold Milk 500ml,1,33.00,33.00
11/09/2026,08:15:25,B02736,8908401707462,Kurkure Masala Munch 90g,1,20.00,20.00
11/09/2026,08:15:25,B02736,8901943556130,Amul Gold Milk 500ml,1,33.00,33.00
11/09/2026,08:15:25,B02736,,LOOSE ITEM,1,40.00,40.00
11/09/2026,08:15:31,B02737,8906751908089,Dettol Antiseptic Liquid 125ml,1,75.00,75.00
11/09/2026,08:26:27,B02738,8907140272743,Haldiram Aloo Bhujia 42g,1,20.00,20.00
11/09/2026,08:30:28,B02739,8900248761133,Britannia Good Day Cashew 75g,1,10.00,10.00
11/09/2026,08:30:28,B02739,8903280387262,Tata Tea Gold 250g,1,145.00,145.00
11/09/2026,08:30:28,B02739,8907194704290,Maggi Masala Noodles 70g,1,14.00,14.00
11/09/2026,08:35:14,B02740,8908142746881,Santoor Soap 125g,1,35.00,35.00
11/09/2026,08:51:48,B02741,8907194704290,Maggi Masala Noodles 70g,1,14.00,14.00
11/09/2026,09:02:46,B02742,8907637469151,Maaza Mango Drink 600ml,1,40.00,40.00
11/09/2026,09:08:26,B02743,8902853532528,Daawat Rozana Rice 5kg,1,340.00,340.00
11/09/2026,09:08:26,B02743,8909023343151,Thums Up Soft Drink 750ml,1,40.00,40.00
11/09/2026,09:10:29,B02744,8901943556130,Amul Gold Milk 500ml,1,33.00,33.00
11/09/2026,09:10:29,B02744,8905557725456,Fortune Sunflower Oil 1L,1,135.00,135.00
11/09/2026,09:10:29,B02744,8906715612472,Dettol Soap 125g,1,45.00,45.00
11/09/2026,09:11:33,B02745,8901384274525,Yippee Magic Masala 70g,1,14.00,14.00
11/09/2026,09:11:33,B02745,8909501511089,Amul Taaza Milk 500ml,1,27.00,27.00
11/09/2026,09:11:33,B02745,8907174824185,Madhur Sugar 1kg,1,48.00,48.00
11/09/2026,09:13:36,B02746,8907174824185,Madhur Sugar 1kg,1,48.00,48.00
11/09/2026,09:24:58,B02747,8904472281122,Gillette Shaving Cream 70g,1,99.00,99.00
11/09/2026,09:24:58,B02747,8909120041196,Surf Excel Easy Wash 500g,1,68.00,68.00
11/09/2026,09:34:35,B02748,8900248761133,Britannia Good Day Cashew 75g,1,10.00,10.00
11/09/2026,09:42:56,B02749,8904657151196,Lux Soap 100g,1,35.00,35.00
11/09/2026,09:42:56,B02749,8909023343151,Thums Up Soft Drink 750ml,1,40.00,40.00
11/09/2026,09:47:12,B02750,8904823446491,Taj Mahal Tea 250g,1,175.00,175.00
11/09/2026,09:59:43,B02751,8909713071128,Aashirvaad Atta 1kg,1,62.00,62.00
11/09/2026,09:59:43,B02751,8904196790184,Mother Dairy Toned Milk 500ml,1,27.00,27.00
11/09/2026,10:06:24,B02752,8903277964018,Medimix Soap 125g,1,40.00,40.00
11/09/2026,10:11:57,B02753,8907194704290,Maggi Masala Noodles 70g,1,14.00,14.00
11/09/2026,10:12:58,B02754,8903401125742,Frooti Mango Drink 600ml,1,40.00,40.00
11/09/2026,10:15:56,B02755,8908757386939,Sunfeast Marie Light 75g,1,10.00,10.00
11/09/2026,10:15:56,B02755,8902550748321,Sprite Soft Drink 750ml,1,40.00,40.00
11/09/2026,10:29:28,B02756,8909501511089,Amul Taaza Milk 500ml,1,27.00,27.00
11/09/2026,10:38:55,B02757,8909567262253,Dhara Mustard Oil 1L,1,155.00,155.00
11/09/2026,10:38:55,B02757,8904196790184,Mother Dairy Toned Milk 500ml,1,27.00,27.00
11/09/2026,10:38:55,B02757,8909501511089,Amul Taaza Milk 500ml,1,27.00,27.00
11/09/2026,10:50:26,B02758,8900248761133,Britannia Good Day Cashew 75g,1,10.00,10.00
11/09/2026,10:54:11,B02759,8900257989146,Parle Krackjack 70g,1,10.00,10.00
11/09/2026,11:12:48,B02760,8909427653757,Parle Parle-G Biscuits 70g,1,10.00,10.00
11/09/2026,11:22:00,B02761,8909501511089,Amul Taaza Milk 500ml,1,27.00,27.00
11/09/2026,11:24:08,B02762,8907867306226,Rin Detergent Bar 250g,1,20.00,20.00
11/09/2026,11:24:08,B02762,8909600566041,Cadbury Gems 17g,1,10.00,10.00
11/09/2026,11:27:32,B02763,8908142746881,Santoor Soap 125g,1,35.00,35.00
11/09/2026,11:27:32,B02763,8906036439130,Cadbury Perk 35g,1,20.00,20.00
11/09/2026,11:45:04,B02764,,LOOSE ITEM,1,125.00,125.00
11/09/2026,11:45:15,B02765,8904116546181,Maggi Masala Noodles 4-pack 280g,1,56.00,56.00
11/09/2026,11:47:47,B02766,8908401707462,Kurkure Masala Munch 90g,1,20.00,20.00
11/09/2026,12:20:04,B02767,8907867306226,Rin Detergent Bar 250g,1,20.00,20.00
11/09/2026,12:32:01,B02768,8901384274525,Yippee Magic Masala 70g,1,14.00,14.00
11/09/2026,12:40:36,B02769,8909023343151,Thums Up Soft Drink 750ml,1,40.00,40.00
11/09/2026,12:50:04,B02770,8904233433135,Lay's Classic Salted 52g,1,20.00,20.00
11/09/2026,12:50:04,B02770,8909023343151,Thums Up Soft Drink 750ml,1,40.00,40.00
11/09/2026,12:50:04,B02770,8906715612472,Dettol Soap 125g,1,45.00,45.00
11/09/2026,12:50:56,B02771,8904196790184,Mother Dairy Toned Milk 500ml,2,27.00,54.00
11/09/2026,12:50:56,B02771,8907560856516,Nestle Munch 20g,1,10.00,10.00
11/09/2026,13:01:59,B02772,8909427653757,Parle Parle-G Biscuits 70g,1,10.00,10.00
11/09/2026,13:04:49,B02773,8909600566041,Cadbury Gems 17g,1,10.00,10.00
11/09/2026,14:01:35,B02774,8905982374540,Clinic Plus Shampoo Sachet 6ml,1,3.00,3.00
11/09/2026,14:54:35,B02775,8908401707462,Kurkure Masala Munch 90g,1,20.00,20.00
11/09/2026,15:09:31,B02776,8906710455012,Vim Dishwash Gel 500ml,1,115.00,115.00
11/09/2026,15:09:31,B02776,,LOOSE ITEM,1,10.00,10.00
11/09/2026,15:09:31,B02776,8900248761133,Britannia Good Day Cashew 75g,1,10.00,10.00
11/09/2026,15:12:29,B02777,8904233433135,Lay's Classic Salted 52g,1,20.00,20.00
11/09/2026,15:12:29,B02777,8909023343151,Thums Up Soft Drink 750ml,1,40.00,40.00
11/09/2026,15:28:20,B02778,8907140272743,Haldiram Aloo Bhujia 42g,1,20.00,20.00
11/09/2026,15:28:20,B02778,8901943556130,Amul Gold Milk 500ml,1,33.00,33.00
11/09/2026,15:28:20,B02778,8904872245939,Tropicana Orange Juice 1L,1,125.00,125.00
11/09/2026,15:49:33,B02779,8905331753835,Cadbury 5 Star 40g,1,20.00,20.00
11/09/2026,15:49:33,B02779,8908944388630,Fortune Soyabean Oil 1L,1,125.00,125.00
11/09/2026,15:51:36,B02780,8905270366202,Everest Turmeric Powder 200g,1,68.00,68.00
11/09/2026,15:51:36,B02780,8908401707462,Kurkure Masala Munch 90g,1,20.00,20.00
11/09/2026,15:54:20,B02781,8903379154812,Amul Butter 500g,1,295.00,295.00
11/09/2026,15:54:20,B02781,8909120041196,Surf Excel Easy Wash 500g,1,68.00,68.00
11/09/2026,15:58:33,B02782,8907867306226,Rin Detergent Bar 250g,1,20.00,20.00
11/09/2026,15:58:33,B02782,8904485193979,Tide Detergent Powder 1kg,1,115.00,115.00
11/09/2026,16:01:11,B02783,8908142746881,Santoor Soap 125g,1,35.00,35.00
11/09/2026,16:36:17,B02784,8908401707462,Kurkure Masala Munch 90g,1,20.00,20.00
11/09/2026,16:53:50,B02785,8907637469151,Maaza Mango Drink 600ml,1,40.00,40.00
11/09/2026,16:53:50,B02785,8901384274525,Yippee Magic Masala 70g,1,14.00,14.00
11/09/2026,17:08:50,B02786,8909136784575,Tata Salt 1kg,1,28.00,28.00
11/09/2026,17:13:53,B02787,8901018275973,Nescafe Classic Coffee 50g,1,175.00,175.00
11/09/2026,17:25:18,B02788,8907194704290,Maggi Masala Noodles 70g,1,14.00,14.00
11/09/2026,17:28:49,B02789,8904196790184,Mother Dairy Toned Milk 500ml,1,27.00,27.00
11/09/2026,17:28:49,B02789,8909136784575,Tata Salt 1kg,1,28.00,28.00
11/09/2026,17:37:33,B02790,8907483429934,Pepsodent Germicheck 100g,1,55.00,55.00
11/09/2026,17:37:33,B02790,8901393160451,Coca-Cola Soft Drink 750ml,1,40.00,40.00
11/09/2026,17:44:20,B02791,8902228449239,Polo Mint Roll 28g,1,10.00,10.00
11/09/2026,17:44:41,B02792,8909023343151,Thums Up Soft Drink 750ml,1,40.00,40.00
11/09/2026,17:58:05,B02793,8907867306226,Rin Detergent Bar 250g,1,20.00,20.00
11/09/2026,17:58:05,B02793,8902853532528,Daawat Rozana Rice 5kg,1,340.00,340.00
11/09/2026,18:04:15,B02794,8907436422074,Bisleri Water 1L,1,20.00,20.00
11/09/2026,18:17:28,B02795,8906751908089,Dettol Antiseptic Liquid 125ml,1,75.00,75.00
11/09/2026,18:19:26,B02796,8908977405076,Center Fresh Chewing Gum 28g,1,10.00,10.00
11/09/2026,18:19:26,B02796,8908193642644,Nestle Milkmaid 400g,1,145.00,145.00
11/09/2026,18:22:46,B02797,8909501511089,Amul Taaza Milk 500ml,1,27.00,27.00
11/09/2026,18:22:46,B02797,8902228449239,Polo Mint Roll 28g,1,10.00,10.00
11/09/2026,18:32:20,B02798,8909427653757,Parle Parle-G Biscuits 70g,1,10.00,10.00
11/09/2026,18:32:20,B02798,8901384274525,Yippee Magic Masala 70g,1,14.00,14.00
11/09/2026,18:35:32,B02799,8907436422074,Bisleri Water 1L,1,20.00,20.00
11/09/2026,18:38:24,B02800,8906576251407,Colgate MaxFresh 150g,1,99.00,99.00
11/09/2026,18:38:36,B02801,8901018275973,Nescafe Classic Coffee 50g,1,175.00,175.00
11/09/2026,18:42:17,B02802,8903839874342,Chik Shampoo Sachet 6ml,1,3.00,3.00
11/09/2026,18:42:17,B02802,8901393160451,Coca-Cola Soft Drink 750ml,1,40.00,40.00
11/09/2026,18:42:17,B02802,8904921237526,Alpenliebe Candy Pack 50g,1,20.00,20.00
11/09/2026,18:46:51,B02803,8907637469151,Maaza Mango Drink 600ml,1,40.00,40.00
11/09/2026,18:58:59,B02804,8909600566041,Cadbury Gems 17g,1,10.00,10.00
11/09/2026,18:58:59,B02804,8903632424966,Nestle KitKat 37g,1,20.00,20.00
11/09/2026,18:59:21,B02805,8900257989146,Parle Krackjack 70g,1,10.00,10.00
11/09/2026,19:00:27,B02806,8904485193979,Tide Detergent Powder 1kg,1,115.00,115.00
11/09/2026,19:05:45,B02807,8905557725456,Fortune Sunflower Oil 1L,1,135.00,135.00
11/09/2026,19:05:45,B02807,8909023343151,Thums Up Soft Drink 750ml,1,40.00,40.00
11/09/2026,19:07:49,B02808,8905331753835,Cadbury 5 Star 40g,1,20.00,20.00
11/09/2026,19:15:29,B02809,8908401707462,Kurkure Masala Munch 90g,1,20.00,20.00
11/09/2026,19:21:46,B02810,8908233620472,Good Knight Mosquito Refill 45ml,1,85.00,85.00
11/09/2026,19:21:46,B02810,8907637469151,Maaza Mango Drink 600ml,1,40.00,40.00
11/09/2026,19:24:46,B02811,8909713071128,Aashirvaad Atta 1kg,1,62.00,62.00
11/09/2026,19:32:07,B02812,8908233620472,Good Knight Mosquito Refill 45ml,1,85.00,85.00
11/09/2026,19:35:49,B02813,8903632424966,Nestle KitKat 37g,1,20.00,20.00
11/09/2026,19:35:49,B02813,8909501511089,Amul Taaza Milk 500ml,1,27.00,27.00
11/09/2026,19:35:49,B02813,8900349807556,Amul Cheese Slices 200g,1,145.00,145.00
11/09/2026,19:39:52,B02814,8903401125742,Frooti Mango Drink 600ml,1,40.00,40.00
11/09/2026,19:53:54,B02815,8900248761133,Britannia Good Day Cashew 75g,1,10.00,10.00
11/09/2026,20:13:53,B02816,8906118385591,Kissan Mixed Fruit Jam 500g,1,145.00,145.00
11/09/2026,20:13:53,B02816,8901943556130,Amul Gold Milk 500ml,1,33.00,33.00
11/09/2026,20:15:10,B02817,8905331753835,Cadbury 5 Star 40g,1,20.00,20.00
11/09/2026,20:18:36,B02818,8900257989146,Parle Krackjack 70g,1,10.00,10.00
11/09/2026,20:18:36,B02818,8909501511089,Amul Taaza Milk 500ml,1,27.00,27.00
11/09/2026,20:18:36,B02818,8905331753835,Cadbury 5 Star 40g,1,20.00,20.00
11/09/2026,20:29:22,B02819,8903839874342,Chik Shampoo Sachet 6ml,1,3.00,3.00
11/09/2026,20:31:20,B02820,8909501511089,Amul Taaza Milk 500ml,1,27.00,27.00
11/09/2026,20:34:01,B02821,8907560856516,Nestle Munch 20g,1,10.00,10.00
11/09/2026,20:34:01,B02821,8909427653757,Parle Parle-G Biscuits 70g,1,10.00,10.00
11/09/2026,20:38:23,B02822,8903632424966,Nestle KitKat 37g,1,20.00,20.00
11/09/2026,20:43:13,B02823,8900635707409,Top Ramen Curry Noodles 70g,1,14.00,14.00
11/09/2026,20:50:08,B02824,8909202363543,Catch Red Chilli Powder 100g,1,62.00,62.00
11/09/2026,21:00:08,B02825,8900248761133,Britannia Good Day Cashew 75g,1,10.00,10.00
11/09/2026,21:00:50,B02826,8904485193979,Tide Detergent Powder 1kg,1,115.00,115.00
11/09/2026,21:26:43,B02827,8901384274525,Yippee Magic Masala 70g,1,14.00,14.00
11/09/2026,21:41:19,B02828,8902473535046,Kinley Water 1L,1,20.00,20.00
11/09/2026,21:42:45,B02829,8907174824185,Madhur Sugar 1kg,1,48.00,48.00
11/09/2026,21:51:11,B02830,8900248761133,Britannia Good Day Cashew 75g,1,10.00,10.00
11/09/2026,21:51:11,B02830,8901384274525,Yippee Magic Masala 70g,1,14.00,14.00
11/09/2026,21:51:11,B02830,8909746434730,Kissan Tomato Ketchup 950g,1,135.00,135.00
12/09/2026,06:09:56,B02831,8901469251052,Dabur Red Paste 100g,1,55.00,55.00
12/09/2026,06:14:29,B02832,8901018275973,Nescafe Classic Coffee 50g,1,175.00,175.00
12/09/2026,06:17:14,B02833,8909600566041,Cadbury Gems 17g,1,10.00,10.00
12/09/2026,06:52:06,B02834,8904485193979,Tide Detergent Powder 1kg,1,115.00,115.00
12/09/2026,06:52:06,B02834,8900248761133,Britannia Good Day Cashew 75g,1,10.00,10.00
12/09/2026,07:04:59,B02835,8904233433135,Lay's Classic Salted 52g,1,20.00,20.00
12/09/2026,07:05:23,B02836,8904921237526,Alpenliebe Candy Pack 50g,1,20.00,20.00
12/09/2026,07:06:46,B02837,8905982374540,Clinic Plus Shampoo Sachet 6ml,1,3.00,3.00
12/09/2026,07:10:19,B02838,8903401125742,Frooti Mango Drink 600ml,1,40.00,40.00
12/09/2026,07:24:49,B02839,8908757386939,Sunfeast Marie Light 75g,1,10.00,10.00
12/09/2026,07:30:43,B02840,8908977405076,Center Fresh Chewing Gum 28g,1,10.00,10.00
12/09/2026,07:55:17,B02841,8903401125742,Frooti Mango Drink 600ml,1,40.00,40.00
12/09/2026,07:56:54,B02842,8906710455012,Vim Dishwash Gel 500ml,1,115.00,115.00
12/09/2026,08:02:31,B02843,8906212271295,Clinic Plus Shampoo 175ml,1,99.00,99.00
12/09/2026,08:15:40,B02844,8903839874342,Chik Shampoo Sachet 6ml,1,3.00,3.00
12/09/2026,08:17:25,B02845,8908757386939,Sunfeast Marie Light 75g,1,10.00,10.00
12/09/2026,08:17:45,B02846,8908142746881,Santoor Soap 125g,1,35.00,35.00
12/09/2026,08:18:19,B02847,8903277964018,Medimix Soap 125g,1,40.00,40.00
12/09/2026,08:24:21,B02848,8908757386939,Sunfeast Marie Light 75g,1,10.00,10.00
12/09/2026,08:32:22,B02849,8909136784575,Tata Salt 1kg,1,28.00,28.00
12/09/2026,08:32:22,B02849,8909746434730,Kissan Tomato Ketchup 950g,1,135.00,135.00
12/09/2026,08:40:59,B02850,8906715612472,Dettol Soap 125g,1,45.00,45.00
12/09/2026,08:43:32,B02851,8904176990627,Lizol Floor Cleaner 500ml,1,99.00,99.00
12/09/2026,08:43:32,B02851,8907174824185,Madhur Sugar 1kg,1,48.00,48.00
12/09/2026,08:43:32,B02851,8907194704290,Maggi Masala Noodles 70g,1,14.00,14.00
12/09/2026,08:44:59,B02852,,LOOSE ITEM,1,10.00,10.00
12/09/2026,08:49:14,B02853,8902525262388,Lifebuoy Soap 125g,1,35.00,35.00
12/09/2026,08:52:24,B02854,8908142746881,Santoor Soap 125g,1,35.00,35.00
12/09/2026,08:57:17,B02855,8907637469151,Maaza Mango Drink 600ml,1,40.00,40.00
12/09/2026,08:57:17,B02855,8905875652885,Maggi Hot & Sweet Sauce 500g,1,115.00,115.00
12/09/2026,08:57:17,B02855,8906743689880,Colgate Strong Teeth 100g,1,55.00,55.00
12/09/2026,08:59:57,B02856,8902525262388,Lifebuoy Soap 125g,1,35.00,35.00
12/09/2026,09:07:10,B02857,8904657151196,Lux Soap 100g,1,35.00,35.00
12/09/2026,09:12:49,B02858,8906743689880,Colgate Strong Teeth 100g,1,55.00,55.00
12/09/2026,09:12:49,B02858,8901193121348,India Gate Basmati Rice 1kg,1,135.00,135.00
12/09/2026,09:12:49,B02858,8903839874342,Chik Shampoo Sachet 6ml,1,3.00,3.00
12/09/2026,09:13:59,B02859,8903711049158,Mentos Mint Roll 29g,1,10.00,10.00
12/09/2026,09:13:59,B02859,8907194704290,Maggi Masala Noodles 70g,1,14.00,14.00
12/09/2026,09:13:59,B02859,8904116546181,Maggi Masala Noodles 4-pack 280g,1,56.00,56.00
12/09/2026,09:15:18,B02860,,LOOSE ITEM,1,10.00,10.00
12/09/2026,09:31:00,B02861,8905875652885,Maggi Hot & Sweet Sauce 500g,1,115.00,115.00
12/09/2026,09:34:41,B02862,8907194704290,Maggi Masala Noodles 70g,1,14.00,14.00
12/09/2026,09:36:46,B02863,8900248761133,Britannia Good Day Cashew 75g,1,10.00,10.00
12/09/2026,09:37:02,B02864,,LOOSE ITEM,1,28.00,28.00
12/09/2026,09:41:13,B02865,8901393160451,Coca-Cola Soft Drink 750ml,1,40.00,40.00
12/09/2026,09:45:34,B02866,8900257989146,Parle Krackjack 70g,1,10.00,10.00
12/09/2026,09:49:34,B02867,8901393160451,Coca-Cola Soft Drink 750ml,1,40.00,40.00
12/09/2026,09:49:34,B02867,8904823446491,Taj Mahal Tea 250g,1,175.00,175.00
12/09/2026,09:53:15,B02868,8906743689880,Colgate Strong Teeth 100g,1,55.00,55.00
12/09/2026,09:56:05,B02869,8907174824185,Madhur Sugar 1kg,1,48.00,48.00
12/09/2026,09:56:05,B02869,8903839874342,Chik Shampoo Sachet 6ml,1,3.00,3.00
12/09/2026,09:59:58,B02870,8908401707462,Kurkure Masala Munch 90g,1,20.00,20.00
12/09/2026,10:00:13,B02871,8904921237526,Alpenliebe Candy Pack 50g,1,20.00,20.00
12/09/2026,10:00:57,B02872,8905982374540,Clinic Plus Shampoo Sachet 6ml,1,3.00,3.00
12/09/2026,10:04:22,B02873,8907194704290,Maggi Masala Noodles 70g,1,14.00,14.00
12/09/2026,10:14:46,B02874,8904196790184,Mother Dairy Toned Milk 500ml,1,27.00,27.00
12/09/2026,10:16:45,B02875,8907236061046,All Out Mosquito Refill 45ml,1,85.00,85.00
12/09/2026,10:50:17,B02876,8906743689880,Colgate Strong Teeth 100g,1,55.00,55.00
12/09/2026,10:50:17,B02876,8905875652885,Maggi Hot & Sweet Sauce 500g,1,115.00,115.00
12/09/2026,10:54:50,B02877,8901393160451,Coca-Cola Soft Drink 750ml,1,40.00,40.00
12/09/2026,10:57:47,B02878,8901469251052,Dabur Red Paste 100g,1,55.00,55.00
12/09/2026,11:05:29,B02879,8904176990627,Lizol Floor Cleaner 500ml,1,99.00,99.00
12/09/2026,11:20:10,B02880,8908977405076,Center Fresh Chewing Gum 28g,1,10.00,10.00
12/09/2026,11:23:50,B02881,8901943556130,Amul Gold Milk 500ml,1,33.00,33.00
12/09/2026,11:36:13,B02882,8908008397233,Pepsi Soft Drink 750ml,1,40.00,40.00
12/09/2026,11:41:23,B02883,,LOOSE ITEM,1,3.00,3.00
12/09/2026,11:41:23,B02883,8909427653757,Parle Parle-G Biscuits 70g,1,10.00,10.00
12/09/2026,11:43:46,B02884,8909501511089,Amul Taaza Milk 500ml,1,27.00,27.00
12/09/2026,11:43:46,B02884,8901943556130,Amul Gold Milk 500ml,1,33.00,33.00
12/09/2026,11:43:46,B02884,8902267109279,Tata Sampann Toor Dal 1kg,1,165.00,165.00
12/09/2026,12:07:13,B02885,8907236061046,All Out Mosquito Refill 45ml,1,85.00,85.00
12/09/2026,12:07:13,B02885,8904233433135,Lay's Classic Salted 52g,1,20.00,20.00
12/09/2026,12:09:27,B02886,8906715612472,Dettol Soap 125g,1,45.00,45.00
12/09/2026,12:11:44,B02887,8909501511089,Amul Taaza Milk 500ml,1,27.00,27.00
12/09/2026,12:11:44,B02887,8906743689880,Colgate Strong Teeth 100g,1,55.00,55.00
12/09/2026,12:11:44,B02887,8908944388630,Fortune Soyabean Oil 1L,1,125.00,125.00
12/09/2026,12:17:14,B02888,8902550748321,Sprite Soft Drink 750ml,1,40.00,40.00
12/09/2026,12:17:14,B02888,8909713071128,Aashirvaad Atta 1kg,1,62.00,62.00
12/09/2026,12:17:14,B02888,8906604803769,Cadbury Dairy Milk 50g,1,45.00,45.00
12/09/2026,12:30:24,B02889,8908401707462,Kurkure Masala Munch 90g,1,20.00,20.00
12/09/2026,12:41:24,B02890,8903839874342,Chik Shampoo Sachet 6ml,1,3.00,3.00
12/09/2026,12:41:24,B02890,8907197864939,Bingo Mad Angles 66g,1,20.00,20.00
12/09/2026,13:25:11,B02891,8904921237526,Alpenliebe Candy Pack 50g,1,20.00,20.00
12/09/2026,13:48:23,B02892,8906036439130,Cadbury Perk 35g,1,20.00,20.00
12/09/2026,13:57:39,B02893,8903238955901,Wheel Detergent Powder 1kg,1,62.00,62.00
12/09/2026,14:03:58,B02894,8909136784575,Tata Salt 1kg,1,28.00,28.00
12/09/2026,14:08:52,B02895,8900248761133,Britannia Good Day Cashew 75g,1,10.00,10.00
12/09/2026,14:24:22,B02896,8909501511089,Amul Taaza Milk 500ml,1,27.00,27.00
12/09/2026,14:38:26,B02897,8908757386939,Sunfeast Marie Light 75g,1,10.00,10.00
12/09/2026,14:43:58,B02898,8909501511089,Amul Taaza Milk 500ml,1,27.00,27.00
12/09/2026,14:43:58,B02898,8907436422074,Bisleri Water 1L,1,20.00,20.00
12/09/2026,14:46:16,B02899,8907637469151,Maaza Mango Drink 600ml,1,40.00,40.00
12/09/2026,14:46:16,B02899,8906604803769,Cadbury Dairy Milk 50g,1,45.00,45.00
12/09/2026,14:57:30,B02900,8907140272743,Haldiram Aloo Bhujia 42g,1,20.00,20.00
12/09/2026,14:57:30,B02900,8902234478650,Vim Dishwash Bar 300g,1,30.00,30.00
12/09/2026,14:57:30,B02900,8901943556130,Amul Gold Milk 500ml,1,33.00,33.00
12/09/2026,15:06:42,B02901,,LOOSE ITEM,1,62.00,62.00
12/09/2026,15:06:42,B02901,8901384274525,Yippee Magic Masala 70g,1,14.00,14.00
12/09/2026,15:06:42,B02901,8907560856516,Nestle Munch 20g,1,10.00,10.00
12/09/2026,15:06:48,B02902,8909501511089,Amul Taaza Milk 500ml,1,27.00,27.00
12/09/2026,15:38:16,B02903,8909023343151,Thums Up Soft Drink 750ml,1,40.00,40.00
12/09/2026,15:42:36,B02904,8906715612472,Dettol Soap 125g,1,45.00,45.00
12/09/2026,15:42:36,B02904,8905982374540,Clinic Plus Shampoo Sachet 6ml,1,3.00,3.00
12/09/2026,15:43:01,B02905,8904233433135,Lay's Classic Salted 52g,1,20.00,20.00
12/09/2026,16:01:30,B02906,8903711049158,Mentos Mint Roll 29g,1,10.00,10.00
12/09/2026,16:17:47,B02907,8905875652885,Maggi Hot & Sweet Sauce 500g,1,115.00,115.00
12/09/2026,16:17:47,B02907,,LOOSE ITEM,1,35.00,35.00
12/09/2026,16:23:29,B02908,8902550748321,Sprite Soft Drink 750ml,1,40.00,40.00
12/09/2026,16:38:31,B02909,8906715612472,Dettol Soap 125g,1,45.00,45.00
12/09/2026,16:59:53,B02910,8900635707409,Top Ramen Curry Noodles 70g,1,14.00,14.00
12/09/2026,16:59:53,B02910,8906715612472,Dettol Soap 125g,1,45.00,45.00
12/09/2026,17:08:27,B02911,8907436422074,Bisleri Water 1L,1,20.00,20.00
12/09/2026,17:08:27,B02911,8904921237526,Alpenliebe Candy Pack 50g,1,20.00,20.00
12/09/2026,17:09:29,B02912,8905982374540,Clinic Plus Shampoo Sachet 6ml,1,3.00,3.00
12/09/2026,17:11:45,B02913,8904626778355,Britannia Bourbon 60g,1,10.00,10.00
12/09/2026,17:16:11,B02914,8906036439130,Cadbury Perk 35g,2,20.00,40.00
12/09/2026,17:16:11,B02914,8901018275973,Nescafe Classic Coffee 50g,1,175.00,175.00
12/09/2026,17:19:46,B02915,8907064047854,Bournvita Health Drink 500g,1,245.00,245.00
12/09/2026,17:33:43,B02916,8907560856516,Nestle Munch 20g,1,10.00,10.00
12/09/2026,17:33:43,B02916,8909023343151,Thums Up Soft Drink 750ml,1,40.00,40.00
12/09/2026,17:41:05,B02917,8908996794274,MDH Chana Masala 100g,1,75.00,75.00
12/09/2026,17:41:05,B02917,8908977405076,Center Fresh Chewing Gum 28g,1,10.00,10.00
12/09/2026,17:42:05,B02918,8903632424966,Nestle KitKat 37g,1,20.00,20.00
12/09/2026,17:42:05,B02918,8909136784575,Tata Salt 1kg,1,28.00,28.00
12/09/2026,17:42:05,B02918,8906604803769,Cadbury Dairy Milk 50g,1,45.00,45.00
12/09/2026,17:42:44,B02919,8909534043717,Amul Masti Dahi 400g,1,45.00,45.00
12/09/2026,17:42:50,B02920,8908401707462,Kurkure Masala Munch 90g,1,20.00,20.00
12/09/2026,17:42:50,B02920,,LOOSE ITEM,1,10.00,10.00
12/09/2026,17:44:43,B02921,8903632424966,Nestle KitKat 37g,1,20.00,20.00
12/09/2026,17:44:43,B02921,8907194704290,Maggi Masala Noodles 70g,1,14.00,14.00
12/09/2026,17:47:38,B02922,8907197864939,Bingo Mad Angles 66g,1,20.00,20.00
12/09/2026,17:56:43,B02923,8907436422074,Bisleri Water 1L,1,20.00,20.00
12/09/2026,17:56:43,B02923,8903379154812,Amul Butter 500g,1,295.00,295.00
12/09/2026,17:56:43,B02923,8907194704290,Maggi Masala Noodles 70g,1,14.00,14.00
12/09/2026,18:07:05,B02924,8904233433135,Lay's Classic Salted 52g,1,20.00,20.00
12/09/2026,18:09:39,B02925,8909501511089,Amul Taaza Milk 500ml,1,27.00,27.00
12/09/2026,18:09:53,B02926,8907174824185,Madhur Sugar 1kg,1,48.00,48.00
12/09/2026,18:09:53,B02926,8907560856516,Nestle Munch 20g,1,10.00,10.00
12/09/2026,18:10:28,B02927,8906780453871,Red Label Tea 250g,1,135.00,135.00
12/09/2026,18:10:46,B02928,8908977405076,Center Fresh Chewing Gum 28g,1,10.00,10.00
12/09/2026,18:10:46,B02928,,LOOSE ITEM,1,40.00,40.00
12/09/2026,18:18:14,B02929,8907194704290,Maggi Masala Noodles 70g,2,14.00,28.00
12/09/2026,18:18:14,B02929,8908757386939,Sunfeast Marie Light 75g,1,10.00,10.00
12/09/2026,18:36:41,B02930,8906036439130,Cadbury Perk 35g,1,20.00,20.00
12/09/2026,18:39:43,B02931,8909501511089,Amul Taaza Milk 500ml,1,27.00,27.00
12/09/2026,18:39:43,B02931,,LOOSE ITEM,1,35.00,35.00
12/09/2026,18:39:43,B02931,8901943556130,Amul Gold Milk 500ml,1,33.00,33.00
12/09/2026,18:40:32,B02932,8901943556130,Amul Gold Milk 500ml,1,33.00,33.00
12/09/2026,18:43:18,B02933,8907194704290,Maggi Masala Noodles 70g,1,14.00,14.00
12/09/2026,18:43:18,B02933,8905982374540,Clinic Plus Shampoo Sachet 6ml,1,3.00,3.00
12/09/2026,18:50:27,B02934,8904233433135,Lay's Classic Salted 52g,1,20.00,20.00
12/09/2026,18:50:50,B02935,8904823446491,Taj Mahal Tea 250g,1,175.00,175.00
12/09/2026,18:50:50,B02935,8907194704290,Maggi Masala Noodles 70g,1,14.00,14.00
12/09/2026,18:55:30,B02936,8907867306226,Rin Detergent Bar 250g,1,20.00,20.00
12/09/2026,18:55:30,B02936,8908142746881,Santoor Soap 125g,1,35.00,35.00
12/09/2026,18:55:30,B02936,8906118385591,Kissan Mixed Fruit Jam 500g,1,145.00,145.00
12/09/2026,18:55:38,B02937,8901393160451,Coca-Cola Soft Drink 750ml,1,40.00,40.00
12/09/2026,18:57:22,B02938,8909501511089,Amul Taaza Milk 500ml,1,27.00,27.00
12/09/2026,18:57:22,B02938,8904196790184,Mother Dairy Toned Milk 500ml,1,27.00,27.00
12/09/2026,18:57:22,B02938,8901018275973,Nescafe Classic Coffee 50g,1,175.00,175.00
12/09/2026,19:04:28,B02939,8904626778355,Britannia Bourbon 60g,1,10.00,10.00
12/09/2026,19:05:09,B02940,8909023343151,Thums Up Soft Drink 750ml,1,40.00,40.00
12/09/2026,19:05:41,B02941,8902234478650,Vim Dishwash Bar 300g,1,30.00,30.00
12/09/2026,19:05:41,B02941,8902525262388,Lifebuoy Soap 125g,1,35.00,35.00
12/09/2026,19:05:41,B02941,8901393160451,Coca-Cola Soft Drink 750ml,1,40.00,40.00
12/09/2026,19:06:40,B02942,8907560856516,Nestle Munch 20g,1,10.00,10.00
12/09/2026,19:06:40,B02942,8909534043717,Amul Masti Dahi 400g,1,45.00,45.00
12/09/2026,19:06:53,B02943,8903839874342,Chik Shampoo Sachet 6ml,1,3.00,3.00
12/09/2026,19:08:57,B02944,,LOOSE ITEM,1,20.00,20.00
12/09/2026,19:11:16,B02945,8904611794537,Fair & Lovely Face Cream 50g,1,125.00,125.00
12/09/2026,19:11:16,B02945,8905557725456,Fortune Sunflower Oil 1L,1,135.00,135.00
12/09/2026,19:16:58,B02946,8904196790184,Mother Dairy Toned Milk 500ml,1,27.00,27.00
12/09/2026,19:22:15,B02947,,LOOSE ITEM,1,3.00,3.00
12/09/2026,19:23:04,B02948,8908401707462,Kurkure Masala Munch 90g,1,20.00,20.00
12/09/2026,19:29:45,B02949,8905875652885,Maggi Hot & Sweet Sauce 500g,1,115.00,115.00
12/09/2026,19:29:45,B02949,8902473535046,Kinley Water 1L,1,20.00,20.00
12/09/2026,19:29:45,B02949,8906036439130,Cadbury Perk 35g,1,20.00,20.00
12/09/2026,19:35:00,B02950,8903401125742,Frooti Mango Drink 600ml,1,40.00,40.00
12/09/2026,19:35:00,B02950,8906743689880,Colgate Strong Teeth 100g,1,55.00,55.00
12/09/2026,19:39:15,B02951,8906604803769,Cadbury Dairy Milk 50g,1,45.00,45.00
12/09/2026,19:39:15,B02951,8901393160451,Coca-Cola Soft Drink 750ml,1,40.00,40.00
12/09/2026,19:42:18,B02952,8901943556130,Amul Gold Milk 500ml,1,33.00,33.00
12/09/2026,19:44:29,B02953,8902525262388,Lifebuoy Soap 125g,1,35.00,35.00
12/09/2026,19:44:29,B02953,8906378779086,Surf Excel Easy Wash 1kg,1,125.00,125.00
12/09/2026,19:46:19,B02954,8904233433135,Lay's Classic Salted 52g,1,20.00,20.00
12/09/2026,19:46:19,B02954,8909600566041,Cadbury Gems 17g,1,10.00,10.00
12/09/2026,19:46:19,B02954,8903711049158,Mentos Mint Roll 29g,1,10.00,10.00
12/09/2026,19:53:50,B02955,8903711049158,Mentos Mint Roll 29g,1,10.00,10.00
12/09/2026,19:53:50,B02955,8904116546181,Maggi Masala Noodles 4-pack 280g,1,56.00,56.00
12/09/2026,20:01:28,B02956,8902550748321,Sprite Soft Drink 750ml,1,40.00,40.00
12/09/2026,20:01:28,B02956,8903711049158,Mentos Mint Roll 29g,1,10.00,10.00
12/09/2026,20:01:32,B02957,8904196790184,Mother Dairy Toned Milk 500ml,1,27.00,27.00
12/09/2026,20:01:32,B02957,8907436422074,Bisleri Water 1L,1,20.00,20.00
12/09/2026,20:06:48,B02958,8908757386939,Sunfeast Marie Light 75g,1,10.00,10.00
12/09/2026,20:06:48,B02958,8909427653757,Parle Parle-G Biscuits 70g,1,10.00,10.00
12/09/2026,20:09:07,B02959,8904116546181,Maggi Masala Noodles 4-pack 280g,1,56.00,56.00
12/09/2026,20:09:07,B02959,8907844307079,Saffola Gold Oil 1L,1,175.00,175.00
12/09/2026,20:14:26,B02960,8909746434730,Kissan Tomato Ketchup 950g,1,135.00,135.00
12/09/2026,20:29:38,B02961,8901943556130,Amul Gold Milk 500ml,1,33.00,33.00
12/09/2026,20:29:38,B02961,8904657151196,Lux Soap 100g,1,35.00,35.00
12/09/2026,20:29:51,B02962,8908084499371,Amul Butter 100g,1,62.00,62.00
12/09/2026,20:29:51,B02962,8903277964018,Medimix Soap 125g,1,40.00,40.00
12/09/2026,20:39:49,B02963,8903632424966,Nestle KitKat 37g,1,20.00,20.00
12/09/2026,20:40:45,B02964,8909567262253,Dhara Mustard Oil 1L,1,155.00,155.00
12/09/2026,20:46:12,B02965,8901384274525,Yippee Magic Masala 70g,1,14.00,14.00
12/09/2026,20:46:12,B02965,8906212271295,Clinic Plus Shampoo 175ml,1,99.00,99.00
12/09/2026,20:46:12,B02965,8903401125742,Frooti Mango Drink 600ml,1,40.00,40.00
12/09/2026,21:18:14,B02966,8904233433135,Lay's Classic Salted 52g,1,20.00,20.00
12/09/2026,21:18:14,B02966,8909501511089,Amul Taaza Milk 500ml,1,27.00,27.00
12/09/2026,21:18:14,B02966,8908401707462,Kurkure Masala Munch 90g,1,20.00,20.00
12/09/2026,21:20:08,B02967,8904233433135,Lay's Classic Salted 52g,1,20.00,20.00
12/09/2026,21:20:08,B02967,8904921237526,Alpenliebe Candy Pack 50g,1,20.00,20.00
12/09/2026,21:25:01,B02968,8901943556130,Amul Gold Milk 500ml,1,33.00,33.00
12/09/2026,21:25:01,B02968,8906604803769,Cadbury Dairy Milk 50g,1,45.00,45.00
12/09/2026,21:30:39,B02969,8907436422074,Bisleri Water 1L,1,20.00,20.00
12/09/2026,21:30:39,B02969,8904116546181,Maggi Masala Noodles 4-pack 280g,1,56.00,56.00
12/09/2026,21:36:49,B02970,8906604803769,Cadbury Dairy Milk 50g,1,45.00,45.00
12/09/2026,21:39:35,B02971,8905331753835,Cadbury 5 Star 40g,1,20.00,20.00
12/09/2026,21:41:19,B02972,8905167752002,Vaseline Body Lotion 200ml,1,185.00,185.00
12/09/2026,21:41:19,B02972,8907174824185,Madhur Sugar 1kg,1,48.00,48.00
12/09/2026,21:58:49,B02973,8909713071128,Aashirvaad Atta 1kg,1,62.00,62.00
12/09/2026,22:43:26,B02974,8907194704290,Maggi Masala Noodles 70g,1,14.00,14.00
12/09/2026,22:54:36,B02975,8903632424966,Nestle KitKat 37g,1,20.00,20.00
12/09/2026,22:54:36,B02975,8906036439130,Cadbury Perk 35g,1,20.00,20.00
13/09/2026,07:10:28,B02976,8906036439130,Cadbury Perk 35g,1,20.00,20.00
13/09/2026,07:10:28,B02976,8906378779086,Surf Excel Easy Wash 1kg,1,125.00,125.00
13/09/2026,07:48:59,B02977,8909600566041,Cadbury Gems 17g,1,10.00,10.00
13/09/2026,07:48:59,B02977,8906378779086,Surf Excel Easy Wash 1kg,1,125.00,125.00
13/09/2026,07:55:57,B02978,8906604803769,Cadbury Dairy Milk 50g,1,45.00,45.00
13/09/2026,07:55:57,B02978,8900248761133,Britannia Good Day Cashew 75g,1,10.00,10.00
13/09/2026,07:55:57,B02978,8903003453342,Head&Shoulders Anti-Dandruff 180ml,1,185.00,185.00
13/09/2026,08:03:08,B02979,8904626778355,Britannia Bourbon 60g,1,10.00,10.00
13/09/2026,08:05:47,B02980,8904872245939,Tropicana Orange Juice 1L,1,125.00,125.00
13/09/2026,08:21:25,B02981,8904657151196,Lux Soap 100g,1,35.00,35.00
13/09/2026,08:21:25,B02981,8907867306226,Rin Detergent Bar 250g,1,20.00,20.00
13/09/2026,08:22:13,B02982,8908977405076,Center Fresh Chewing Gum 28g,1,10.00,10.00
13/09/2026,08:22:13,B02982,8905331753835,Cadbury 5 Star 40g,1,20.00,20.00
13/09/2026,08:26:51,B02983,8900248761133,Britannia Good Day Cashew 75g,1,10.00,10.00
13/09/2026,08:26:59,B02984,8900248761133,Britannia Good Day Cashew 75g,1,10.00,10.00
13/09/2026,08:30:29,B02985,8909427653757,Parle Parle-G Biscuits 70g,1,10.00,10.00
13/09/2026,08:30:29,B02985,8907560856516,Nestle Munch 20g,1,10.00,10.00
13/09/2026,08:30:29,B02985,8909120041196,Surf Excel Easy Wash 500g,1,68.00,68.00
13/09/2026,08:31:18,B02986,8907637469151,Maaza Mango Drink 600ml,1,40.00,40.00
13/09/2026,08:35:40,B02987,8906604803769,Cadbury Dairy Milk 50g,1,45.00,45.00
13/09/2026,08:37:52,B02988,8905982374540,Clinic Plus Shampoo Sachet 6ml,1,3.00,3.00
13/09/2026,08:40:46,B02989,8907140272743,Haldiram Aloo Bhujia 42g,1,20.00,20.00
13/09/2026,08:40:46,B02989,8906743689880,Colgate Strong Teeth 100g,1,55.00,55.00
13/09/2026,08:52:52,B02990,8909120041196,Surf Excel Easy Wash 500g,1,68.00,68.00
13/09/2026,08:58:51,B02991,8908233620472,Good Knight Mosquito Refill 45ml,1,85.00,85.00
13/09/2026,09:07:02,B02992,8909534043717,Amul Masti Dahi 400g,1,45.00,45.00
13/09/2026,09:13:42,B02993,8909136784575,Tata Salt 1kg,1,28.00,28.00
13/09/2026,09:23:02,B02994,8902172108503,Aashirvaad Atta 5kg,1,285.00,285.00
13/09/2026,09:29:10,B02995,8907637469151,Maaza Mango Drink 600ml,1,40.00,40.00
13/09/2026,09:33:30,B02996,8901393160451,Coca-Cola Soft Drink 750ml,1,40.00,40.00
13/09/2026,09:33:30,B02996,8900248761133,Britannia Good Day Cashew 75g,1,10.00,10.00
13/09/2026,09:33:32,B02997,8907560856516,Nestle Munch 20g,1,10.00,10.00
13/09/2026,09:33:32,B02997,,LOOSE ITEM,1,40.00,40.00
13/09/2026,09:37:45,B02998,8904116546181,Maggi Masala Noodles 4-pack 280g,1,56.00,56.00
13/09/2026,09:42:36,B02999,8909023343151,Thums Up Soft Drink 750ml,1,40.00,40.00
13/09/2026,09:42:36,B02999,8907483429934,Pepsodent Germicheck 100g,1,55.00,55.00
13/09/2026,09:42:36,B02999,,LOOSE ITEM,1,3.00,3.00
13/09/2026,09:45:04,B03000,8909600566041,Cadbury Gems 17g,1,10.00,10.00
13/09/2026,09:45:04,B03000,8906715612472,Dettol Soap 125g,1,45.00,45.00
13/09/2026,09:45:41,B03001,,LOOSE ITEM,1,40.00,40.00
13/09/2026,09:46:27,B03002,8902234478650,Vim Dishwash Bar 300g,1,30.00,30.00
13/09/2026,09:48:28,B03003,8909501511089,Amul Taaza Milk 500ml,1,27.00,27.00
13/09/2026,09:49:33,B03004,8908757386939,Sunfeast Marie Light 75g,1,10.00,10.00
13/09/2026,09:52:01,B03005,8902473535046,Kinley Water 1L,1,20.00,20.00
13/09/2026,09:53:53,B03006,8905875652885,Maggi Hot & Sweet Sauce 500g,1,115.00,115.00
13/09/2026,10:03:54,B03007,8908008397233,Pepsi Soft Drink 750ml,1,40.00,40.00
13/09/2026,10:06:30,B03008,8906036439130,Cadbury Perk 35g,1,20.00,20.00
13/09/2026,10:10:32,B03009,8901943556130,Amul Gold Milk 500ml,1,33.00,33.00
13/09/2026,10:10:32,B03009,8909427653757,Parle Parle-G Biscuits 70g,1,10.00,10.00
13/09/2026,10:11:44,B03010,8909120041196,Surf Excel Easy Wash 500g,1,68.00,68.00
13/09/2026,10:15:27,B03011,,LOOSE ITEM,1,40.00,40.00
13/09/2026,10:30:58,B03012,8900248761133,Britannia Good Day Cashew 75g,1,10.00,10.00
13/09/2026,10:30:58,B03012,8906378779086,Surf Excel Easy Wash 1kg,1,125.00,125.00
13/09/2026,10:33:40,B03013,8902228449239,Polo Mint Roll 28g,1,10.00,10.00
13/09/2026,10:34:05,B03014,8907637469151,Maaza Mango Drink 600ml,1,40.00,40.00
13/09/2026,10:34:05,B03014,8908401707462,Kurkure Masala Munch 90g,1,20.00,20.00
13/09/2026,10:35:52,B03015,8903277964018,Medimix Soap 125g,1,40.00,40.00
13/09/2026,10:35:52,B03015,8904485193979,Tide Detergent Powder 1kg,1,115.00,115.00
13/09/2026,10:46:32,B03016,,LOOSE ITEM,1,10.00,10.00
13/09/2026,10:54:07,B03017,8902234478650,Vim Dishwash Bar 300g,1,30.00,30.00
13/09/2026,10:54:30,B03018,8908401707462,Kurkure Masala Munch 90g,1,20.00,20.00
13/09/2026,10:55:54,B03019,8908084499371,Amul Butter 100g,1,62.00,62.00
13/09/2026,10:59:03,B03020,8907197864939,Bingo Mad Angles 66g,1,20.00,20.00
13/09/2026,11:03:31,B03021,8902525262388,Lifebuoy Soap 125g,1,35.00,35.00
13/09/2026,11:03:31,B03021,8903632424966,Nestle KitKat 37g,1,20.00,20.00
13/09/2026,11:04:14,B03022,8904196790184,Mother Dairy Toned Milk 500ml,1,27.00,27.00
13/09/2026,11:04:14,B03022,8907194704290,Maggi Masala Noodles 70g,1,14.00,14.00
13/09/2026,11:07:24,B03023,8903632424966,Nestle KitKat 37g,1,20.00,20.00
13/09/2026,11:22:04,B03024,8907140272743,Haldiram Aloo Bhujia 42g,1,20.00,20.00
13/09/2026,11:30:38,B03025,8905982374540,Clinic Plus Shampoo Sachet 6ml,1,3.00,3.00
13/09/2026,11:35:05,B03026,8901384274525,Yippee Magic Masala 70g,1,14.00,14.00
13/09/2026,11:40:42,B03027,8904626778355,Britannia Bourbon 60g,1,10.00,10.00
13/09/2026,11:42:09,B03028,8902473535046,Kinley Water 1L,1,20.00,20.00
13/09/2026,12:03:19,B03029,8903401125742,Frooti Mango Drink 600ml,1,40.00,40.00
13/09/2026,12:05:30,B03030,8904485193979,Tide Detergent Powder 1kg,1,115.00,115.00
13/09/2026,12:08:21,B03031,8909600566041,Cadbury Gems 17g,1,10.00,10.00
13/09/2026,12:11:00,B03032,8909501511089,Amul Taaza Milk 500ml,1,27.00,27.00
13/09/2026,14:20:25,B03033,8906036439130,Cadbury Perk 35g,1,20.00,20.00
13/09/2026,14:35:11,B03034,8903711049158,Mentos Mint Roll 29g,1,10.00,10.00
13/09/2026,14:42:57,B03035,,LOOSE ITEM,1,10.00,10.00
13/09/2026,14:42:57,B03035,8907140272743,Haldiram Aloo Bhujia 42g,1,20.00,20.00
13/09/2026,15:23:34,B03036,8907867306226,Rin Detergent Bar 250g,1,20.00,20.00
13/09/2026,15:23:34,B03036,8902234478650,Vim Dishwash Bar 300g,1,30.00,30.00
13/09/2026,15:23:34,B03036,8909427653757,Parle Parle-G Biscuits 70g,1,10.00,10.00
13/09/2026,15:24:11,B03037,8900257989146,Parle Krackjack 70g,1,10.00,10.00
13/09/2026,15:40:57,B03038,8909023343151,Thums Up Soft Drink 750ml,1,40.00,40.00
13/09/2026,15:40:57,B03038,8902234478650,Vim Dishwash Bar 300g,1,30.00,30.00
13/09/2026,15:46:03,B03039,8901943556130,Amul Gold Milk 500ml,1,33.00,33.00
13/09/2026,15:57:31,B03040,8908008397233,Pepsi Soft Drink 750ml,1,40.00,40.00
13/09/2026,15:57:31,B03040,8904196790184,Mother Dairy Toned Milk 500ml,1,27.00,27.00
13/09/2026,15:57:31,B03040,8901690527315,Real Mixed Fruit Juice 1L,1,125.00,125.00
13/09/2026,15:58:09,B03041,8908977405076,Center Fresh Chewing Gum 28g,1,10.00,10.00
13/09/2026,16:13:39,B03042,,LOOSE ITEM,1,48.00,48.00
13/09/2026,16:18:56,B03043,8906780453871,Red Label Tea 250g,1,135.00,135.00
13/09/2026,16:28:29,B03044,8901393160451,Coca-Cola Soft Drink 750ml,1,40.00,40.00
13/09/2026,16:34:12,B03045,8903238955901,Wheel Detergent Powder 1kg,1,62.00,62.00
13/09/2026,16:35:04,B03046,8902234478650,Vim Dishwash Bar 300g,1,30.00,30.00
13/09/2026,16:43:37,B03047,8906036439130,Cadbury Perk 35g,1,20.00,20.00
13/09/2026,16:46:09,B03048,8907560856516,Nestle Munch 20g,1,10.00,10.00
13/09/2026,16:59:10,B03049,8908373852658,Closeup Red Hot 150g,1,95.00,95.00
13/09/2026,17:04:00,B03050,8906604803769,Cadbury Dairy Milk 50g,1,45.00,45.00
13/09/2026,17:05:18,B03051,8904233433135,Lay's Classic Salted 52g,1,20.00,20.00
13/09/2026,17:07:12,B03052,8908079489875,Everest Garam Masala 100g,1,75.00,75.00
13/09/2026,17:07:12,B03052,8905982374540,Clinic Plus Shampoo Sachet 6ml,1,3.00,3.00
13/09/2026,17:13:48,B03053,8907436422074,Bisleri Water 1L,1,20.00,20.00
13/09/2026,17:20:14,B03054,8905982374540,Clinic Plus Shampoo Sachet 6ml,1,3.00,3.00
13/09/2026,17:23:17,B03055,8904196790184,Mother Dairy Toned Milk 500ml,1,27.00,27.00
13/09/2026,17:25:03,B03056,8909713071128,Aashirvaad Atta 1kg,1,62.00,62.00
13/09/2026,17:29:03,B03057,8907560856516,Nestle Munch 20g,1,10.00,10.00
13/09/2026,17:32:07,B03058,8909600566041,Cadbury Gems 17g,1,10.00,10.00
13/09/2026,17:41:40,B03059,8903839874342,Chik Shampoo Sachet 6ml,1,3.00,3.00
13/09/2026,17:41:40,B03059,8907194704290,Maggi Masala Noodles 70g,1,14.00,14.00
13/09/2026,17:41:40,B03059,8902525262388,Lifebuoy Soap 125g,1,35.00,35.00
13/09/2026,17:44:40,B03060,8902234478650,Vim Dishwash Bar 300g,1,30.00,30.00
13/09/2026,17:47:59,B03061,8902473535046,Kinley Water 1L,1,20.00,20.00
13/09/2026,17:58:32,B03062,8907064047854,Bournvita Health Drink 500g,1,245.00,245.00
13/09/2026,17:58:32,B03062,8906212271295,Clinic Plus Shampoo 175ml,1,99.00,99.00
13/09/2026,18:01:40,B03063,8909746434730,Kissan Tomato Ketchup 950g,1,135.00,135.00
13/09/2026,18:20:06,B03064,8909023343151,Thums Up Soft Drink 750ml,1,40.00,40.00
13/09/2026,18:20:06,B03064,8907436422074,Bisleri Water 1L,1,20.00,20.00
13/09/2026,18:21:35,B03065,8903238955901,Wheel Detergent Powder 1kg,1,62.00,62.00
13/09/2026,18:21:35,B03065,8909501511089,Amul Taaza Milk 500ml,1,27.00,27.00
13/09/2026,18:22:12,B03066,8906715612472,Dettol Soap 125g,1,45.00,45.00
13/09/2026,18:22:12,B03066,8905982374540,Clinic Plus Shampoo Sachet 6ml,1,3.00,3.00
13/09/2026,18:27:54,B03067,8903632424966,Nestle KitKat 37g,1,20.00,20.00
13/09/2026,18:27:54,B03067,8907436422074,Bisleri Water 1L,1,20.00,20.00
13/09/2026,18:28:00,B03068,8909427653757,Parle Parle-G Biscuits 70g,1,10.00,10.00
13/09/2026,18:28:00,B03068,8904176990627,Lizol Floor Cleaner 500ml,1,99.00,99.00
13/09/2026,18:28:16,B03069,8909427653757,Parle Parle-G Biscuits 70g,1,10.00,10.00
13/09/2026,18:28:37,B03070,8906715612472,Dettol Soap 125g,1,45.00,45.00
13/09/2026,18:40:06,B03071,8909534043717,Amul Masti Dahi 400g,1,45.00,45.00
13/09/2026,18:41:49,B03072,8903722609518,Horlicks Classic Malt 500g,1,255.00,255.00
13/09/2026,18:41:49,B03072,,LOOSE ITEM,1,95.00,95.00
13/09/2026,18:43:56,B03073,8908401707462,Kurkure Masala Munch 90g,1,20.00,20.00
13/09/2026,18:48:06,B03074,8903379154812,Amul Butter 500g,1,295.00,295.00
13/09/2026,18:48:06,B03074,8907197864939,Bingo Mad Angles 66g,1,20.00,20.00
13/09/2026,18:50:30,B03075,,LOOSE ITEM,1,40.00,40.00
13/09/2026,18:52:35,B03076,8905331753835,Cadbury 5 Star 40g,1,20.00,20.00
13/09/2026,18:55:11,B03077,8907436422074,Bisleri Water 1L,1,20.00,20.00
13/09/2026,19:01:27,B03078,8906604803769,Cadbury Dairy Milk 50g,1,45.00,45.00
13/09/2026,19:09:28,B03079,8901393160451,Coca-Cola Soft Drink 750ml,1,40.00,40.00
13/09/2026,19:18:50,B03080,8903401125742,Frooti Mango Drink 600ml,1,40.00,40.00
13/09/2026,19:22:12,B03081,8909534043717,Amul Masti Dahi 400g,1,45.00,45.00
13/09/2026,19:27:41,B03082,8908142746881,Santoor Soap 125g,1,35.00,35.00
13/09/2026,19:27:41,B03082,8902172108503,Aashirvaad Atta 5kg,1,285.00,285.00
13/09/2026,19:28:36,B03083,8909023343151,Thums Up Soft Drink 750ml,1,40.00,40.00
13/09/2026,19:28:36,B03083,8903277964018,Medimix Soap 125g,1,40.00,40.00
13/09/2026,19:33:17,B03084,8907236061046,All Out Mosquito Refill 45ml,1,85.00,85.00
13/09/2026,19:33:17,B03084,8908142746881,Santoor Soap 125g,1,35.00,35.00
13/09/2026,19:33:17,B03084,,LOOSE ITEM,1,10.00,10.00
13/09/2026,19:35:18,B03085,8909600566041,Cadbury Gems 17g,1,10.00,10.00
13/09/2026,19:35:18,B03085,8907436422074,Bisleri Water 1L,1,20.00,20.00
13/09/2026,19:37:55,B03086,8904233433135,Lay's Classic Salted 52g,1,20.00,20.00
13/09/2026,19:45:18,B03087,8904626778355,Britannia Bourbon 60g,1,10.00,10.00
13/09/2026,19:45:18,B03087,8900635707409,Top Ramen Curry Noodles 70g,1,14.00,14.00
13/09/2026,19:47:28,B03088,8907637469151,Maaza Mango Drink 600ml,1,40.00,40.00
13/09/2026,19:48:54,B03089,8907194704290,Maggi Masala Noodles 70g,1,14.00,14.00
13/09/2026,19:48:54,B03089,8903280387262,Tata Tea Gold 250g,1,145.00,145.00
13/09/2026,19:49:44,B03090,8905331753835,Cadbury 5 Star 40g,1,20.00,20.00
13/09/2026,19:49:44,B03090,8902234478650,Vim Dishwash Bar 300g,1,30.00,30.00
13/09/2026,19:49:44,B03090,8906715612472,Dettol Soap 125g,1,45.00,45.00
13/09/2026,19:55:47,B03091,8907197864939,Bingo Mad Angles 66g,1,20.00,20.00
13/09/2026,19:55:47,B03091,8903722609518,Horlicks Classic Malt 500g,1,255.00,255.00
13/09/2026,20:07:00,B03092,8909202363543,Catch Red Chilli Powder 100g,1,62.00,62.00
13/09/2026,20:09:01,B03093,8907867306226,Rin Detergent Bar 250g,1,20.00,20.00
13/09/2026,20:09:39,B03094,8908757386939,Sunfeast Marie Light 75g,1,10.00,10.00
13/09/2026,20:09:39,B03094,8903379154812,Amul Butter 500g,1,295.00,295.00
13/09/2026,20:09:39,B03094,8903839874342,Chik Shampoo Sachet 6ml,1,3.00,3.00
13/09/2026,20:17:12,B03095,8901393160451,Coca-Cola Soft Drink 750ml,1,40.00,40.00
13/09/2026,20:17:12,B03095,8907194704290,Maggi Masala Noodles 70g,1,14.00,14.00
13/09/2026,20:25:02,B03096,8900248761133,Britannia Good Day Cashew 75g,1,10.00,10.00
13/09/2026,20:33:07,B03097,8906743689880,Colgate Strong Teeth 100g,1,55.00,55.00
13/09/2026,20:34:57,B03098,8902473535046,Kinley Water 1L,1,20.00,20.00
13/09/2026,20:42:47,B03099,8905557725456,Fortune Sunflower Oil 1L,1,135.00,135.00
13/09/2026,20:53:28,B03100,8901690527315,Real Mixed Fruit Juice 1L,1,125.00,125.00
13/09/2026,20:53:28,B03100,8907436422074,Bisleri Water 1L,1,20.00,20.00
13/09/2026,20:53:28,B03100,8905800014993,Bru Instant Coffee 50g,1,155.00,155.00
13/09/2026,20:56:04,B03101,8909501511089,Amul Taaza Milk 500ml,1,27.00,27.00
13/09/2026,21:02:58,B03102,8907174824185,Madhur Sugar 1kg,1,48.00,48.00
13/09/2026,21:02:58,B03102,8904233433135,Lay's Classic Salted 52g,1,20.00,20.00
13/09/2026,21:23:37,B03103,8902961762459,Sundrop Peanut Butter 200g,1,135.00,135.00
13/09/2026,21:25:31,B03104,8908401707462,Kurkure Masala Munch 90g,1,20.00,20.00
13/09/2026,21:44:22,B03105,8907140272743,Haldiram Aloo Bhujia 42g,1,20.00,20.00
13/09/2026,21:45:12,B03106,8902172108503,Aashirvaad Atta 5kg,1,285.00,285.00
13/09/2026,21:45:12,B03106,8908233620472,Good Knight Mosquito Refill 45ml,1,85.00,85.00
13/09/2026,21:46:42,B03107,8905270366202,Everest Turmeric Powder 200g,1,68.00,68.00
13/09/2026,21:48:23,B03108,8907560856516,Nestle Munch 20g,1,10.00,10.00
13/09/2026,22:08:51,B03109,8904626778355,Britannia Bourbon 60g,1,10.00,10.00
13/09/2026,22:14:32,B03110,8901384274525,Yippee Magic Masala 70g,2,14.00,28.00
13/09/2026,22:14:32,B03110,8904116546181,Maggi Masala Noodles 4-pack 280g,1,56.00,56.00
13/09/2026,22:36:19,B03111,8905982374540,Clinic Plus Shampoo Sachet 6ml,1,3.00,3.00
13/09/2026,22:36:19,B03111,8906743689880,Colgate Strong Teeth 100g,1,55.00,55.00
13/09/2026,22:45:53,B03112,8909427653757,Parle Parle-G Biscuits 70g,1,10.00,10.00
14/09/2026,06:34:45,B03113,8907197864939,Bingo Mad Angles 66g,1,20.00,20.00
14/09/2026,08:03:03,B03114,8908977405076,Center Fresh Chewing Gum 28g,1,10.00,10.00
14/09/2026,08:13:05,B03115,8909567262253,Dhara Mustard Oil 1L,1,155.00,155.00
14/09/2026,08:18:09,B03116,8900248761133,Britannia Good Day Cashew 75g,1,10.00,10.00
14/09/2026,08:20:53,B03117,8901393160451,Coca-Cola Soft Drink 750ml,1,40.00,40.00
14/09/2026,08:30:56,B03118,8904921237526,Alpenliebe Candy Pack 50g,1,20.00,20.00
14/09/2026,08:46:02,B03119,8904626778355,Britannia Bourbon 60g,1,10.00,10.00
14/09/2026,08:47:26,B03120,,LOOSE ITEM,1,45.00,45.00
14/09/2026,08:47:26,B03120,8901393160451,Coca-Cola Soft Drink 750ml,1,40.00,40.00
14/09/2026,08:47:26,B03120,8909136784575,Tata Salt 1kg,1,28.00,28.00
14/09/2026,08:52:39,B03121,8901943556130,Amul Gold Milk 500ml,1,33.00,33.00
14/09/2026,08:52:39,B03121,8909600566041,Cadbury Gems 17g,1,10.00,10.00
14/09/2026,08:52:39,B03121,8907867306226,Rin Detergent Bar 250g,1,20.00,20.00
14/09/2026,08:58:59,B03122,8902228449239,Polo Mint Roll 28g,1,10.00,10.00
14/09/2026,08:58:59,B03122,8900257989146,Parle Krackjack 70g,1,10.00,10.00
14/09/2026,08:58:59,B03122,8906036439130,Cadbury Perk 35g,1,20.00,20.00
14/09/2026,09:00:09,B03123,8903632424966,Nestle KitKat 37g,1,20.00,20.00
14/09/2026,09:00:55,B03124,8909120041196,Surf Excel Easy Wash 500g,1,68.00,68.00
14/09/2026,09:03:22,B03125,8907436422074,Bisleri Water 1L,1,20.00,20.00
14/09/2026,09:03:22,B03125,8902234478650,Vim Dishwash Bar 300g,1,30.00,30.00
14/09/2026,09:09:38,B03126,8905982374540,Clinic Plus Shampoo Sachet 6ml,1,3.00,3.00
14/09/2026,09:09:38,B03126,8901469251052,Dabur Red Paste 100g,1,55.00,55.00
14/09/2026,09:31:40,B03127,8901393160451,Coca-Cola Soft Drink 750ml,1,40.00,40.00
14/09/2026,09:51:47,B03128,8901018275973,Nescafe Classic Coffee 50g,1,175.00,175.00
14/09/2026,09:57:37,B03129,,LOOSE ITEM,1,125.00,125.00
14/09/2026,09:57:37,B03129,8909501511089,Amul Taaza Milk 500ml,1,27.00,27.00
14/09/2026,09:58:27,B03130,8907436422074,Bisleri Water 1L,1,20.00,20.00
14/09/2026,09:58:27,B03130,8907174824185,Madhur Sugar 1kg,1,48.00,48.00
14/09/2026,10:02:08,B03131,8909600566041,Cadbury Gems 17g,1,10.00,10.00
14/09/2026,10:09:13,B03132,8900248761133,Britannia Good Day Cashew 75g,1,10.00,10.00
14/09/2026,10:12:23,B03133,8903632424966,Nestle KitKat 37g,1,20.00,20.00
14/09/2026,10:17:12,B03134,8905982374540,Clinic Plus Shampoo Sachet 6ml,1,3.00,3.00
14/09/2026,10:17:12,B03134,8903839874342,Chik Shampoo Sachet 6ml,1,3.00,3.00
14/09/2026,10:20:58,B03135,8904196790184,Mother Dairy Toned Milk 500ml,1,27.00,27.00
14/09/2026,10:28:00,B03136,8905800014993,Bru Instant Coffee 50g,1,155.00,155.00
14/09/2026,10:28:00,B03136,8908757386939,Sunfeast Marie Light 75g,1,10.00,10.00
14/09/2026,10:28:00,B03136,8909023343151,Thums Up Soft Drink 750ml,1,40.00,40.00
14/09/2026,10:29:19,B03137,8902172108503,Aashirvaad Atta 5kg,1,285.00,285.00
14/09/2026,10:33:06,B03138,8904233433135,Lay's Classic Salted 52g,1,20.00,20.00
14/09/2026,10:33:06,B03138,8902473535046,Kinley Water 1L,1,20.00,20.00
14/09/2026,10:38:32,B03139,8907197864939,Bingo Mad Angles 66g,1,20.00,20.00
14/09/2026,10:57:08,B03140,8907174824185,Madhur Sugar 1kg,1,48.00,48.00
14/09/2026,10:58:22,B03141,8903280387262,Tata Tea Gold 250g,1,145.00,145.00
14/09/2026,10:58:22,B03141,8907637469151,Maaza Mango Drink 600ml,1,40.00,40.00
14/09/2026,11:09:47,B03142,8907483429934,Pepsodent Germicheck 100g,1,55.00,55.00
14/09/2026,11:21:18,B03143,8907483429934,Pepsodent Germicheck 100g,1,55.00,55.00
14/09/2026,11:38:03,B03144,8904196790184,Mother Dairy Toned Milk 500ml,1,27.00,27.00
14/09/2026,11:46:00,B03145,8908008397233,Pepsi Soft Drink 750ml,1,40.00,40.00
14/09/2026,11:49:58,B03146,8901943556130,Amul Gold Milk 500ml,1,33.00,33.00
14/09/2026,12:33:49,B03147,8909023343151,Thums Up Soft Drink 750ml,1,40.00,40.00
14/09/2026,12:33:49,B03147,8906118385591,Kissan Mixed Fruit Jam 500g,1,145.00,145.00
14/09/2026,12:37:32,B03148,8904485193979,Tide Detergent Powder 1kg,1,115.00,115.00
14/09/2026,12:41:02,B03149,8905982374540,Clinic Plus Shampoo Sachet 6ml,1,3.00,3.00
14/09/2026,12:41:02,B03149,8908079489875,Everest Garam Masala 100g,1,75.00,75.00
14/09/2026,12:47:58,B03150,8901943556130,Amul Gold Milk 500ml,1,33.00,33.00
14/09/2026,13:00:17,B03151,8905982374540,Clinic Plus Shampoo Sachet 6ml,1,3.00,3.00
14/09/2026,13:14:47,B03152,8902228449239,Polo Mint Roll 28g,1,10.00,10.00
14/09/2026,13:14:47,B03152,8901393160451,Coca-Cola Soft Drink 750ml,1,40.00,40.00
14/09/2026,13:14:47,B03152,8907436422074,Bisleri Water 1L,1,20.00,20.00
14/09/2026,13:18:30,B03153,8908008397233,Pepsi Soft Drink 750ml,1,40.00,40.00
14/09/2026,13:21:59,B03154,8907436422074,Bisleri Water 1L,1,20.00,20.00
14/09/2026,13:21:59,B03154,8909501511089,Amul Taaza Milk 500ml,1,27.00,27.00
14/09/2026,13:27:22,B03155,8904626778355,Britannia Bourbon 60g,1,10.00,10.00
14/09/2026,13:36:42,B03156,8906604803769,Cadbury Dairy Milk 50g,1,45.00,45.00
14/09/2026,13:56:59,B03157,8909534043717,Amul Masti Dahi 400g,1,45.00,45.00
14/09/2026,14:25:01,B03158,8907844307079,Saffola Gold Oil 1L,1,175.00,175.00
14/09/2026,14:25:01,B03158,8905331753835,Cadbury 5 Star 40g,1,20.00,20.00
14/09/2026,14:45:06,B03159,8907064047854,Bournvita Health Drink 500g,1,245.00,245.00
14/09/2026,14:45:06,B03159,8908142746881,Santoor Soap 125g,1,35.00,35.00
14/09/2026,15:35:55,B03160,8905982374540,Clinic Plus Shampoo Sachet 6ml,1,3.00,3.00
14/09/2026,15:42:21,B03161,8904657151196,Lux Soap 100g,1,35.00,35.00
14/09/2026,15:52:40,B03162,,LOOSE ITEM,1,14.00,14.00
14/09/2026,16:00:05,B03163,8909600566041,Cadbury Gems 17g,1,10.00,10.00
14/09/2026,16:00:05,B03163,8901943556130,Amul Gold Milk 500ml,1,33.00,33.00
14/09/2026,16:00:05,B03163,8903839874342,Chik Shampoo Sachet 6ml,1,3.00,3.00
14/09/2026,16:06:45,B03164,8904611794537,Fair & Lovely Face Cream 50g,1,125.00,125.00
14/09/2026,16:11:58,B03165,8906780453871,Red Label Tea 250g,1,135.00,135.00
14/09/2026,16:11:58,B03165,8908084499371,Amul Butter 100g,1,62.00,62.00
14/09/2026,16:11:58,B03165,8905982374540,Clinic Plus Shampoo Sachet 6ml,1,3.00,3.00
14/09/2026,17:10:23,B03166,8908944388630,Fortune Soyabean Oil 1L,1,125.00,125.00
14/09/2026,17:10:23,B03166,8906715612472,Dettol Soap 125g,1,45.00,45.00
14/09/2026,17:11:25,B03167,8907194704290,Maggi Masala Noodles 70g,1,14.00,14.00
14/09/2026,17:22:11,B03168,8906751908089,Dettol Antiseptic Liquid 125ml,1,75.00,75.00
14/09/2026,17:26:59,B03169,8903711049158,Mentos Mint Roll 29g,1,10.00,10.00
14/09/2026,17:26:59,B03169,8900248761133,Britannia Good Day Cashew 75g,1,10.00,10.00
14/09/2026,17:27:54,B03170,8907436422074,Bisleri Water 1L,1,20.00,20.00
14/09/2026,17:27:54,B03170,8902234478650,Vim Dishwash Bar 300g,1,30.00,30.00
14/09/2026,17:27:54,B03170,8909600566041,Cadbury Gems 17g,1,10.00,10.00
14/09/2026,17:30:01,B03171,8904657151196,Lux Soap 100g,1,35.00,35.00
14/09/2026,17:32:59,B03172,8907637469151,Maaza Mango Drink 600ml,1,40.00,40.00
14/09/2026,17:45:19,B03173,8903184899656,Fortune Sunflower Oil 5L,1,640.00,640.00
14/09/2026,17:46:52,B03174,8903280387262,Tata Tea Gold 250g,1,145.00,145.00
14/09/2026,17:46:52,B03174,8907197864939,Bingo Mad Angles 66g,1,20.00,20.00
14/09/2026,17:50:57,B03175,8907197864939,Bingo Mad Angles 66g,1,20.00,20.00
14/09/2026,17:55:14,B03176,8909023343151,Thums Up Soft Drink 750ml,1,40.00,40.00
14/09/2026,17:55:14,B03176,8908193642644,Nestle Milkmaid 400g,1,145.00,145.00
14/09/2026,17:55:14,B03176,8903632424966,Nestle KitKat 37g,1,20.00,20.00
14/09/2026,18:00:30,B03177,8903839874342,Chik Shampoo Sachet 6ml,1,3.00,3.00
14/09/2026,18:05:43,B03178,8909534043717,Amul Masti Dahi 400g,1,45.00,45.00
14/09/2026,18:05:43,B03178,8909202363543,Catch Red Chilli Powder 100g,1,62.00,62.00
14/09/2026,18:16:58,B03179,8909501511089,Amul Taaza Milk 500ml,1,27.00,27.00
14/09/2026,18:19:31,B03180,8907436422074,Bisleri Water 1L,1,20.00,20.00
14/09/2026,18:19:31,B03180,8903401125742,Frooti Mango Drink 600ml,1,40.00,40.00
14/09/2026,18:22:29,B03181,8909534043717,Amul Masti Dahi 400g,1,45.00,45.00
14/09/2026,18:29:01,B03182,8901943556130,Amul Gold Milk 500ml,1,33.00,33.00
14/09/2026,18:29:01,B03182,8909023343151,Thums Up Soft Drink 750ml,1,40.00,40.00
14/09/2026,18:31:01,B03183,8901943556130,Amul Gold Milk 500ml,1,33.00,33.00
14/09/2026,18:33:47,B03184,8909023343151,Thums Up Soft Drink 750ml,1,40.00,40.00
14/09/2026,18:35:44,B03185,8902234478650,Vim Dishwash Bar 300g,2,30.00,60.00
14/09/2026,18:35:44,B03185,8904233433135,Lay's Classic Salted 52g,1,20.00,20.00
14/09/2026,18:36:44,B03186,8903401125742,Frooti Mango Drink 600ml,1,40.00,40.00
14/09/2026,18:36:44,B03186,8907194704290,Maggi Masala Noodles 70g,1,14.00,14.00
14/09/2026,18:41:30,B03187,8908401707462,Kurkure Masala Munch 90g,1,20.00,20.00
14/09/2026,18:41:30,B03187,8900248761133,Britannia Good Day Cashew 75g,1,10.00,10.00
14/09/2026,18:52:19,B03188,8907140272743,Haldiram Aloo Bhujia 42g,1,20.00,20.00
14/09/2026,18:55:26,B03189,8909501511089,Amul Taaza Milk 500ml,1,27.00,27.00
14/09/2026,18:55:26,B03189,8909427653757,Parle Parle-G Biscuits 70g,1,10.00,10.00
14/09/2026,18:55:26,B03189,8906780453871,Red Label Tea 250g,1,135.00,135.00
14/09/2026,19:01:46,B03190,8909427653757,Parle Parle-G Biscuits 70g,1,10.00,10.00
14/09/2026,19:11:37,B03191,8907174824185,Madhur Sugar 1kg,1,48.00,48.00
14/09/2026,19:25:12,B03192,,LOOSE ITEM,1,27.00,27.00
14/09/2026,19:25:12,B03192,8907560856516,Nestle Munch 20g,1,10.00,10.00
14/09/2026,19:27:00,B03193,8900248761133,Britannia Good Day Cashew 75g,1,10.00,10.00
14/09/2026,19:32:47,B03194,8900257989146,Parle Krackjack 70g,1,10.00,10.00
14/09/2026,19:37:08,B03195,8900248761133,Britannia Good Day Cashew 75g,1,10.00,10.00
14/09/2026,19:39:42,B03196,8901193121348,India Gate Basmati Rice 1kg,1,135.00,135.00
14/09/2026,19:55:10,B03197,8901193121348,India Gate Basmati Rice 1kg,1,135.00,135.00
14/09/2026,19:55:10,B03197,,LOOSE ITEM,1,10.00,10.00
14/09/2026,19:55:57,B03198,8908008397233,Pepsi Soft Drink 750ml,1,40.00,40.00
14/09/2026,20:00:53,B03199,8904233433135,Lay's Classic Salted 52g,1,20.00,20.00
14/09/2026,20:06:44,B03200,8907436422074,Bisleri Water 1L,1,20.00,20.00
14/09/2026,20:13:08,B03201,8903656686821,Nivea Body Lotion 200ml,1,199.00,199.00
14/09/2026,20:42:05,B03202,8907867306226,Rin Detergent Bar 250g,1,20.00,20.00
14/09/2026,20:46:48,B03203,8909120041196,Surf Excel Easy Wash 500g,2,68.00,136.00
14/09/2026,20:47:18,B03204,8907140272743,Haldiram Aloo Bhujia 42g,1,20.00,20.00
14/09/2026,20:47:18,B03204,8908084499371,Amul Butter 100g,1,62.00,62.00
14/09/2026,20:55:29,B03205,8908401707462,Kurkure Masala Munch 90g,1,20.00,20.00
14/09/2026,21:13:27,B03206,8909534043717,Amul Masti Dahi 400g,1,45.00,45.00
14/09/2026,21:13:27,B03206,8909567262253,Dhara Mustard Oil 1L,1,155.00,155.00
14/09/2026,21:13:27,B03206,8909501511089,Amul Taaza Milk 500ml,1,27.00,27.00
14/09/2026,21:16:12,B03207,8908401707462,Kurkure Masala Munch 90g,1,20.00,20.00
15/09/2026,06:20:31,B03208,8907436422074,Bisleri Water 1L,1,20.00,20.00
15/09/2026,07:06:57,B03209,8908977405076,Center Fresh Chewing Gum 28g,1,10.00,10.00
15/09/2026,07:29:07,B03210,8909534043717,Amul Masti Dahi 400g,1,45.00,45.00
15/09/2026,07:29:29,B03211,8907174824185,Madhur Sugar 1kg,1,48.00,48.00
15/09/2026,08:05:54,B03212,8906576251407,Colgate MaxFresh 150g,1,99.00,99.00
15/09/2026,08:09:55,B03213,8903711049158,Mentos Mint Roll 29g,1,10.00,10.00
15/09/2026,08:09:55,B03213,8907867306226,Rin Detergent Bar 250g,1,20.00,20.00
15/09/2026,08:13:02,B03214,8906118385591,Kissan Mixed Fruit Jam 500g,1,145.00,145.00
15/09/2026,08:13:02,B03214,8905331753835,Cadbury 5 Star 40g,1,20.00,20.00
15/09/2026,08:21:37,B03215,8902473535046,Kinley Water 1L,1,20.00,20.00
15/09/2026,08:22:21,B03216,8907436422074,Bisleri Water 1L,1,20.00,20.00
15/09/2026,08:24:28,B03217,8907867306226,Rin Detergent Bar 250g,1,20.00,20.00
15/09/2026,08:24:28,B03217,8909713071128,Aashirvaad Atta 1kg,1,62.00,62.00
15/09/2026,08:28:37,B03218,8908233620472,Good Knight Mosquito Refill 45ml,1,85.00,85.00
15/09/2026,08:28:37,B03218,8903839874342,Chik Shampoo Sachet 6ml,1,3.00,3.00
15/09/2026,08:42:45,B03219,8906212271295,Clinic Plus Shampoo 175ml,1,99.00,99.00
15/09/2026,09:03:31,B03220,8901393160451,Coca-Cola Soft Drink 750ml,1,40.00,40.00
15/09/2026,09:03:31,B03220,8909501511089,Amul Taaza Milk 500ml,1,27.00,27.00
15/09/2026,09:11:31,B03221,8907867306226,Rin Detergent Bar 250g,1,20.00,20.00
15/09/2026,09:31:22,B03222,8901469251052,Dabur Red Paste 100g,1,55.00,55.00
15/09/2026,09:31:42,B03223,8907867306226,Rin Detergent Bar 250g,1,20.00,20.00
15/09/2026,09:34:55,B03224,8909501511089,Amul Taaza Milk 500ml,1,27.00,27.00
15/09/2026,09:36:08,B03225,8901393160451,Coca-Cola Soft Drink 750ml,1,40.00,40.00
15/09/2026,09:36:08,B03225,8903280387262,Tata Tea Gold 250g,1,145.00,145.00
15/09/2026,09:37:15,B03226,8906743689880,Colgate Strong Teeth 100g,1,55.00,55.00
15/09/2026,09:46:23,B03227,8901393160451,Coca-Cola Soft Drink 750ml,1,40.00,40.00
15/09/2026,09:46:23,B03227,8903835745424,Harpic Toilet Cleaner 500ml,1,99.00,99.00
15/09/2026,09:48:44,B03228,8900635707409,Top Ramen Curry Noodles 70g,1,14.00,14.00
15/09/2026,09:48:44,B03228,8902550748321,Sprite Soft Drink 750ml,1,40.00,40.00
15/09/2026,09:52:06,B03229,8908142746881,Santoor Soap 125g,1,35.00,35.00
15/09/2026,09:54:05,B03230,8902525262388,Lifebuoy Soap 125g,1,35.00,35.00
15/09/2026,09:58:11,B03231,8907194704290,Maggi Masala Noodles 70g,1,14.00,14.00
15/09/2026,09:59:36,B03232,8909427653757,Parle Parle-G Biscuits 70g,1,10.00,10.00
15/09/2026,10:02:57,B03233,8902961762459,Sundrop Peanut Butter 200g,1,135.00,135.00
15/09/2026,10:02:57,B03233,8907174824185,Madhur Sugar 1kg,1,48.00,48.00
15/09/2026,10:06:56,B03234,8905982374540,Clinic Plus Shampoo Sachet 6ml,1,3.00,3.00
15/09/2026,10:06:56,B03234,8903401125742,Frooti Mango Drink 600ml,1,40.00,40.00
15/09/2026,10:06:56,B03234,8909501511089,Amul Taaza Milk 500ml,1,27.00,27.00
15/09/2026,10:14:15,B03235,8907236061046,All Out Mosquito Refill 45ml,1,85.00,85.00
15/09/2026,10:18:51,B03236,8906378779086,Surf Excel Easy Wash 1kg,1,125.00,125.00
15/09/2026,10:18:51,B03236,8906036439130,Cadbury Perk 35g,1,20.00,20.00
15/09/2026,10:18:51,B03236,8903401125742,Frooti Mango Drink 600ml,1,40.00,40.00
15/09/2026,10:21:06,B03237,8905800014993,Bru Instant Coffee 50g,1,155.00,155.00
15/09/2026,10:21:06,B03237,8900257989146,Parle Krackjack 70g,1,10.00,10.00
15/09/2026,10:21:06,B03237,8903835745424,Harpic Toilet Cleaner 500ml,1,99.00,99.00
15/09/2026,10:50:02,B03238,8903839874342,Chik Shampoo Sachet 6ml,1,3.00,3.00
15/09/2026,10:50:34,B03239,8902473535046,Kinley Water 1L,1,20.00,20.00
15/09/2026,10:50:34,B03239,8905557725456,Fortune Sunflower Oil 1L,1,135.00,135.00
15/09/2026,11:05:42,B03240,8904176990627,Lizol Floor Cleaner 500ml,1,99.00,99.00
15/09/2026,11:05:42,B03240,8904626778355,Britannia Bourbon 60g,1,10.00,10.00
15/09/2026,11:14:59,B03241,8908233620472,Good Knight Mosquito Refill 45ml,1,85.00,85.00
15/09/2026,11:14:59,B03241,8900248761133,Britannia Good Day Cashew 75g,1,10.00,10.00
15/09/2026,11:16:00,B03242,8907174824185,Madhur Sugar 1kg,1,48.00,48.00
15/09/2026,11:16:00,B03242,8905167752002,Vaseline Body Lotion 200ml,1,185.00,185.00
15/09/2026,11:16:00,B03242,8909427653757,Parle Parle-G Biscuits 70g,1,10.00,10.00
15/09/2026,11:20:33,B03243,8902473535046,Kinley Water 1L,1,20.00,20.00
15/09/2026,11:20:33,B03243,8907867306226,Rin Detergent Bar 250g,1,20.00,20.00
15/09/2026,11:20:33,B03243,8909023343151,Thums Up Soft Drink 750ml,1,40.00,40.00
15/09/2026,11:23:02,B03244,8907637469151,Maaza Mango Drink 600ml,1,40.00,40.00
15/09/2026,11:36:20,B03245,8905331753835,Cadbury 5 Star 40g,1,20.00,20.00
15/09/2026,12:08:17,B03246,8908821415404,Dove Shampoo 180ml,1,165.00,165.00
15/09/2026,12:12:27,B03247,8906715612472,Dettol Soap 125g,1,45.00,45.00
15/09/2026,12:38:53,B03248,8907436422074,Bisleri Water 1L,1,20.00,20.00
15/09/2026,12:48:02,B03249,8903401125742,Frooti Mango Drink 600ml,1,40.00,40.00
15/09/2026,13:02:17,B03250,8909501511089,Amul Taaza Milk 500ml,1,27.00,27.00
15/09/2026,13:02:17,B03250,8903632424966,Nestle KitKat 37g,1,20.00,20.00
15/09/2026,13:31:19,B03251,8904921237526,Alpenliebe Candy Pack 50g,1,20.00,20.00
15/09/2026,13:36:17,B03252,8908142746881,Santoor Soap 125g,1,35.00,35.00
15/09/2026,14:06:24,B03253,8905982374540,Clinic Plus Shampoo Sachet 6ml,1,3.00,3.00
15/09/2026,14:35:38,B03254,8907140272743,Haldiram Aloo Bhujia 42g,1,20.00,20.00
15/09/2026,14:52:24,B03255,8908977405076,Center Fresh Chewing Gum 28g,1,10.00,10.00
15/09/2026,14:55:09,B03256,8907436422074,Bisleri Water 1L,1,20.00,20.00
15/09/2026,15:03:18,B03257,8902234478650,Vim Dishwash Bar 300g,1,30.00,30.00
15/09/2026,15:26:55,B03258,8900635707409,Top Ramen Curry Noodles 70g,1,14.00,14.00
15/09/2026,15:26:55,B03258,8907194704290,Maggi Masala Noodles 70g,1,14.00,14.00
15/09/2026,15:26:55,B03258,8907236061046,All Out Mosquito Refill 45ml,1,85.00,85.00
15/09/2026,15:27:57,B03259,8905982374540,Clinic Plus Shampoo Sachet 6ml,1,3.00,3.00
15/09/2026,15:35:54,B03260,8907436422074,Bisleri Water 1L,1,20.00,20.00
15/09/2026,15:35:54,B03260,8900248761133,Britannia Good Day Cashew 75g,1,10.00,10.00
15/09/2026,15:35:54,B03260,8909713071128,Aashirvaad Atta 1kg,1,62.00,62.00
15/09/2026,15:40:52,B03261,8903632424966,Nestle KitKat 37g,1,20.00,20.00
15/09/2026,16:15:58,B03262,8908401707462,Kurkure Masala Munch 90g,1,20.00,20.00
15/09/2026,16:15:58,B03262,8905331753835,Cadbury 5 Star 40g,1,20.00,20.00
15/09/2026,16:24:13,B03263,8907140272743,Haldiram Aloo Bhujia 42g,1,20.00,20.00
15/09/2026,16:25:00,B03264,8909023343151,Thums Up Soft Drink 750ml,1,40.00,40.00
15/09/2026,16:25:00,B03264,8903835745424,Harpic Toilet Cleaner 500ml,1,99.00,99.00
15/09/2026,16:25:00,B03264,8905557725456,Fortune Sunflower Oil 1L,1,135.00,135.00
15/09/2026,16:30:54,B03265,8909501511089,Amul Taaza Milk 500ml,1,27.00,27.00
15/09/2026,16:30:54,B03265,,LOOSE ITEM,1,10.00,10.00
15/09/2026,16:33:03,B03266,8902853532528,Daawat Rozana Rice 5kg,1,340.00,340.00
15/09/2026,16:33:03,B03266,8908233620472,Good Knight Mosquito Refill 45ml,1,85.00,85.00
15/09/2026,16:33:34,B03267,8903839874342,Chik Shampoo Sachet 6ml,1,3.00,3.00
15/09/2026,16:41:09,B03268,8909501511089,Amul Taaza Milk 500ml,1,27.00,27.00
15/09/2026,17:05:09,B03269,8905331753835,Cadbury 5 Star 40g,1,20.00,20.00
15/09/2026,17:07:07,B03270,8906715612472,Dettol Soap 125g,1,45.00,45.00
15/09/2026,17:07:07,B03270,,LOOSE ITEM,1,35.00,35.00
15/09/2026,17:16:36,B03271,8908142746881,Santoor Soap 125g,1,35.00,35.00
15/09/2026,17:19:44,B03272,8903722609518,Horlicks Classic Malt 500g,1,255.00,255.00
15/09/2026,17:21:59,B03273,8907174824185,Madhur Sugar 1kg,1,48.00,48.00
15/09/2026,17:21:59,B03273,8909427653757,Parle Parle-G Biscuits 70g,1,10.00,10.00
15/09/2026,17:21:59,B03273,8904176990627,Lizol Floor Cleaner 500ml,1,99.00,99.00
15/09/2026,17:44:34,B03274,8907140272743,Haldiram Aloo Bhujia 42g,1,20.00,20.00
15/09/2026,17:44:36,B03275,8907174824185,Madhur Sugar 1kg,1,48.00,48.00
15/09/2026,17:47:54,B03276,8904196790184,Mother Dairy Toned Milk 500ml,1,27.00,27.00
15/09/2026,17:51:35,B03277,8906604803769,Cadbury Dairy Milk 50g,1,45.00,45.00
15/09/2026,18:00:37,B03278,8903839874342,Chik Shampoo Sachet 6ml,1,3.00,3.00
15/09/2026,18:00:44,B03279,8908084499371,Amul Butter 100g,1,62.00,62.00
15/09/2026,18:10:08,B03280,8902234478650,Vim Dishwash Bar 300g,1,30.00,30.00
15/09/2026,18:10:08,B03280,8905982374540,Clinic Plus Shampoo Sachet 6ml,1,3.00,3.00
15/09/2026,18:15:01,B03281,8909501511089,Amul Taaza Milk 500ml,1,27.00,27.00
15/09/2026,18:15:01,B03281,8907560856516,Nestle Munch 20g,1,10.00,10.00
15/09/2026,18:28:56,B03282,8904626778355,Britannia Bourbon 60g,1,10.00,10.00
15/09/2026,18:37:41,B03283,8909501511089,Amul Taaza Milk 500ml,1,27.00,27.00
15/09/2026,18:41:28,B03284,8904611794537,Fair & Lovely Face Cream 50g,1,125.00,125.00
15/09/2026,18:41:28,B03284,8909427653757,Parle Parle-G Biscuits 70g,1,10.00,10.00
15/09/2026,18:44:56,B03285,8907194704290,Maggi Masala Noodles 70g,1,14.00,14.00
15/09/2026,18:52:20,B03286,8907867306226,Rin Detergent Bar 250g,1,20.00,20.00
15/09/2026,18:53:49,B03287,8904626778355,Britannia Bourbon 60g,1,10.00,10.00
15/09/2026,19:12:58,B03288,8909427653757,Parle Parle-G Biscuits 70g,1,10.00,10.00
15/09/2026,19:12:58,B03288,8904196790184,Mother Dairy Toned Milk 500ml,1,27.00,27.00
15/09/2026,19:13:06,B03289,8902525262388,Lifebuoy Soap 125g,1,35.00,35.00
15/09/2026,19:13:14,B03290,8901469251052,Dabur Red Paste 100g,1,55.00,55.00
15/09/2026,19:15:34,B03291,8901943556130,Amul Gold Milk 500ml,1,33.00,33.00
15/09/2026,19:20:13,B03292,8908977405076,Center Fresh Chewing Gum 28g,1,10.00,10.00
15/09/2026,19:29:20,B03293,8901393160451,Coca-Cola Soft Drink 750ml,1,40.00,40.00
15/09/2026,19:29:20,B03293,8905270366202,Everest Turmeric Powder 200g,1,68.00,68.00
15/09/2026,19:29:20,B03293,8907560856516,Nestle Munch 20g,1,10.00,10.00
15/09/2026,19:29:43,B03294,8905982374540,Clinic Plus Shampoo Sachet 6ml,1,3.00,3.00
15/09/2026,19:36:11,B03295,8902961762459,Sundrop Peanut Butter 200g,1,135.00,135.00
15/09/2026,19:47:23,B03296,8902525262388,Lifebuoy Soap 125g,1,35.00,35.00
15/09/2026,19:53:48,B03297,8902228449239,Polo Mint Roll 28g,1,10.00,10.00
15/09/2026,20:00:13,B03298,,LOOSE ITEM,1,40.00,40.00
15/09/2026,20:05:01,B03299,8908757386939,Sunfeast Marie Light 75g,1,10.00,10.00
15/09/2026,20:05:07,B03300,8904116546181,Maggi Masala Noodles 4-pack 280g,1,56.00,56.00
15/09/2026,20:05:07,B03300,8903184899656,Fortune Sunflower Oil 5L,1,640.00,640.00
15/09/2026,20:06:31,B03301,8901393160451,Coca-Cola Soft Drink 750ml,1,40.00,40.00
15/09/2026,20:11:03,B03302,8909501511089,Amul Taaza Milk 500ml,1,27.00,27.00
15/09/2026,20:24:59,B03303,8905982374540,Clinic Plus Shampoo Sachet 6ml,1,3.00,3.00
15/09/2026,20:24:59,B03303,8906212271295,Clinic Plus Shampoo 175ml,1,99.00,99.00
15/09/2026,20:26:00,B03304,,LOOSE ITEM,1,35.00,35.00
15/09/2026,20:26:00,B03304,8909600566041,Cadbury Gems 17g,1,10.00,10.00
15/09/2026,20:58:03,B03305,8909713071128,Aashirvaad Atta 1kg,1,62.00,62.00
15/09/2026,20:58:03,B03305,8901393160451,Coca-Cola Soft Drink 750ml,1,40.00,40.00
15/09/2026,21:01:31,B03306,8904626778355,Britannia Bourbon 60g,1,10.00,10.00
15/09/2026,21:01:31,B03306,8904485193979,Tide Detergent Powder 1kg,1,115.00,115.00
15/09/2026,21:05:51,B03307,8904233433135,Lay's Classic Salted 52g,1,20.00,20.00
15/09/2026,21:05:51,B03307,8905982374540,Clinic Plus Shampoo Sachet 6ml,1,3.00,3.00
15/09/2026,21:05:51,B03307,8907197864939,Bingo Mad Angles 66g,1,20.00,20.00
15/09/2026,21:16:59,B03308,8909427653757,Parle Parle-G Biscuits 70g,1,10.00,10.00
15/09/2026,21:21:59,B03309,8901393160451,Coca-Cola Soft Drink 750ml,1,40.00,40.00
15/09/2026,21:21:59,B03309,8909746434730,Kissan Tomato Ketchup 950g,1,135.00,135.00
15/09/2026,21:25:44,B03310,8908996794274,MDH Chana Masala 100g,1,75.00,75.00
15/09/2026,21:26:10,B03311,8902172108503,Aashirvaad Atta 5kg,1,285.00,285.00
15/09/2026,21:34:06,B03312,8907560856516,Nestle Munch 20g,1,10.00,10.00
15/09/2026,21:34:06,B03312,8907844307079,Saffola Gold Oil 1L,1,175.00,175.00
15/09/2026,21:34:06,B03312,8905167752002,Vaseline Body Lotion 200ml,1,185.00,185.00
15/09/2026,21:46:27,B03313,8908233620472,Good Knight Mosquito Refill 45ml,1,85.00,85.00
15/09/2026,22:34:25,B03314,8906780453871,Red Label Tea 250g,1,135.00,135.00
16/09/2026,06:56:46,B03315,8907844307079,Saffola Gold Oil 1L,1,175.00,175.00
16/09/2026,06:56:46,B03315,8909567262253,Dhara Mustard Oil 1L,1,155.00,155.00
16/09/2026,07:00:03,B03316,8908079489875,Everest Garam Masala 100g,1,75.00,75.00
16/09/2026,07:30:10,B03317,8907637469151,Maaza Mango Drink 600ml,1,40.00,40.00
16/09/2026,07:30:10,B03317,8906710455012,Vim Dishwash Gel 500ml,1,115.00,115.00
16/09/2026,07:46:05,B03318,8904233433135,Lay's Classic Salted 52g,1,20.00,20.00
16/09/2026,08:07:00,B03319,8906118385591,Kissan Mixed Fruit Jam 500g,1,145.00,145.00
16/09/2026,08:07:00,B03319,8900635707409,Top Ramen Curry Noodles 70g,1,14.00,14.00
16/09/2026,08:19:39,B03320,8907436422074,Bisleri Water 1L,1,20.00,20.00
16/09/2026,08:19:39,B03320,8907560856516,Nestle Munch 20g,1,10.00,10.00
16/09/2026,08:24:50,B03321,8907174824185,Madhur Sugar 1kg,1,48.00,48.00
16/09/2026,08:32:42,B03322,8906780453871,Red Label Tea 250g,1,135.00,135.00
16/09/2026,08:32:42,B03322,8904611794537,Fair & Lovely Face Cream 50g,1,125.00,125.00
16/09/2026,08:32:42,B03322,8908401707462,Kurkure Masala Munch 90g,1,20.00,20.00
16/09/2026,08:37:33,B03323,8907637469151,Maaza Mango Drink 600ml,1,40.00,40.00
16/09/2026,08:37:33,B03323,8905982374540,Clinic Plus Shampoo Sachet 6ml,1,3.00,3.00
16/09/2026,08:38:34,B03324,8909136784575,Tata Salt 1kg,1,28.00,28.00
16/09/2026,08:44:17,B03325,8908996794274,MDH Chana Masala 100g,1,75.00,75.00
16/09/2026,08:51:28,B03326,8906743689880,Colgate Strong Teeth 100g,1,55.00,55.00
16/09/2026,08:56:29,B03327,8907436422074,Bisleri Water 1L,1,20.00,20.00
16/09/2026,08:57:19,B03328,8901943556130,Amul Gold Milk 500ml,1,33.00,33.00
16/09/2026,08:57:36,B03329,8905557725456,Fortune Sunflower Oil 1L,1,135.00,135.00
16/09/2026,08:57:36,B03329,8901393160451,Coca-Cola Soft Drink 750ml,1,40.00,40.00
16/09/2026,09:00:21,B03330,8906378779086,Surf Excel Easy Wash 1kg,1,125.00,125.00
16/09/2026,09:00:21,B03330,8908401707462,Kurkure Masala Munch 90g,1,20.00,20.00
16/09/2026,09:00:21,B03330,8904196790184,Mother Dairy Toned Milk 500ml,1,27.00,27.00
16/09/2026,09:05:52,B03331,8909534043717,Amul Masti Dahi 400g,1,45.00,45.00
16/09/2026,09:06:21,B03332,8906378779086,Surf Excel Easy Wash 1kg,1,125.00,125.00
16/09/2026,09:06:21,B03332,8903632424966,Nestle KitKat 37g,1,20.00,20.00
16/09/2026,09:13:00,B03333,8907197864939,Bingo Mad Angles 66g,1,20.00,20.00
16/09/2026,09:18:15,B03334,8909136784575,Tata Salt 1kg,1,28.00,28.00
16/09/2026,09:18:15,B03334,8909501511089,Amul Taaza Milk 500ml,1,27.00,27.00
16/09/2026,09:19:35,B03335,8904626778355,Britannia Bourbon 60g,1,10.00,10.00
16/09/2026,09:19:35,B03335,8902234478650,Vim Dishwash Bar 300g,1,30.00,30.00
16/09/2026,09:22:45,B03336,8909746434730,Kissan Tomato Ketchup 950g,1,135.00,135.00
16/09/2026,09:40:24,B03337,8903632424966,Nestle KitKat 37g,1,20.00,20.00
16/09/2026,09:43:38,B03338,8908401707462,Kurkure Masala Munch 90g,1,20.00,20.00
16/09/2026,09:47:00,B03339,8907140272743,Haldiram Aloo Bhujia 42g,1,20.00,20.00
16/09/2026,09:47:00,B03339,8903839874342,Chik Shampoo Sachet 6ml,1,3.00,3.00
16/09/2026,09:49:25,B03340,8909136784575,Tata Salt 1kg,1,28.00,28.00
16/09/2026,10:01:40,B03341,8909501511089,Amul Taaza Milk 500ml,1,27.00,27.00
16/09/2026,10:06:59,B03342,8907436422074,Bisleri Water 1L,1,20.00,20.00
16/09/2026,10:09:04,B03343,8902228449239,Polo Mint Roll 28g,1,10.00,10.00
16/09/2026,10:27:52,B03344,8903722609518,Horlicks Classic Malt 500g,1,255.00,255.00
16/09/2026,10:27:52,B03344,8909600566041,Cadbury Gems 17g,1,10.00,10.00
16/09/2026,10:34:09,B03345,8903003453342,Head&Shoulders Anti-Dandruff 180ml,1,185.00,185.00
16/09/2026,10:44:05,B03346,8909136784575,Tata Salt 1kg,1,28.00,28.00
16/09/2026,10:44:05,B03346,8906715612472,Dettol Soap 125g,1,45.00,45.00
16/09/2026,10:46:39,B03347,8909600566041,Cadbury Gems 17g,1,10.00,10.00
16/09/2026,10:57:19,B03348,8909600566041,Cadbury Gems 17g,1,10.00,10.00
16/09/2026,11:06:09,B03349,,LOOSE ITEM,1,30.00,30.00
16/09/2026,11:08:38,B03350,8907197864939,Bingo Mad Angles 66g,1,20.00,20.00
16/09/2026,11:12:40,B03351,8907560856516,Nestle Munch 20g,1,10.00,10.00
16/09/2026,11:12:40,B03351,8903632424966,Nestle KitKat 37g,1,20.00,20.00
16/09/2026,11:12:40,B03351,8908944388630,Fortune Soyabean Oil 1L,1,125.00,125.00
16/09/2026,11:15:42,B03352,8909427653757,Parle Parle-G Biscuits 70g,1,10.00,10.00
16/09/2026,11:15:42,B03352,8909136784575,Tata Salt 1kg,1,28.00,28.00
16/09/2026,11:30:52,B03353,8904485193979,Tide Detergent Powder 1kg,1,115.00,115.00
16/09/2026,11:30:52,B03353,8908996794274,MDH Chana Masala 100g,1,75.00,75.00
16/09/2026,11:30:52,B03353,8907436422074,Bisleri Water 1L,1,20.00,20.00
16/09/2026,11:31:07,B03354,8903277964018,Medimix Soap 125g,1,40.00,40.00
16/09/2026,11:31:07,B03354,8901393160451,Coca-Cola Soft Drink 750ml,1,40.00,40.00
16/09/2026,11:50:54,B03355,,LOOSE ITEM,1,40.00,40.00
16/09/2026,12:07:05,B03356,8907637469151,Maaza Mango Drink 600ml,1,40.00,40.00
16/09/2026,12:30:57,B03357,8904626778355,Britannia Bourbon 60g,1,10.00,10.00
16/09/2026,12:31:07,B03358,8909427653757,Parle Parle-G Biscuits 70g,1,10.00,10.00
16/09/2026,12:47:20,B03359,8902228449239,Polo Mint Roll 28g,1,10.00,10.00
16/09/2026,12:58:12,B03360,8900248761133,Britannia Good Day Cashew 75g,1,10.00,10.00
16/09/2026,12:58:12,B03360,8904657151196,Lux Soap 100g,1,35.00,35.00
16/09/2026,12:58:12,B03360,8909501511089,Amul Taaza Milk 500ml,1,27.00,27.00
16/09/2026,13:03:06,B03361,8907637469151,Maaza Mango Drink 600ml,1,40.00,40.00
16/09/2026,13:15:45,B03362,8906036439130,Cadbury Perk 35g,1,20.00,20.00
16/09/2026,13:15:45,B03362,8904657151196,Lux Soap 100g,1,35.00,35.00
16/09/2026,13:17:16,B03363,8907194704290,Maggi Masala Noodles 70g,1,14.00,14.00
16/09/2026,13:42:22,B03364,8909567262253,Dhara Mustard Oil 1L,1,155.00,155.00
16/09/2026,13:43:55,B03365,8905800014993,Bru Instant Coffee 50g,1,155.00,155.00
16/09/2026,13:43:55,B03365,8902473535046,Kinley Water 1L,1,20.00,20.00
16/09/2026,14:01:24,B03366,8902172108503,Aashirvaad Atta 5kg,1,285.00,285.00
16/09/2026,14:01:24,B03366,8903711049158,Mentos Mint Roll 29g,1,10.00,10.00
16/09/2026,14:22:26,B03367,8907844307079,Saffola Gold Oil 1L,1,175.00,175.00
16/09/2026,14:23:32,B03368,8903401125742,Frooti Mango Drink 600ml,1,40.00,40.00
16/09/2026,14:29:19,B03369,8908142746881,Santoor Soap 125g,1,35.00,35.00
16/09/2026,14:29:19,B03369,8903839874342,Chik Shampoo Sachet 6ml,1,3.00,3.00
16/09/2026,14:36:02,B03370,8907174824185,Madhur Sugar 1kg,1,48.00,48.00
16/09/2026,14:36:02,B03370,8903401125742,Frooti Mango Drink 600ml,1,40.00,40.00
16/09/2026,14:36:02,B03370,8902473535046,Kinley Water 1L,1,20.00,20.00
16/09/2026,14:39:18,B03371,8909501511089,Amul Taaza Milk 500ml,1,27.00,27.00
16/09/2026,14:39:18,B03371,8907194704290,Maggi Masala Noodles 70g,1,14.00,14.00
16/09/2026,14:39:18,B03371,8904196790184,Mother Dairy Toned Milk 500ml,1,27.00,27.00
16/09/2026,15:00:44,B03372,8904196790184,Mother Dairy Toned Milk 500ml,1,27.00,27.00
16/09/2026,15:28:49,B03373,8909427653757,Parle Parle-G Biscuits 70g,1,10.00,10.00
16/09/2026,15:38:10,B03374,,LOOSE ITEM,1,45.00,45.00
16/09/2026,16:10:16,B03375,8903401125742,Frooti Mango Drink 600ml,1,40.00,40.00
16/09/2026,17:09:35,B03376,8907174824185,Madhur Sugar 1kg,1,48.00,48.00
16/09/2026,17:09:35,B03376,8908373852658,Closeup Red Hot 150g,1,95.00,95.00
16/09/2026,17:22:05,B03377,8907194704290,Maggi Masala Noodles 70g,1,14.00,14.00
16/09/2026,17:22:05,B03377,8901193121348,India Gate Basmati Rice 1kg,1,135.00,135.00
16/09/2026,17:22:05,B03377,8903280387262,Tata Tea Gold 250g,1,145.00,145.00
16/09/2026,17:28:53,B03378,8904626778355,Britannia Bourbon 60g,1,10.00,10.00
16/09/2026,17:28:53,B03378,8903238955901,Wheel Detergent Powder 1kg,1,62.00,62.00
16/09/2026,17:28:53,B03378,8903711049158,Mentos Mint Roll 29g,1,10.00,10.00
16/09/2026,17:40:03,B03379,8907560856516,Nestle Munch 20g,1,10.00,10.00
16/09/2026,17:40:03,B03379,8906576251407,Colgate MaxFresh 150g,1,99.00,99.00
16/09/2026,17:45:49,B03380,8909120041196,Surf Excel Easy Wash 500g,1,68.00,68.00
16/09/2026,17:45:49,B03380,8904872245939,Tropicana Orange Juice 1L,1,125.00,125.00
16/09/2026,17:55:45,B03381,8909600566041,Cadbury Gems 17g,1,10.00,10.00
16/09/2026,18:00:38,B03382,8902234478650,Vim Dishwash Bar 300g,1,30.00,30.00
16/09/2026,18:00:38,B03382,8909600566041,Cadbury Gems 17g,1,10.00,10.00
16/09/2026,18:04:45,B03383,8904657151196,Lux Soap 100g,1,35.00,35.00
16/09/2026,18:04:45,B03383,8906715612472,Dettol Soap 125g,1,45.00,45.00
16/09/2026,18:04:45,B03383,8903711049158,Mentos Mint Roll 29g,1,10.00,10.00
16/09/2026,18:09:19,B03384,8903003453342,Head&Shoulders Anti-Dandruff 180ml,1,185.00,185.00
16/09/2026,18:11:57,B03385,,LOOSE ITEM,1,40.00,40.00
16/09/2026,18:17:05,B03386,8902473535046,Kinley Water 1L,1,20.00,20.00
16/09/2026,18:35:35,B03387,8907197864939,Bingo Mad Angles 66g,1,20.00,20.00
16/09/2026,18:38:49,B03388,8907867306226,Rin Detergent Bar 250g,1,20.00,20.00
16/09/2026,18:42:27,B03389,8901943556130,Amul Gold Milk 500ml,1,33.00,33.00
16/09/2026,18:54:11,B03390,8908977405076,Center Fresh Chewing Gum 28g,1,10.00,10.00
16/09/2026,19:01:49,B03391,8903839874342,Chik Shampoo Sachet 6ml,1,3.00,3.00
16/09/2026,19:05:14,B03392,8906715612472,Dettol Soap 125g,1,45.00,45.00
16/09/2026,19:11:31,B03393,8907140272743,Haldiram Aloo Bhujia 42g,1,20.00,20.00
16/09/2026,19:13:42,B03394,8907197864939,Bingo Mad Angles 66g,1,20.00,20.00
16/09/2026,19:21:15,B03395,8902525262388,Lifebuoy Soap 125g,1,35.00,35.00
16/09/2026,19:21:15,B03395,8906751908089,Dettol Antiseptic Liquid 125ml,1,75.00,75.00
16/09/2026,19:29:54,B03396,8903280387262,Tata Tea Gold 250g,1,145.00,145.00
16/09/2026,19:33:25,B03397,8904626778355,Britannia Bourbon 60g,1,10.00,10.00
16/09/2026,19:38:02,B03398,8908142746881,Santoor Soap 125g,1,35.00,35.00
16/09/2026,19:41:23,B03399,8907140272743,Haldiram Aloo Bhujia 42g,1,20.00,20.00
16/09/2026,19:41:23,B03399,8904196790184,Mother Dairy Toned Milk 500ml,1,27.00,27.00
16/09/2026,19:42:00,B03400,8902525262388,Lifebuoy Soap 125g,1,35.00,35.00
16/09/2026,19:49:36,B03401,8909567262253,Dhara Mustard Oil 1L,1,155.00,155.00
16/09/2026,19:52:16,B03402,8906036439130,Cadbury Perk 35g,1,20.00,20.00
16/09/2026,19:54:24,B03403,8902853532528,Daawat Rozana Rice 5kg,1,340.00,340.00
16/09/2026,19:59:29,B03404,8907956866624,Colin Glass Cleaner 500ml,1,95.00,95.00
16/09/2026,20:03:41,B03405,8907194704290,Maggi Masala Noodles 70g,1,14.00,14.00
16/09/2026,20:05:17,B03406,8902473535046,Kinley Water 1L,1,20.00,20.00
16/09/2026,20:05:17,B03406,8908401707462,Kurkure Masala Munch 90g,2,20.00,40.00
16/09/2026,20:13:33,B03407,8909567262253,Dhara Mustard Oil 1L,1,155.00,155.00
16/09/2026,20:13:33,B03407,8906780453871,Red Label Tea 250g,1,135.00,135.00
16/09/2026,20:13:33,B03407,8909023343151,Thums Up Soft Drink 750ml,1,40.00,40.00
16/09/2026,20:21:44,B03408,8900257989146,Parle Krackjack 70g,1,10.00,10.00
16/09/2026,20:25:26,B03409,8907174824185,Madhur Sugar 1kg,1,48.00,48.00
16/09/2026,20:25:26,B03409,8903632424966,Nestle KitKat 37g,1,20.00,20.00
16/09/2026,20:25:26,B03409,8906710455012,Vim Dishwash Gel 500ml,1,115.00,115.00
16/09/2026,20:26:00,B03410,8908944388630,Fortune Soyabean Oil 1L,1,125.00,125.00
16/09/2026,20:58:21,B03411,8906780453871,Red Label Tea 250g,1,135.00,135.00
16/09/2026,21:18:37,B03412,8906604803769,Cadbury Dairy Milk 50g,1,45.00,45.00
16/09/2026,21:18:37,B03412,8904472281122,Gillette Shaving Cream 70g,1,99.00,99.00
16/09/2026,21:33:10,B03413,8907560856516,Nestle Munch 20g,1,10.00,10.00
16/09/2026,21:33:10,B03413,8904233433135,Lay's Classic Salted 52g,1,20.00,20.00
16/09/2026,21:35:11,B03414,8907956866624,Colin Glass Cleaner 500ml,1,95.00,95.00
16/09/2026,21:38:06,B03415,8908142746881,Santoor Soap 125g,1,35.00,35.00
16/09/2026,21:38:06,B03415,8907867306226,Rin Detergent Bar 250g,1,20.00,20.00
16/09/2026,21:38:06,B03415,8902525262388,Lifebuoy Soap 125g,1,35.00,35.00
16/09/2026,22:19:59,B03416,8906604803769,Cadbury Dairy Milk 50g,1,45.00,45.00
16/09/2026,22:19:59,B03416,8907637469151,Maaza Mango Drink 600ml,1,40.00,40.00
